  0
SECTION
  2
HEADER
  9
$ACADVER
  1
AC1012
  9
$DWGCODEPAGE
  3
ANSI_1252
  9
$INSBASE
 10
0.0
 20
0.0
 30
0.0
  9
$EXTMIN
 10
-771.191643171967
 20
-928.182408668956
 30
0.0
  9
$EXTMAX
 10
 760.31531244834
 20
 375.582611083984
 30
0.0
  9
$LIMMIN
 10
-771.191643171967
 20
-928.182408668956
  9
$LIMMAX
 10
 760.31531244834
 20
 375.582611083984
  9
$ORTHOMODE
 70
     0
  9
$REGENMODE
 70
     1
  9
$FILLMODE
 70
     1
  9
$QTEXTMODE
 70
     0
  9
$MIRRTEXT
 70
     1
  9
$DRAGMODE
 70
     2
  9
$LTSCALE
 40
1.0
  9
$OSMODE
 70
     0
  9
$ATTMODE
 70
     1
  9
$TEXTSIZE
 40
20.0
  9
$TRACEWID
 40
1.0
  9
$TEXTSTYLE
  7
STANDARD
  9
$CLAYER
  8
0
  9
$CELTYPE
  6
BYLAYER
  9
$CECOLOR
 62
   256
  9
$CELTSCALE
 40
1.0
  9
$DELOBJ
 70
     1
  9
$DISPSILH
 70
     0
  9
$DIMSCALE
 40
1.0
  9
$DIMASZ
 40
2.5
  9
$DIMEXO
 40
0.625
  9
$DIMDLI
 40
3.75
  9
$DIMRND
 40
0.0
  9
$DIMDLE
 40
0.0
  9
$DIMEXE
 40
1.25
  9
$DIMTP
 40
0.0
  9
$DIMTM
 40
0.0
  9
$DIMTXT
 40
2.5
  9
$DIMCEN
 40
2.5
  9
$DIMTSZ
 40
0.0
  9
$DIMTOL
 70
     0
  9
$DIMLIM
 70
     0
  9
$DIMTIH
 70
     0
  9
$DIMTOH
 70
     0
  9
$DIMSE1
 70
     0
  9
$DIMSE2
 70
     0
  9
$DIMTAD
 70
     1
  9
$DIMZIN
 70
     8
  9
$DIMBLK
  1

  9
$DIMASO
 70
     1
  9
$DIMSHO
 70
     1
  9
$DIMPOST
  1

  9
$DIMAPOST
  1

  9
$DIMALT
 70
     0
  9
$DIMALTD
 70
     4
  9
$DIMALTF
 40
0.0394
  9
$DIMLFAC
 40
1.0
  9
$DIMTOFL
 70
     1
  9
$DIMTVP
 40
0.0
  9
$DIMTIX
 70
     0
  9
$DIMSOXD
 70
     0
  9
$DIMSAH
 70
     0
  9
$DIMBLK1
  1

  9
$DIMBLK2
  1

  9
$DIMSTYLE
  2
STANDARD
  9
$DIMCLRD
 70
     0
  9
$DIMCLRE
 70
     0
  9
$DIMCLRT
 70
     0
  9
$DIMTFAC
 40
1.0
  9
$DIMGAP
 40
0.625
  9
$DIMJUST
 70
     0
  9
$DIMSD1
 70
     0
  9
$DIMSD2
 70
     0
  9
$DIMTOLJ
 70
     1
  9
$DIMTZIN
 70
     0
  9
$DIMALTZ
 70
     0
  9
$DIMALTTZ
 70
     0
  9
$DIMFIT
 70
     3
  9
$DIMUPT
 70
     0
  9
$DIMUNIT
 70
     8
  9
$DIMDEC
 70
     4
  9
$DIMTDEC
 70
     4
  9
$DIMALTU
 70
     8
  9
$DIMALTTD
 70
     4
  9
$DIMTXSTY
  7
STANDARD
  9
$DIMAUNIT
 70
     0
  9
$LUNITS
 70
     2
  9
$LUPREC
 70
     4
  9
$SKETCHINC
 40
1.0
  9
$FILLETRAD
 40
10.0
  9
$AUNITS
 70
     0
  9
$AUPREC
 70
     0
  9
$MENU
  1
acad
  9
$ELEVATION
 40
0.0
  9
$PELEVATION
 40
0.0
  9
$THICKNESS
 40
0.0
  9
$LIMCHECK
 70
     0
  9
$BLIPMODE
 70
     0
  9
$CHAMFERA
 40
10.0
  9
$CHAMFERB
 40
10.0
  9
$CHAMFERC
 40
20.0
  9
$CHAMFERD
 40
0.0
  9
$SKPOLY
 70
     0
  9
$TDCREATE
 40
2451873.740232176
  9
$TDUPDATE
 40
2451873.740232176
  9
$TDINDWG
 40
0.0000000000
  9
$TDUSRTIMER
 40
0.0000000000
  9
$USRTIMER
 70
     1
  9
$ANGBASE
 50
0.0
  9
$ANGDIR
 70
     0
  9
$PDMODE
 70
     0
  9
$PDSIZE
 40
0.0
  9
$PLINEWID
 40
0.0
  9
$COORDS
 70
     1
  9
$SPLFRAME
 70
     0
  9
$SPLINETYPE
 70
     6
  9
$SPLINESEGS
 70
     8
  9
$ATTDIA
 70
     0
  9
$ATTREQ
 70
     1
  9
$HANDLING
 70
     1
  9
$HANDSEED
  5
 2772
  9
$SURFTAB1
 70
     6
  9
$SURFTAB2
 70
     6
  9
$SURFTYPE
 70
     6
  9
$SURFU
 70
     6
  9
$SURFV
 70
     6
  9
$UCSNAME
  2

  9
$UCSORG
 10
0.0
 20
0.0
 30
0.0
  9
$UCSXDIR
 10
1.0
 20
0.0
 30
0.0
  9
$UCSYDIR
 10
0.0
 20
1.0
 30
0.0
  9
$PUCSNAME
  2

  9
$PUCSORG
 10
0.0
 20
0.0
 30
0.0
  9
$PUCSXDIR
 10
1.0
 20
0.0
 30
0.0
  9
$PUCSYDIR
 10
0.0
 20
1.0
 30
0.0
  9
$USERI1
 70
     0
  9
$USERI2
 70
     0
  9
$USERI3
 70
     0
  9
$USERI4
 70
     0
  9
$USERI5
 70
     0
  9
$USERR1
 40
0.0
  9
$USERR2
 40
0.0
  9
$USERR3
 40
0.0
  9
$USERR4
 40
0.0
  9
$USERR5
 40
0.0
  9
$WORLDVIEW
 70
     1
  9
$SHADEDGE
 70
     3
  9
$SHADEDIF
 70
    70
  9
$TILEMODE
 70
     1
  9
$MAXACTVP
 70
    48
  9
$PINSBASE
 10
0.0
 20
0.0
 30
0.0
  9
$PLIMCHECK
 70
     0
  9
$PEXTMIN
 10
1.000000E+20
 20
1.000000E+20
 30
1.000000E+20
  9
$PEXTMAX
 10
-1.000000E+20
 20
-1.000000E+20
 30
-1.000000E+20
  9
$PLIMMIN
 10
0.0
 20
0.0
  9
$PLIMMAX
 10
420.0
 20
297.0
  9
$UNITMODE
 70
     0
  9
$VISRETAIN
 70
     1
  9
$PLINEGEN
 70
     0
  9
$PSLTSCALE
 70
     1
  9
$TREEDEPTH
 70
  3020
  9
$PICKSTYLE
 70
     1
  9
$CMLSTYLE
  2
STANDARD
  9
$CMLJUST
 70
     0
  9
$CMLSCALE
 40
20.0
  9
$SAVEIMAGES
 70
     1
  0
ENDSEC
  0
SECTION
  2
CLASSES
  0
ENDSEC
  0
SECTION
  2
TABLES
  0
TABLE
  2
VPORT
  5
1
100
AcDbSymbolTable
 70
     2
  0
VPORT
  5
2
100
AcDbSymbolTableRecord
100
AcDbViewportTableRecord
  2
*ACTIVE
 70
     0
 10
0.0
 20
0.0
 11
1.0
 21
1.0
 12
226.4625
 22
148.5
 13
0.0
 23
0.0
 14
10.0
 24
10.0
 15
10.0
 25
10.0
 16
0.0
 26
0.0
 36
1.0
 17
0.0
 27
0.0
 37
0.0
 40
297.0
 41
1.525
 42
50.0
 43
0.0
 44
0.0
 50
0.0
 51
0.0
 71
     0
 72
   100
 73
     1
 74
     1
 75
     0
 76
     0
 77
     0
 78
     0
  0
ENDTAB
  0
TABLE
  2
LTYPE
  5
3
100
AcDbSymbolTable
 70
     1
  0
LTYPE
  5
4
100
AcDbSymbolTableRecord
100
AcDbLinetypeTableRecord
  2
BYBLOCK
 70
     0
  3

 72
    65
 73
     0
 40
0.0
  0
LTYPE
  5
5
100
AcDbSymbolTableRecord
100
AcDbLinetypeTableRecord
  2
BYLAYER
 70
     0
  3

 72
    65
 73
     0
 40
0.0
  0
LTYPE
  5
6
100
AcDbSymbolTableRecord
100
AcDbLinetypeTableRecord
  2
CONTINUOUS
 70
     0
  3
SOLID LINE
 72
    65
 73
     0
 40
0.0
  0
LTYPE
  5
7
100
AcDbSymbolTableRecord
100
AcDbLinetypeTableRecord
  2
CONTINUOUS1
 70
     0
  3
SOLID LINE
 72
    65
 73
     0
 40
0.0
  0
LTYPE
  5
8
100
AcDbSymbolTableRecord
100
AcDbLinetypeTableRecord
  2
CONTINUOUS2
 70
     0
  3
SOLID LINE
 72
    65
 73
     0
 40
0.0
  0
LTYPE
  5
9
100
AcDbSymbolTableRecord
100
AcDbLinetypeTableRecord
  2
DASHED
 70
     0
  3
__ __ __ __ __ __ __ __ __ __ __ __ __ __ __
 72
    65
 73
     2
 40
0.75
 49
0.5
 74
     0
 49
-0.25
 74
     0
  0
LTYPE
  5
10
100
AcDbSymbolTableRecord
100
AcDbLinetypeTableRecord
  2
DASHED2
 70
     0
  3
_ _ _ _ _ _ _ _ _ _ _ _ _ _ _ _ _ _ _ _ _ _ _ _
 72
    65
 73
     2
 40
0.375
 49
0.25
 74
     0
 49
-0.125
 74
     0
  0
LTYPE
  5
11
100
AcDbSymbolTableRecord
100
AcDbLinetypeTableRecord
  2
BORDER2
 70
     0
  3
___ _ ___ _ ___ _ ___ _ ___ _ ___ _ ___ _ ___ _
 72
    65
 73
     4
 40
1.125
 49
0.75
 74
     0
 49
-0.125
 74
     0
 49
0.125
 74
     0
 49
-0.125
 74
     0
  0
LTYPE
  5
12
100
AcDbSymbolTableRecord
100
AcDbLinetypeTableRecord
  2
DIVIDE
 70
     0
  3
_____ _ _ _____ _ _ _____ _ _ _____ _ _ ____
 72
    65
 73
     6
 40
2.5
 49
1.25
 74
     0
 49
-0.25
 74
     0
 49
0.25
 74
     0
 49
-0.25
 74
     0
 49
0.25
 74
     0
 49
-0.25
 74
     0
  0
ENDTAB
  0
TABLE
  2
LAYER
  5
13
100
AcDbSymbolTable
 70
     2
  0
LAYER
 5
 37
100
AcDbSymbolTableRecord
100
AcDbLayerTableRecord
 2
0
 70
   0
 62
7
 6
CONTINUOUS
  0
LAYER
 5
 38
100
AcDbSymbolTableRecord
100
AcDbLayerTableRecord
 2
Coupe_Sens_Horaire
 70
   0
 62
7
 6
CONTINUOUS
  0
LAYER
 5
 39
100
AcDbSymbolTableRecord
100
AcDbLayerTableRecord
 2
Cotation
 70
   0
 62
7
 6
CONTINUOUS
  0
LAYER
 5
 40
100
AcDbSymbolTableRecord
100
AcDbLayerTableRecord
 2
Marquage
 70
   0
 62
7
 6
CONTINUOUS
  0
ENDTAB
  0
TABLE
  2
VIEW
  5
16
100
AcDbSymbolTable
 70
     0
  0
ENDTAB
  0
TABLE
  2
UCS
  5
17
100
AcDbSymbolTable
 70
     0
  0
ENDTAB
  0
TABLE
  2
APPID
  5
18
100
AcDbSymbolTable
 70
     1
  0
APPID
  5
19
100
AcDbSymbolTableRecord
100
AcDbRegAppTableRecord
  2
ACAD
 70
     0
  0
ENDTAB
  0
TABLE
  2
DIMSTYLE
  5
20
100
AcDbSymbolTable
 70
     1
  0
DIMSTYLE
105
36
102
{ACAD_REACTORS
330
3D
102
}
100
AcDbSymbolTableRecord
100
AcDbDimStyleTableRecord
  2
STANDARD
 70
     0
  3

  4

  5

  6

  7

 40
1.0
 41
 18.6575215490234
 42
 5.79470629355754
 43
0.38
 44
 19.3156876451918
 45
0.0
 46
0.0
 47
0.0
 48
0.0
140
 24.2850180555101
141
0.09
142
0.0
143
25.4
144
1.0
145
0.0
146
1.0
147
 4.82892191129795
 71
     0
 72
     0
 73
     1
 74
     1
 75
     0
 76
     0
 77
     0
 78
     0
170
     0
171
     2
172
     0
173
     0
174
     0
175
     0
176
5
177
5
178
7
179
 2
340
COTATION
270
     2
271
     4
272
     4
273
     2
274
     2
275
     0
280
     0
281
     0
282
     0
283
     1
284
     0
285
     0
286
     0
287
     3
288
     0
  0
ENDTAB
  0
TABLE
  2
BLOCK_RECORD
  5
33
100
AcDbSymbolTable
 70
     1
  0
BLOCK_RECORD
  5
34
100
AcDbSymbolTableRecord
100
AcDbBlockTableRecord
  2
*MODEL_SPACE
  0
BLOCK_RECORD
  5
35
100
AcDbSymbolTableRecord
100
AcDbBlockTableRecord
  2
*PAPER_SPACE
  0
BLOCK_RECORD
 5
 41
100
AcDbSymbolTableRecord
100
AcDbBlockTableRecord
  2
*D0
  0
BLOCK_RECORD
 5
 55
100
AcDbSymbolTableRecord
100
AcDbBlockTableRecord
  2
*D1
  0
BLOCK_RECORD
 5
 69
100
AcDbSymbolTableRecord
100
AcDbBlockTableRecord
  2
*D2
  0
BLOCK_RECORD
 5
 82
100
AcDbSymbolTableRecord
100
AcDbBlockTableRecord
  2
*D3
  0
BLOCK_RECORD
 5
 96
100
AcDbSymbolTableRecord
100
AcDbBlockTableRecord
  2
*D4
  0
BLOCK_RECORD
 5
 110
100
AcDbSymbolTableRecord
100
AcDbBlockTableRecord
  2
*D5
  0
BLOCK_RECORD
 5
 124
100
AcDbSymbolTableRecord
100
AcDbBlockTableRecord
  2
*D6
  0
BLOCK_RECORD
 5
 138
100
AcDbSymbolTableRecord
100
AcDbBlockTableRecord
  2
*D7
  0
BLOCK_RECORD
 5
 152
100
AcDbSymbolTableRecord
100
AcDbBlockTableRecord
  2
*D8
  0
BLOCK_RECORD
 5
 166
100
AcDbSymbolTableRecord
100
AcDbBlockTableRecord
  2
*D9
  0
BLOCK_RECORD
 5
 180
100
AcDbSymbolTableRecord
100
AcDbBlockTableRecord
  2
*D10
  0
BLOCK_RECORD
 5
 194
100
AcDbSymbolTableRecord
100
AcDbBlockTableRecord
  2
*D11
  0
BLOCK_RECORD
 5
 208
100
AcDbSymbolTableRecord
100
AcDbBlockTableRecord
  2
*D12
  0
BLOCK_RECORD
 5
 222
100
AcDbSymbolTableRecord
100
AcDbBlockTableRecord
  2
*D13
  0
BLOCK_RECORD
 5
 236
100
AcDbSymbolTableRecord
100
AcDbBlockTableRecord
  2
*D14
  0
BLOCK_RECORD
 5
 250
100
AcDbSymbolTableRecord
100
AcDbBlockTableRecord
  2
*D15
  0
BLOCK_RECORD
 5
 264
100
AcDbSymbolTableRecord
100
AcDbBlockTableRecord
  2
*D16
  0
BLOCK_RECORD
 5
 278
100
AcDbSymbolTableRecord
100
AcDbBlockTableRecord
  2
*D17
  0
BLOCK_RECORD
 5
 292
100
AcDbSymbolTableRecord
100
AcDbBlockTableRecord
  2
*D18
  0
ENDTAB
  0
TABLE
  2
STYLE
 5
 306
100
AcDbSymbolTable
 70
 1
 0
STYLE
 5
 307
100
AcDbSymbolTableRecord
100
AcDbTextStyleTableRecord
 2
STANDARD
 70
   0
 40
 60 
 41
1.0
 50
0.0
 71
   0
 42
 60
 3

 4

1001
ACAD
1000
Arial
1071
 18
  0
STYLE
 5
 308
100
AcDbSymbolTableRecord
100
AcDbTextStyleTableRecord
 2
COTATION
 70
   0
 40
 10 
 41
1.0
 50
0.0
 71
   0
 42
 10
 3

 4

1001
ACAD
1000
Arial
1071
 18
  0
ENDTAB
  0
ENDSEC
  0
SECTION
  2
BLOCKS
  0
BLOCK
  5
25
100
AcDbEntity
  8
0
100
AcDbBlockBegin
  2
*MODEL_SPACE
 70
     0
 10
0.0
 20
0.0
 30
0.0
  3
*MODEL_SPACE
  1

  0
ENDBLK
  5
26
100
AcDbEntity
  8
0
100
AcDbBlockEnd
  0
BLOCK
  5
27
100
AcDbEntity
 67
     1
  8
0
100
AcDbBlockBegin
  2
*PAPER_SPACE
 70
     0
 10
0.0
 20
0.0
 30
0.0
  3
*PAPER_SPACE
  1

  0
ENDBLK
  5
28
100
AcDbEntity
 67
     1
  8
0
100
AcDbBlockEnd
  0
BLOCK
 5
 42
100
AcDbEntity
  8
0
100
AcDbBlockBegin
  2
*D0
  70
65
 10
0.0
 20
0.0
  0
TEXT
 5
 43
100
AcDbEntity
  8
Cotation
60
1
100
AcDbText
 62
256
 10
 0
 20
 0
 40
 10
  1
NIL
  7
STANDARD
100
AcDbText
  0
TEXT
 5
 44
100
AcDbEntity
  8
Cotation
60
1
100
AcDbText
 62
256
 10
 0
 20
 0
 40
 10
  1
NIL
  7
STANDARD
100
AcDbText
  0
TEXT
 5
 45
100
AcDbEntity
  8
Cotation
60
1
100
AcDbText
 62
256
 10
 0
 20
 0
 40
 10
  1
1225
  7
STANDARD
100
AcDbText
  0
LINE
 5
 46
100
AcDbEntity
  8
Cotation
100
AcDbLine
 62
5
  6
BYLAYER
 10
-595.330383300781
 20
-131.290209001792
 11
-595.330383300781
 21
-25.6130396342669
  0
LINE
 5
 47
100
AcDbEntity
  8
Cotation
100
AcDbLine
 62
5
  6
BYLAYER
 10
 629.669616699219
 20
-131.290209001792
 11
 629.669616699219
 21
-25.6130396342669
  0
LINE
 5
 48
100
AcDbEntity
  8
Cotation
100
AcDbLine
 62
5
  6
BYLAYER
 10
-595.330383300781
 20
-39.3745498657227
 11
-582.037785159477
 21
-35.8128089284487
  0
LINE
 5
 49
100
AcDbEntity
  8
Cotation
100
AcDbLine
 62
5
  6
BYLAYER
 10
-595.330383300781
 20
-39.3745498657227
 11
-582.037785159477
 21
-42.9362908029966
  0
LINE
 5
 50
100
AcDbEntity
  8
Cotation
100
AcDbLine
 62
5
  6
BYLAYER
 10
 629.669616699219
 20
-39.3745498657227
 11
 616.377018557915
 21
-35.8128089284487
  0
LINE
 5
 51
100
AcDbEntity
  8
Cotation
100
AcDbLine
 62
5
  6
BYLAYER
 10
 629.669616699219
 20
-39.3745498657227
 11
 616.377018557915
 21
-42.9362908029966
  0
TEXT
 5
 52
100
AcDbEntity
  8
Cotation
100
AcDbText
 62
7
 10
-20.4248188241155
 20
-35.9341723078587
 40
 24.2850180555101
  1
1225
  7
COTATION
100
AcDbText
  0
LINE
 5
 53
100
AcDbEntity
  8
Cotation
100
AcDbLine
 62
5
  6
BYLAYER
 10
-595.330383300781
 20
-39.3745498657227
 11
 629.669616699219
 21
-39.3745498657227
  0
ENDBLK
 5
 54
100
AcDbEntity
  8
0
100
AcDbBlockEnd
  0
BLOCK
 5
 56
100
AcDbEntity
  8
0
100
AcDbBlockBegin
  2
*D1
  70
65
 10
0.0
 20
0.0
  0
TEXT
 5
 57
100
AcDbEntity
  8
Cotation
60
1
100
AcDbText
 62
256
 10
 0
 20
 0
 40
 10
  1
NIL
  7
STANDARD
100
AcDbText
  0
TEXT
 5
 58
100
AcDbEntity
  8
Cotation
60
1
100
AcDbText
 62
256
 10
 0
 20
 0
 40
 10
  1
NIL
  7
STANDARD
100
AcDbText
  0
TEXT
 5
 59
100
AcDbEntity
  8
Cotation
60
1
100
AcDbText
 62
256
 10
 0
 20
 0
 40
 10
  1
1185
  7
STANDARD
100
AcDbText
  0
LINE
 5
 60
100
AcDbEntity
  8
Cotation
100
AcDbLine
 62
5
  6
BYLAYER
 10
-575.330383300781
 20
-752.560774817113
 11
-575.330383300781
 21
-885.843246506461
  0
LINE
 5
 61
100
AcDbEntity
  8
Cotation
100
AcDbLine
 62
5
  6
BYLAYER
 10
 609.669616699219
 20
-752.560774817113
 11
 609.669616699219
 21
-885.843246506461
  0
LINE
 5
 62
100
AcDbEntity
  8
Cotation
100
AcDbLine
 62
5
  6
BYLAYER
 10
-575.330383300781
 20
-868.802917480469
 11
-558.870689406111
 21
-864.392555793729
  0
LINE
 5
 63
100
AcDbEntity
  8
Cotation
100
AcDbLine
 62
5
  6
BYLAYER
 10
-575.330383300781
 20
-868.802917480469
 11
-558.870689406111
 21
-873.213279167209
  0
LINE
 5
 64
100
AcDbEntity
  8
Cotation
100
AcDbLine
 62
5
  6
BYLAYER
 10
 609.669616699219
 20
-868.802917480469
 11
 593.209922804549
 21
-864.392555793729
  0
LINE
 5
 65
100
AcDbEntity
  8
Cotation
100
AcDbLine
 62
5
  6
BYLAYER
 10
 609.669616699219
 20
-868.802917480469
 11
 593.209922804549
 21
-873.213279167209
  0
TEXT
 5
 66
100
AcDbEntity
  8
Cotation
100
AcDbText
 62
7
 10
-7.6018652803117
 20
-864.542835223971
 40
 16.0379567303461
  1
1185
  7
COTATION
100
AcDbText
  0
LINE
 5
 67
100
AcDbEntity
  8
Cotation
100
AcDbLine
 62
5
  6
BYLAYER
 10
-575.330383300781
 20
-868.802917480469
 11
 609.669616699219
 21
-868.802917480469
  0
ENDBLK
 5
 68
100
AcDbEntity
  8
0
100
AcDbBlockEnd
  0
BLOCK
 5
 70
100
AcDbEntity
  8
0
100
AcDbBlockBegin
  2
*D2
  70
65
 10
0.0
 20
0.0
  0
TEXT
 5
 71
100
AcDbEntity
  8
Cotation
60
1
100
AcDbText
 62
256
 10
 0
 20
 0
 40
 10
  1
ø
  7
STANDARD
100
AcDbText
  0
TEXT
 5
 72
100
AcDbEntity
  8
Cotation
60
1
100
AcDbText
 62
256
 10
 0
 20
 0
 40
 10
  1
NIL
  7
STANDARD
100
AcDbText
  0
TEXT
 5
 73
100
AcDbEntity
  8
Cotation
60
1
100
AcDbText
 62
256
 10
 0
 20
 0
 40
 10
  1
10
  7
STANDARD
100
AcDbText
  0
TEXT
 5
 74
100
AcDbEntity
  8
Cotation
100
AcDbText
 62
7
 10
-583.400075933879
 20
-385.07051898675
 40
 19.332444940636
  1
%%c10
  7
COTATION
100
AcDbText
  0
LINE
 5
 75
100
AcDbEntity
  8
Cotation
100
AcDbLine
 62
5
  6
CONTINUOUS
 10
-536.961242675781
 20
-388.493972778321
 11
-583.400075933879
 21
-388.493972778321
  0
LINE
 5
 76
100
AcDbEntity
  8
Cotation
100
AcDbLine
 62
5
  6
CONTINUOUS
 10
-530.936254662582
 20
-392.681055663733
 11
-539.775492814478
 21
-382.222162667703
  0
LINE
 5
 77
100
AcDbEntity
  8
Cotation
100
AcDbLine
 62
5
  6
CONTINUOUS
 10
-530.936254662582
 20
-392.681055663733
 11
-543.82070595024
 21
-388.043007709656
  0
LINE
 5
 78
100
AcDbEntity
  8
Cotation
100
AcDbLine
 62
5
  6
CONTINUOUS
 10
-522.724511640531
 20
-398.387830281659
 11
-509.840060352873
 21
-403.025878235736
  0
LINE
 5
 79
100
AcDbEntity
  8
Cotation
100
AcDbLine
 62
5
  6
CONTINUOUS
 10
-522.724511640531
 20
-398.387830281659
 11
-513.885273488635
 21
-408.846723277689
  0
LINE
 5
 80
100
AcDbEntity
  8
Cotation
100
AcDbLine
 62
5
  6
CONTINUOUS
 10
-536.961242675781
 20
-388.493972778321
 11
-522.724511640531
 21
-398.387830281659
  0
ENDBLK
 5
 81
100
AcDbEntity
  8
0
100
AcDbBlockEnd
  0
BLOCK
 5
 83
100
AcDbEntity
  8
0
100
AcDbBlockBegin
  2
*D3
  70
65
 10
0.0
 20
0.0
  0
TEXT
 5
 84
100
AcDbEntity
  8
Cotation
60
1
100
AcDbText
 62
256
 10
 0
 20
 0
 40
 10
  1
NIL
  7
STANDARD
100
AcDbText
  0
TEXT
 5
 85
100
AcDbEntity
  8
Cotation
60
1
100
AcDbText
 62
256
 10
 0
 20
 0
 40
 10
  1
NIL
  7
STANDARD
100
AcDbText
  0
TEXT
 5
 86
100
AcDbEntity
  8
Cotation
60
1
100
AcDbText
 62
256
 10
 0
 20
 0
 40
 10
  1
16
  7
STANDARD
100
AcDbText
  0
LINE
 5
 87
100
AcDbEntity
  8
Cotation
100
AcDbLine
 62
5
  6
CONTINUOUS
 10
-499.272625780283
 20
-411.444922004969
 11
-470.143794533448
 21
-428.262460984774
  0
LINE
 5
 88
100
AcDbEntity
  8
Cotation
100
AcDbLine
 62
5
  6
CONTINUOUS
 10
-491.272625631058
 20
-397.588515630573
 11
-462.143794384224
 21
-414.406054610378
  0
LINE
 5
 89
100
AcDbEntity
  8
Cotation
100
AcDbLine
 62
5
  6
CONTINUOUS
 10
-482.002986268442
 20
-421.415553273917
 11
-478.458765960845
 21
-408.188343582543
  0
LINE
 5
 90
100
AcDbEntity
  8
Cotation
100
AcDbLine
 62
5
  6
CONTINUOUS
 10
-482.002986268442
 20
-421.415553273917
 11
-472.319996599768
 21
-411.732563813802
  0
LINE
 5
 91
100
AcDbEntity
  8
Cotation
100
AcDbLine
 62
5
  6
CONTINUOUS
 10
-474.002986119217
 20
-407.55914689952
 11
-483.685975787891
 21
-417.242136359635
  0
LINE
 5
 92
100
AcDbEntity
  8
Cotation
100
AcDbLine
 62
5
  6
CONTINUOUS
 10
-474.002986119217
 20
-407.55914689952
 11
-477.547206426814
 21
-420.786356590894
  0
TEXT
 5
 93
100
AcDbEntity
  8
Cotation
100
AcDbText
 62
7
 10
-482.090347250155
 20
-414.719959473653
 40
 19.332444940636
  1
16
 50
 59.9999993829604
  7
COTATION
100
AcDbText
  0
LINE
 5
 94
100
AcDbEntity
  8
Cotation
100
AcDbLine
 62
5
  6
CONTINUOUS
 10
-464.137143448378
 20
-390.471006559142
 11
-482.002986268442
 21
-421.415553273917
  0
ENDBLK
 5
 95
100
AcDbEntity
  8
0
100
AcDbBlockEnd
  0
BLOCK
 5
 97
100
AcDbEntity
  8
0
100
AcDbBlockBegin
  2
*D4
  70
65
 10
0.0
 20
0.0
  0
TEXT
 5
 98
100
AcDbEntity
  8
Cotation
60
1
100
AcDbText
 62
256
 10
 0
 20
 0
 40
 10
  1
NIL
  7
STANDARD
100
AcDbText
  0
TEXT
 5
 99
100
AcDbEntity
  8
Cotation
60
1
100
AcDbText
 62
256
 10
 0
 20
 0
 40
 10
  1
NIL
  7
STANDARD
100
AcDbText
  0
TEXT
 5
 100
100
AcDbEntity
  8
Cotation
60
1
100
AcDbText
 62
256
 10
 0
 20
 0
 40
 10
  1
16
  7
STANDARD
100
AcDbText
  0
LINE
 5
 101
100
AcDbEntity
  8
Cotation
100
AcDbLine
 62
5
  6
CONTINUOUS
 10
-518.830383300781
 20
-413.498994069287
 11
-518.830383300781
 21
-460.570356303979
  0
LINE
 5
 102
100
AcDbEntity
  8
Cotation
100
AcDbLine
 62
5
  6
CONTINUOUS
 10
-502.830383300781
 20
-413.498994241597
 11
-502.830383300781
 21
-460.570356303979
  0
LINE
 5
 103
100
AcDbEntity
  8
Cotation
100
AcDbLine
 62
5
  6
CONTINUOUS
 10
-518.830383300781
 20
-446.876541137696
 11
-505.603173571239
 21
-443.332320972548
  0
LINE
 5
 104
100
AcDbEntity
  8
Cotation
100
AcDbLine
 62
5
  6
CONTINUOUS
 10
-518.830383300781
 20
-446.876541137696
 11
-505.603173571239
 21
-450.420761302844
  0
LINE
 5
 105
100
AcDbEntity
  8
Cotation
100
AcDbLine
 62
5
  6
CONTINUOUS
 10
-502.830383300781
 20
-446.876541137696
 11
-516.057593030324
 21
-443.332320972548
  0
LINE
 5
 106
100
AcDbEntity
  8
Cotation
100
AcDbLine
 62
5
  6
CONTINUOUS
 10
-502.830383300781
 20
-446.876541137696
 11
-516.057593030324
 21
-450.420761302844
  0
TEXT
 5
 107
100
AcDbEntity
  8
Cotation
100
AcDbText
 62
7
 10
-529.889526367188
 20
-443.453087346125
 40
 19.332444940636
  1
16
  7
COTATION
100
AcDbText
  0
LINE
 5
 108
100
AcDbEntity
  8
Cotation
100
AcDbLine
 62
5
  6
CONTINUOUS
 10
-529.889526367188
 20
-446.876541137696
 11
-502.830383300781
 21
-446.876541137696
  0
ENDBLK
 5
 109
100
AcDbEntity
  8
0
100
AcDbBlockEnd
  0
BLOCK
 5
 111
100
AcDbEntity
  8
0
100
AcDbBlockBegin
  2
*D5
  70
65
 10
0.0
 20
0.0
  0
TEXT
 5
 112
100
AcDbEntity
  8
Cotation
60
1
100
AcDbText
 62
256
 10
 0
 20
 0
 40
 10
  1
NIL
  7
STANDARD
100
AcDbText
  0
TEXT
 5
 113
100
AcDbEntity
  8
Cotation
60
1
100
AcDbText
 62
256
 10
 0
 20
 0
 40
 10
  1
NIL
  7
STANDARD
100
AcDbText
  0
TEXT
 5
 114
100
AcDbEntity
  8
Cotation
60
1
100
AcDbText
 62
256
 10
 0
 20
 0
 40
 10
  1
1190
  7
STANDARD
100
AcDbText
  0
LINE
 5
 115
100
AcDbEntity
  8
Cotation
100
AcDbLine
 62
5
  6
BYLAYER
 10
-577.830383300781
 20
-674.837129407633
 11
-577.830383300781
 21
-928.182408668956
  0
LINE
 5
 116
100
AcDbEntity
  8
Cotation
100
AcDbLine
 62
5
  6
BYLAYER
 10
 612.169616699219
 20
-674.837129407633
 11
 612.169616699219
 21
-928.182408668956
  0
LINE
 5
 117
100
AcDbEntity
  8
Cotation
100
AcDbLine
 62
5
  6
BYLAYER
 10
-577.830383300781
 20
-914.4208984375
 11
-564.537785159477
 21
-910.859157500226
  0
LINE
 5
 118
100
AcDbEntity
  8
Cotation
100
AcDbLine
 62
5
  6
BYLAYER
 10
-577.830383300781
 20
-914.4208984375
 11
-564.537785159477
 21
-917.982639374774
  0
LINE
 5
 119
100
AcDbEntity
  8
Cotation
100
AcDbLine
 62
5
  6
BYLAYER
 10
 612.169616699219
 20
-914.4208984375
 11
 598.877018557915
 21
-910.859157500226
  0
LINE
 5
 120
100
AcDbEntity
  8
Cotation
100
AcDbLine
 62
5
  6
BYLAYER
 10
 612.169616699219
 20
-914.4208984375
 11
 598.877018557915
 21
-917.982639374774
  0
TEXT
 5
 121
100
AcDbEntity
  8
Cotation
100
AcDbText
 62
7
 10
-20.4248188241155
 20
-910.980520879636
 40
 24.2850180555101
  1
1190
  7
COTATION
100
AcDbText
  0
LINE
 5
 122
100
AcDbEntity
  8
Cotation
100
AcDbLine
 62
5
  6
BYLAYER
 10
-577.830383300781
 20
-914.4208984375
 11
 612.169616699219
 21
-914.4208984375
  0
ENDBLK
 5
 123
100
AcDbEntity
  8
0
100
AcDbBlockEnd
  0
BLOCK
 5
 125
100
AcDbEntity
  8
0
100
AcDbBlockBegin
  2
*D6
  70
65
 10
0.0
 20
0.0
  0
TEXT
 5
 126
100
AcDbEntity
  8
Cotation
60
1
100
AcDbText
 62
256
 10
 0
 20
 0
 40
 10
  1
NIL
  7
STANDARD
100
AcDbText
  0
TEXT
 5
 127
100
AcDbEntity
  8
Cotation
60
1
100
AcDbText
 62
256
 10
 0
 20
 0
 40
 10
  1
NIL
  7
STANDARD
100
AcDbText
  0
TEXT
 5
 128
100
AcDbEntity
  8
Cotation
60
1
100
AcDbText
 62
256
 10
 0
 20
 0
 40
 10
  1
6
  7
STANDARD
100
AcDbText
  0
LINE
 5
 129
100
AcDbEntity
  8
Cotation
100
AcDbLine
 62
5
  6
CONTINUOUS
 10
-577.830383300781
 20
-666.60053178831
 11
-577.830383300781
 21
-611.560014789771
  0
LINE
 5
 130
100
AcDbEntity
  8
Cotation
100
AcDbLine
 62
5
  6
CONTINUOUS
 10
-571.830383300781
 20
-654.69803332114
 11
-571.830383300781
 21
-611.560014789771
  0
LINE
 5
 131
100
AcDbEntity
  8
Cotation
100
AcDbLine
 62
5
  6
CONTINUOUS
 10
-577.830383300781
 20
-625.253829956055
 11
-564.603173571239
 21
-621.709609790907
  0
LINE
 5
 132
100
AcDbEntity
  8
Cotation
100
AcDbLine
 62
5
  6
CONTINUOUS
 10
-577.830383300781
 20
-625.253829956055
 11
-564.603173571239
 21
-628.798050121203
  0
LINE
 5
 133
100
AcDbEntity
  8
Cotation
100
AcDbLine
 62
5
  6
CONTINUOUS
 10
-571.830383300781
 20
-625.253829956055
 11
-585.057593030324
 21
-621.709609790907
  0
LINE
 5
 134
100
AcDbEntity
  8
Cotation
100
AcDbLine
 62
5
  6
CONTINUOUS
 10
-571.830383300781
 20
-625.253829956055
 11
-585.057593030324
 21
-628.798050121203
  0
TEXT
 5
 135
100
AcDbEntity
  8
Cotation
100
AcDbText
 62
7
 10
-581.852233886719
 20
-621.830376164484
 40
 19.332444940636
  1
6
  7
COTATION
100
AcDbText
  0
LINE
 5
 136
100
AcDbEntity
  8
Cotation
100
AcDbLine
 62
5
  6
CONTINUOUS
 10
-581.852233886719
 20
-625.253829956055
 11
-571.830383300781
 21
-625.253829956055
  0
ENDBLK
 5
 137
100
AcDbEntity
  8
0
100
AcDbBlockEnd
  0
BLOCK
 5
 139
100
AcDbEntity
  8
0
100
AcDbBlockBegin
  2
*D7
  70
65
 10
0.0
 20
0.0
  0
TEXT
 5
 140
100
AcDbEntity
  8
Cotation
60
1
100
AcDbText
 62
256
 10
 0
 20
 0
 40
 10
  1
NIL
  7
STANDARD
100
AcDbText
  0
TEXT
 5
 141
100
AcDbEntity
  8
Cotation
60
1
100
AcDbText
 62
256
 10
 0
 20
 0
 40
 10
  1
NIL
  7
STANDARD
100
AcDbText
  0
TEXT
 5
 142
100
AcDbEntity
  8
Cotation
60
1
100
AcDbText
 62
256
 10
 0
 20
 0
 40
 10
  1
23.5
  7
STANDARD
100
AcDbText
  0
LINE
 5
 143
100
AcDbEntity
  8
Cotation
100
AcDbLine
 62
5
  6
CONTINUOUS
 10
-595.330383300781
 20
-139.526806621114
 11
-595.330383300781
 21
-269.229474956323
  0
LINE
 5
 144
100
AcDbEntity
  8
Cotation
100
AcDbLine
 62
5
  6
CONTINUOUS
 10
-571.830383300781
 20
-219.509303104642
 11
-571.830383300781
 21
-269.229474956323
  0
LINE
 5
 145
100
AcDbEntity
  8
Cotation
100
AcDbLine
 62
5
  6
CONTINUOUS
 10
-595.330383300781
 20
-255.535659790039
 11
-582.103173571239
 21
-251.991439624891
  0
LINE
 5
 146
100
AcDbEntity
  8
Cotation
100
AcDbLine
 62
5
  6
CONTINUOUS
 10
-595.330383300781
 20
-255.535659790039
 11
-582.103173571239
 21
-259.079879955187
  0
LINE
 5
 147
100
AcDbEntity
  8
Cotation
100
AcDbLine
 62
5
  6
CONTINUOUS
 10
-571.830383300781
 20
-255.535659790039
 11
-585.057593030324
 21
-251.991439624891
  0
LINE
 5
 148
100
AcDbEntity
  8
Cotation
100
AcDbLine
 62
5
  6
CONTINUOUS
 10
-571.830383300781
 20
-255.535659790039
 11
-585.057593030324
 21
-259.079879955187
  0
TEXT
 5
 149
100
AcDbEntity
  8
Cotation
100
AcDbText
 62
7
 10
-623.135192871094
 20
-252.112205998468
 40
 19.332444940636
  1
23.5
  7
COTATION
100
AcDbText
  0
LINE
 5
 150
100
AcDbEntity
  8
Cotation
100
AcDbLine
 62
5
  6
CONTINUOUS
 10
-623.135192871094
 20
-255.535659790039
 11
-571.830383300781
 21
-255.535659790039
  0
ENDBLK
 5
 151
100
AcDbEntity
  8
0
100
AcDbBlockEnd
  0
BLOCK
 5
 153
100
AcDbEntity
  8
0
100
AcDbBlockBegin
  2
*D8
  70
65
 10
0.0
 20
0.0
  0
TEXT
 5
 154
100
AcDbEntity
  8
Cotation
60
1
100
AcDbText
 62
256
 10
 0
 20
 0
 40
 10
  1
NIL
  7
STANDARD
100
AcDbText
  0
TEXT
 5
 155
100
AcDbEntity
  8
Cotation
60
1
100
AcDbText
 62
256
 10
 0
 20
 0
 40
 10
  1
NIL
  7
STANDARD
100
AcDbText
  0
TEXT
 5
 156
100
AcDbEntity
  8
Cotation
60
1
100
AcDbText
 62
256
 10
 0
 20
 0
 40
 10
  1
627.03 
  7
STANDARD
100
AcDbText
  0
LINE
 5
 157
100
AcDbEntity
  8
Cotation
100
AcDbLine
 62
5
  6
BYLAYER
 10
-579.458836370218
 20
-757.448676109315
 11
-757.227757790047
 21
-757.448676109316
  0
LINE
 5
 158
100
AcDbEntity
  8
Cotation
100
AcDbLine
 62
5
  6
BYLAYER
 10
-599.458836370218
 20
-130.418662071229
 11
-757.227757790051
 21
-130.41866207123
  0
LINE
 5
 159
100
AcDbEntity
  8
Cotation
100
AcDbLine
 62
5
  6
BYLAYER
 10
-743.466247558591
 20
-757.448676109316
 11
-747.027988495866
 21
-744.156077968012
  0
LINE
 5
 160
100
AcDbEntity
  8
Cotation
100
AcDbLine
 62
5
  6
BYLAYER
 10
-743.466247558591
 20
-757.448676109316
 11
-739.904506621318
 21
-744.156077968012
  0
LINE
 5
 161
100
AcDbEntity
  8
Cotation
100
AcDbLine
 62
5
  6
BYLAYER
 10
-743.466247558595
 20
-130.41866207123
 11
-747.027988495869
 21
-143.711260212534
  0
LINE
 5
 162
100
AcDbEntity
  8
Cotation
100
AcDbLine
 62
5
  6
BYLAYER
 10
-743.466247558595
 20
-130.41866207123
 11
-739.904506621321
 21
-143.711260212534
  0
TEXT
 5
 163
100
AcDbEntity
  8
Cotation
100
AcDbText
 62
7
 10
-746.906625116457
 20
-500.329485657171
 40
 24.2850180555101
  1
627.03 
 50
 90.0000000000003
  7
COTATION
100
AcDbText
  0
LINE
 5
 164
100
AcDbEntity
  8
Cotation
100
AcDbLine
 62
5
  6
BYLAYER
 10
-743.466247558591
 20
-757.448676109316
 11
-743.466247558595
 21
-130.41866207123
  0
ENDBLK
 5
 165
100
AcDbEntity
  8
0
100
AcDbBlockEnd
  0
BLOCK
 5
 167
100
AcDbEntity
  8
0
100
AcDbBlockBegin
  2
*D9
  70
65
 10
0.0
 20
0.0
  0
TEXT
 5
 168
100
AcDbEntity
  8
Cotation
60
1
100
AcDbText
 62
256
 10
 0
 20
 0
 40
 10
  1
NIL
  7
STANDARD
100
AcDbText
  0
TEXT
 5
 169
100
AcDbEntity
  8
Cotation
60
1
100
AcDbText
 62
256
 10
 0
 20
 0
 40
 10
  1
NIL
  7
STANDARD
100
AcDbText
  0
TEXT
 5
 170
100
AcDbEntity
  8
Cotation
60
1
100
AcDbText
 62
256
 10
 0
 20
 0
 40
 10
  1
365.29
  7
STANDARD
100
AcDbText
  0
LINE
 5
 171
100
AcDbEntity
  8
Cotation
100
AcDbLine
 62
5
  6
CONTINUOUS
 10
-599.070350975668
 20
-495.708676338196
 11
-700.069586260041
 21
-495.708676338196
  0
LINE
 5
 172
100
AcDbEntity
  8
Cotation
100
AcDbLine
 62
5
  6
CONTINUOUS
 10
-599.070350975668
 20
-130.418662071229
 11
-700.069586260039
 21
-130.418662071229
  0
LINE
 5
 173
100
AcDbEntity
  8
Cotation
100
AcDbLine
 62
5
  6
CONTINUOUS
 10
-687.60302734375
 20
-495.708676338196
 11
-690.829610218179
 21
-483.666905115996
  0
LINE
 5
 174
100
AcDbEntity
  8
Cotation
100
AcDbLine
 62
5
  6
CONTINUOUS
 10
-687.60302734375
 20
-495.708676338196
 11
-684.376444469321
 21
-483.666905115996
  0
LINE
 5
 175
100
AcDbEntity
  8
Cotation
100
AcDbLine
 62
5
  6
CONTINUOUS
 10
-687.603027343749
 20
-130.418662071229
 11
-690.829610218178
 21
-142.460433293428
  0
LINE
 5
 176
100
AcDbEntity
  8
Cotation
100
AcDbLine
 62
5
  6
CONTINUOUS
 10
-687.603027343749
 20
-130.418662071229
 11
-684.37644446932
 21
-142.460433293428
  0
TEXT
 5
 177
100
AcDbEntity
  8
Cotation
100
AcDbText
 62
7
 10
-690.719667072822
 20
-314.300231933593
 40
 17.5998478818219
  1
365.29
 50
 90.0000000000002
  7
COTATION
100
AcDbText
  0
LINE
 5
 178
100
AcDbEntity
  8
Cotation
100
AcDbLine
 62
5
  6
CONTINUOUS
 10
-687.60302734375
 20
-495.708676338196
 11
-687.603027343749
 21
-130.418662071229
  0
ENDBLK
 5
 179
100
AcDbEntity
  8
0
100
AcDbBlockEnd
  0
BLOCK
 5
 181
100
AcDbEntity
  8
0
100
AcDbBlockBegin
  2
*D10
  70
65
 10
0.0
 20
0.0
  0
TEXT
 5
 182
100
AcDbEntity
  8
Cotation
60
1
100
AcDbText
 62
256
 10
 0
 20
 0
 40
 10
  1
NIL
  7
STANDARD
100
AcDbText
  0
TEXT
 5
 183
100
AcDbEntity
  8
Cotation
60
1
100
AcDbText
 62
256
 10
 0
 20
 0
 40
 10
  1
NIL
  7
STANDARD
100
AcDbText
  0
TEXT
 5
 184
100
AcDbEntity
  8
Cotation
60
1
100
AcDbText
 62
256
 10
 0
 20
 0
 40
 10
  1
261.74
  7
STANDARD
100
AcDbText
  0
LINE
 5
 185
100
AcDbEntity
  8
Cotation
100
AcDbLine
 62
5
  6
CONTINUOUS
 10
-579.070350975668
 20
-757.448676109315
 11
-700.474432451447
 21
-757.448676109315
  0
LINE
 5
 186
100
AcDbEntity
  8
Cotation
100
AcDbLine
 62
5
  6
CONTINUOUS
 10
-599.070350975668
 20
-495.708676338196
 11
-700.474432451446
 21
-495.708676338196
  0
LINE
 5
 187
100
AcDbEntity
  8
Cotation
100
AcDbLine
 62
5
  6
CONTINUOUS
 10
-688.007873535156
 20
-757.448676109315
 11
-691.234456409585
 21
-745.406904887115
  0
LINE
 5
 188
100
AcDbEntity
  8
Cotation
100
AcDbLine
 62
5
  6
CONTINUOUS
 10
-688.007873535156
 20
-757.448676109315
 11
-684.781290660728
 21
-745.406904887115
  0
LINE
 5
 189
100
AcDbEntity
  8
Cotation
100
AcDbLine
 62
5
  6
CONTINUOUS
 10
-688.007873535155
 20
-495.708676338196
 11
-691.234456409584
 21
-507.750447560395
  0
LINE
 5
 190
100
AcDbEntity
  8
Cotation
100
AcDbLine
 62
5
  6
CONTINUOUS
 10
-688.007873535155
 20
-495.708676338196
 11
-684.781290660727
 21
-507.750447560395
  0
TEXT
 5
 191
100
AcDbEntity
  8
Cotation
100
AcDbText
 62
7
 10
-691.124513264229
 20
-658.35888671875
 40
 17.5998478818219
  1
261.74
 50
 90.0000000000002
  7
COTATION
100
AcDbText
  0
LINE
 5
 192
100
AcDbEntity
  8
Cotation
100
AcDbLine
 62
5
  6
CONTINUOUS
 10
-688.007873535156
 20
-757.448676109315
 11
-688.007873535155
 21
-495.708676338196
  0
ENDBLK
 5
 193
100
AcDbEntity
  8
0
100
AcDbBlockEnd
  0
BLOCK
 5
 195
100
AcDbEntity
  8
0
100
AcDbBlockBegin
  2
*D11
  70
65
 10
0.0
 20
0.0
  0
TEXT
 5
 196
100
AcDbEntity
  8
Cotation
60
1
100
AcDbText
 62
256
 10
 0
 20
 0
 40
 10
  1
NIL
  7
STANDARD
100
AcDbText
  0
TEXT
 5
 197
100
AcDbEntity
  8
Cotation
60
1
100
AcDbText
 62
256
 10
 0
 20
 0
 40
 10
  1
NIL
  7
STANDARD
100
AcDbText
  0
TEXT
 5
 198
100
AcDbEntity
  8
Cotation
60
1
100
AcDbText
 62
256
 10
 0
 20
 0
 40
 10
  1
73.37
  7
STANDARD
100
AcDbText
  0
LINE
 5
 199
100
AcDbEntity
  8
Cotation
100
AcDbLine
 62
5
  6
CONTINUOUS
 10
-579.070350975668
 20
-757.448676109315
 11
-613.269354326447
 21
-757.448676109315
  0
LINE
 5
 200
100
AcDbEntity
  8
Cotation
100
AcDbLine
 62
5
  6
CONTINUOUS
 10
-576.070350975668
 20
-684.078676223756
 11
-613.269354326447
 21
-684.078676223756
  0
LINE
 5
 201
100
AcDbEntity
  8
Cotation
100
AcDbLine
 62
5
  6
CONTINUOUS
 10
-600.802795410156
 20
-757.448676109315
 11
-604.029378284585
 21
-745.406904887116
  0
LINE
 5
 202
100
AcDbEntity
  8
Cotation
100
AcDbLine
 62
5
  6
CONTINUOUS
 10
-600.802795410156
 20
-757.448676109315
 11
-597.576212535728
 21
-745.406904887116
  0
LINE
 5
 203
100
AcDbEntity
  8
Cotation
100
AcDbLine
 62
5
  6
CONTINUOUS
 10
-600.802795410156
 20
-684.078676223756
 11
-604.029378284585
 21
-696.120447445955
  0
LINE
 5
 204
100
AcDbEntity
  8
Cotation
100
AcDbLine
 62
5
  6
CONTINUOUS
 10
-600.802795410156
 20
-684.078676223756
 11
-597.576212535727
 21
-696.120447445955
  0
TEXT
 5
 205
100
AcDbEntity
  8
Cotation
100
AcDbText
 62
7
 10
-603.919435139229
 20
-744.570861816406
 40
 17.5998478818219
  1
73.37
 50
 90.0000000000002
  7
COTATION
100
AcDbText
  0
LINE
 5
 206
100
AcDbEntity
  8
Cotation
100
AcDbLine
 62
5
  6
CONTINUOUS
 10
-600.802795410156
 20
-683.413102558333
 11
-600.802795410156
 21
-757.448676109315
  0
ENDBLK
 5
 207
100
AcDbEntity
  8
0
100
AcDbBlockEnd
  0
BLOCK
 5
 209
100
AcDbEntity
  8
0
100
AcDbBlockBegin
  2
*D12
  70
65
 10
0.0
 20
0.0
  0
TEXT
 5
 210
100
AcDbEntity
  8
Cotation
60
1
100
AcDbText
 62
256
 10
 0
 20
 0
 40
 10
  1
NIL
  7
STANDARD
100
AcDbText
  0
TEXT
 5
 211
100
AcDbEntity
  8
Cotation
60
1
100
AcDbText
 62
256
 10
 0
 20
 0
 40
 10
  1
NIL
  7
STANDARD
100
AcDbText
  0
TEXT
 5
 212
100
AcDbEntity
  8
Cotation
60
1
100
AcDbText
 62
256
 10
 0
 20
 0
 40
 10
  1
59.71
  7
STANDARD
100
AcDbText
  0
LINE
 5
 213
100
AcDbEntity
  8
Cotation
100
AcDbLine
 62
5
  6
CONTINUOUS
 10
-596.070350975668
 20
-190.128662109376
 11
-631.462774736603
 21
-190.128662109376
  0
LINE
 5
 214
100
AcDbEntity
  8
Cotation
100
AcDbLine
 62
5
  6
CONTINUOUS
 10
-599.070350975668
 20
-130.418662071229
 11
-631.462774736603
 21
-130.418662071229
  0
LINE
 5
 215
100
AcDbEntity
  8
Cotation
100
AcDbLine
 62
5
  6
CONTINUOUS
 10
-618.996215820313
 20
-190.128662109376
 11
-622.222798694741
 21
-178.086890887177
  0
LINE
 5
 216
100
AcDbEntity
  8
Cotation
100
AcDbLine
 62
5
  6
CONTINUOUS
 10
-618.996215820313
 20
-190.128662109376
 11
-615.769632945884
 21
-178.086890887177
  0
LINE
 5
 217
100
AcDbEntity
  8
Cotation
100
AcDbLine
 62
5
  6
CONTINUOUS
 10
-618.996215820312
 20
-130.418662071229
 11
-622.222798694741
 21
-142.460433293428
  0
LINE
 5
 218
100
AcDbEntity
  8
Cotation
100
AcDbLine
 62
5
  6
CONTINUOUS
 10
-618.996215820312
 20
-130.418662071229
 11
-615.769632945884
 21
-142.460433293428
  0
TEXT
 5
 219
100
AcDbEntity
  8
Cotation
100
AcDbText
 62
7
 10
-622.112855549385
 20
-187.729705810547
 40
 17.5998478818219
  1
59.71
 50
 90.0000000000002
  7
COTATION
100
AcDbText
  0
LINE
 5
 220
100
AcDbEntity
  8
Cotation
100
AcDbLine
 62
5
  6
CONTINUOUS
 10
-618.996215820312
 20
-126.571946552474
 11
-618.996215820313
 21
-190.128662109376
  0
ENDBLK
 5
 221
100
AcDbEntity
  8
0
100
AcDbBlockEnd
  0
BLOCK
 5
 223
100
AcDbEntity
  8
0
100
AcDbBlockBegin
  2
*D13
  70
65
 10
0.0
 20
0.0
  0
TEXT
 5
 224
100
AcDbEntity
  8
Cotation
60
1
100
AcDbText
 62
256
 10
 0
 20
 0
 40
 10
  1
NIL
  7
STANDARD
100
AcDbText
  0
TEXT
 5
 225
100
AcDbEntity
  8
Cotation
60
1
100
AcDbText
 62
256
 10
 0
 20
 0
 40
 10
  1
NIL
  7
STANDARD
100
AcDbText
  0
TEXT
 5
 226
100
AcDbEntity
  8
Cotation
60
1
100
AcDbText
 62
256
 10
 0
 20
 0
 40
 10
  1
525
  7
STANDARD
100
AcDbText
  0
LINE
 5
 227
100
AcDbEntity
  8
Cotation
100
AcDbLine
 62
5
  6
CONTINUOUS
 10
-245.330383300781
 20
-585.560774817113
 11
-245.330383300781
 21
-836.209762619743
  0
LINE
 5
 228
100
AcDbEntity
  8
Cotation
100
AcDbLine
 62
5
  6
CONTINUOUS
 10
 279.669616699219
 20
-585.560774817113
 11
 279.669616699219
 21
-836.209762619743
  0
LINE
 5
 229
100
AcDbEntity
  8
Cotation
100
AcDbLine
 62
5
  6
CONTINUOUS
 10
-245.330383300781
 20
-819.16943359375
 11
-228.870689406111
 21
-814.75907190701
  0
LINE
 5
 230
100
AcDbEntity
  8
Cotation
100
AcDbLine
 62
5
  6
CONTINUOUS
 10
-245.330383300781
 20
-819.16943359375
 11
-228.870689406111
 21
-823.57979528049
  0
LINE
 5
 231
100
AcDbEntity
  8
Cotation
100
AcDbLine
 62
5
  6
CONTINUOUS
 10
 279.669616699219
 20
-819.16943359375
 11
 263.209922804549
 21
-814.75907190701
  0
LINE
 5
 232
100
AcDbEntity
  8
Cotation
100
AcDbLine
 62
5
  6
CONTINUOUS
 10
 279.669616699219
 20
-819.16943359375
 11
 263.209922804549
 21
-823.57979528049
  0
TEXT
 5
 233
100
AcDbEntity
  8
Cotation
100
AcDbText
 62
7
 10
-9.29594230651855
 20
-814.909351337252
 40
 16.0379567303461
  1
525
  7
COTATION
100
AcDbText
  0
LINE
 5
 234
100
AcDbEntity
  8
Cotation
100
AcDbLine
 62
5
  6
CONTINUOUS
 10
-245.330383300781
 20
-819.16943359375
 11
 279.669616699219
 21
-819.16943359375
  0
ENDBLK
 5
 235
100
AcDbEntity
  8
0
100
AcDbBlockEnd
  0
BLOCK
 5
 237
100
AcDbEntity
  8
0
100
AcDbBlockBegin
  2
*D14
  70
65
 10
0.0
 20
0.0
  0
TEXT
 5
 238
100
AcDbEntity
  8
Cotation
60
1
100
AcDbText
 62
256
 10
 0
 20
 0
 40
 10
  1
NIL
  7
STANDARD
100
AcDbText
  0
TEXT
 5
 239
100
AcDbEntity
  8
Cotation
60
1
100
AcDbText
 62
256
 10
 0
 20
 0
 40
 10
  1
NIL
  7
STANDARD
100
AcDbText
  0
TEXT
 5
 240
100
AcDbEntity
  8
Cotation
60
1
100
AcDbText
 62
256
 10
 0
 20
 0
 40
 10
  1
300
  7
STANDARD
100
AcDbText
  0
LINE
 5
 241
100
AcDbEntity
  8
Cotation
100
AcDbLine
 62
5
  6
CONTINUOUS
 10
-575.330383300781
 20
-762.560774817113
 11
-575.330383300781
 21
-834.679306076774
  0
LINE
 5
 242
100
AcDbEntity
  8
Cotation
100
AcDbLine
 62
5
  6
CONTINUOUS
 10
-275.330383300781
 20
-585.560774817113
 11
-275.330383300781
 21
-834.679306076774
  0
LINE
 5
 243
100
AcDbEntity
  8
Cotation
100
AcDbLine
 62
5
  6
CONTINUOUS
 10
-575.330383300781
 20
-817.638977050781
 11
-558.870689406111
 21
-813.228615364041
  0
LINE
 5
 244
100
AcDbEntity
  8
Cotation
100
AcDbLine
 62
5
  6
CONTINUOUS
 10
-575.330383300781
 20
-817.638977050781
 11
-558.870689406111
 21
-822.049338737521
  0
LINE
 5
 245
100
AcDbEntity
  8
Cotation
100
AcDbLine
 62
5
  6
CONTINUOUS
 10
-275.330383300781
 20
-817.638977050781
 11
-291.790077195451
 21
-813.228615364041
  0
LINE
 5
 246
100
AcDbEntity
  8
Cotation
100
AcDbLine
 62
5
  6
CONTINUOUS
 10
-275.330383300781
 20
-817.638977050781
 11
-291.790077195451
 21
-822.049338737521
  0
TEXT
 5
 247
100
AcDbEntity
  8
Cotation
100
AcDbText
 62
7
 10
-428.251739501953
 20
-813.378894794283
 40
 16.0379567303461
  1
300
  7
COTATION
100
AcDbText
  0
LINE
 5
 248
100
AcDbEntity
  8
Cotation
100
AcDbLine
 62
5
  6
CONTINUOUS
 10
-575.330383300781
 20
-817.638977050781
 11
-275.330383300781
 21
-817.638977050781
  0
ENDBLK
 5
 249
100
AcDbEntity
  8
0
100
AcDbBlockEnd
  0
BLOCK
 5
 251
100
AcDbEntity
  8
0
100
AcDbBlockBegin
  2
*D15
  70
65
 10
0.0
 20
0.0
  0
TEXT
 5
 252
100
AcDbEntity
  8
Cotation
60
1
100
AcDbText
 62
256
 10
 0
 20
 0
 40
 10
  1
NIL
  7
STANDARD
100
AcDbText
  0
TEXT
 5
 253
100
AcDbEntity
  8
Cotation
60
1
100
AcDbText
 62
256
 10
 0
 20
 0
 40
 10
  1
NIL
  7
STANDARD
100
AcDbText
  0
TEXT
 5
 254
100
AcDbEntity
  8
Cotation
60
1
100
AcDbText
 62
256
 10
 0
 20
 0
 40
 10
  1
300
  7
STANDARD
100
AcDbText
  0
LINE
 5
 255
100
AcDbEntity
  8
Cotation
100
AcDbLine
 62
5
  6
CONTINUOUS
 10
 309.669616699219
 20
-585.560774817113
 11
 309.669616699219
 21
-834.033798264274
  0
LINE
 5
 256
100
AcDbEntity
  8
Cotation
100
AcDbLine
 62
5
  6
CONTINUOUS
 10
 609.669616699219
 20
-762.560774817113
 11
 609.669616699219
 21
-834.033798264274
  0
LINE
 5
 257
100
AcDbEntity
  8
Cotation
100
AcDbLine
 62
5
  6
CONTINUOUS
 10
 309.669616699219
 20
-816.993469238281
 11
 326.129310593889
 21
-812.583107551541
  0
LINE
 5
 258
100
AcDbEntity
  8
Cotation
100
AcDbLine
 62
5
  6
CONTINUOUS
 10
 309.669616699219
 20
-816.993469238281
 11
 326.129310593889
 21
-821.403830925021
  0
LINE
 5
 259
100
AcDbEntity
  8
Cotation
100
AcDbLine
 62
5
  6
CONTINUOUS
 10
 609.669616699219
 20
-816.993469238281
 11
 593.209922804549
 21
-812.583107551541
  0
LINE
 5
 260
100
AcDbEntity
  8
Cotation
100
AcDbLine
 62
5
  6
CONTINUOUS
 10
 609.669616699219
 20
-816.993469238281
 11
 593.209922804549
 21
-821.403830925021
  0
TEXT
 5
 261
100
AcDbEntity
  8
Cotation
100
AcDbText
 62
7
 10
 406.622497558594
 20
-812.733386981783
 40
 16.0379567303461
  1
300
  7
COTATION
100
AcDbText
  0
LINE
 5
 262
100
AcDbEntity
  8
Cotation
100
AcDbLine
 62
5
  6
CONTINUOUS
 10
 309.669616699219
 20
-816.993469238281
 11
 609.669616699219
 21
-816.993469238281
  0
ENDBLK
 5
 263
100
AcDbEntity
  8
0
100
AcDbBlockEnd
  0
BLOCK
 5
 265
100
AcDbEntity
  8
0
100
AcDbBlockBegin
  2
*D16
  70
65
 10
0.0
 20
0.0
  0
TEXT
 5
 266
100
AcDbEntity
  8
Cotation
60
1
100
AcDbText
 62
256
 10
 0
 20
 0
 40
 10
  1
NIL
  7
STANDARD
100
AcDbText
  0
TEXT
 5
 267
100
AcDbEntity
  8
Cotation
60
1
100
AcDbText
 62
256
 10
 0
 20
 0
 40
 10
  1
NIL
  7
STANDARD
100
AcDbText
  0
TEXT
 5
 268
100
AcDbEntity
  8
Cotation
60
1
100
AcDbText
 62
256
 10
 0
 20
 0
 40
 10
  1
302.5
  7
STANDARD
100
AcDbText
  0
LINE
 5
 269
100
AcDbEntity
  8
Cotation
100
AcDbLine
 62
5
  6
BYLAYER
 10
-595.330383300781
 20
-125.306563363431
 11
-595.330383300781
 21
-81.1559295189291
  0
LINE
 5
 270
100
AcDbEntity
  8
Cotation
100
AcDbLine
 62
5
  6
BYLAYER
 10
-292.830383300781
 20
-128.30655668771
 11
-292.830383300781
 21
-81.1559295189291
  0
LINE
 5
 271
100
AcDbEntity
  8
Cotation
100
AcDbLine
 62
5
  6
BYLAYER
 10
-595.330383300781
 20
-98.1962585449219
 11
-578.870689406111
 21
-93.7858968581816
  0
LINE
 5
 272
100
AcDbEntity
  8
Cotation
100
AcDbLine
 62
5
  6
BYLAYER
 10
-595.330383300781
 20
-98.1962585449219
 11
-578.870689406111
 21
-102.606620231662
  0
LINE
 5
 273
100
AcDbEntity
  8
Cotation
100
AcDbLine
 62
5
  6
BYLAYER
 10
-292.830383300781
 20
-98.1962585449219
 11
-309.290077195451
 21
-93.7858968581817
  0
LINE
 5
 274
100
AcDbEntity
  8
Cotation
100
AcDbLine
 62
5
  6
BYLAYER
 10
-292.830383300781
 20
-98.1962585449219
 11
-309.290077195451
 21
-102.606620231662
  0
TEXT
 5
 275
100
AcDbEntity
  8
Cotation
100
AcDbText
 62
7
 10
-471.945553025315
 20
-93.9361762884237
 40
 16.0379567303461
  1
302.5
  7
COTATION
100
AcDbText
  0
LINE
 5
 276
100
AcDbEntity
  8
Cotation
100
AcDbLine
 62
5
  6
BYLAYER
 10
-595.330383300781
 20
-98.1962585449219
 11
-292.830383300781
 21
-98.1962585449219
  0
ENDBLK
 5
 277
100
AcDbEntity
  8
0
100
AcDbBlockEnd
  0
BLOCK
 5
 279
100
AcDbEntity
  8
0
100
AcDbBlockBegin
  2
*D17
  70
65
 10
0.0
 20
0.0
  0
TEXT
 5
 280
100
AcDbEntity
  8
Cotation
60
1
100
AcDbText
 62
256
 10
 0
 20
 0
 40
 10
  1
NIL
  7
STANDARD
100
AcDbText
  0
TEXT
 5
 281
100
AcDbEntity
  8
Cotation
60
1
100
AcDbText
 62
256
 10
 0
 20
 0
 40
 10
  1
NIL
  7
STANDARD
100
AcDbText
  0
TEXT
 5
 282
100
AcDbEntity
  8
Cotation
60
1
100
AcDbText
 62
256
 10
 0
 20
 0
 40
 10
  1
560
  7
STANDARD
100
AcDbText
  0
LINE
 5
 283
100
AcDbEntity
  8
Cotation
100
AcDbLine
 62
5
  6
BYLAYER
 10
-262.830383300781
 20
-128.30655668771
 11
-262.830383300781
 21
-81.9888686668784
  0
LINE
 5
 284
100
AcDbEntity
  8
Cotation
100
AcDbLine
 62
5
  6
BYLAYER
 10
 297.169616699219
 20
-128.30655668771
 11
 297.169616699219
 21
-81.9888686668784
  0
LINE
 5
 285
100
AcDbEntity
  8
Cotation
100
AcDbLine
 62
5
  6
BYLAYER
 10
-262.830383300781
 20
-99.0291976928711
 11
-246.370689406111
 21
-94.6188360061308
  0
LINE
 5
 286
100
AcDbEntity
  8
Cotation
100
AcDbLine
 62
5
  6
BYLAYER
 10
-262.830383300781
 20
-99.0291976928711
 11
-246.370689406111
 21
-103.439559379611
  0
LINE
 5
 287
100
AcDbEntity
  8
Cotation
100
AcDbLine
 62
5
  6
BYLAYER
 10
 297.169616699219
 20
-99.0291976928711
 11
 280.709922804549
 21
-94.6188360061309
  0
LINE
 5
 288
100
AcDbEntity
  8
Cotation
100
AcDbLine
 62
5
  6
BYLAYER
 10
 297.169616699219
 20
-99.0291976928711
 11
 280.709922804549
 21
-103.439559379611
  0
TEXT
 5
 289
100
AcDbEntity
  8
Cotation
100
AcDbText
 62
7
 10
-1.408994785429
 20
-94.7691154363729
 40
 16.0379567303461
  1
560
  7
COTATION
100
AcDbText
  0
LINE
 5
 290
100
AcDbEntity
  8
Cotation
100
AcDbLine
 62
5
  6
BYLAYER
 10
-262.830383300781
 20
-99.0291976928711
 11
 297.169616699219
 21
-99.0291976928711
  0
ENDBLK
 5
 291
100
AcDbEntity
  8
0
100
AcDbBlockEnd
  0
BLOCK
 5
 293
100
AcDbEntity
  8
0
100
AcDbBlockBegin
  2
*D18
  70
65
 10
0.0
 20
0.0
  0
TEXT
 5
 294
100
AcDbEntity
  8
Cotation
60
1
100
AcDbText
 62
256
 10
 0
 20
 0
 40
 10
  1
NIL
  7
STANDARD
100
AcDbText
  0
TEXT
 5
 295
100
AcDbEntity
  8
Cotation
60
1
100
AcDbText
 62
256
 10
 0
 20
 0
 40
 10
  1
NIL
  7
STANDARD
100
AcDbText
  0
TEXT
 5
 296
100
AcDbEntity
  8
Cotation
60
1
100
AcDbText
 62
256
 10
 0
 20
 0
 40
 10
  1
302.5
  7
STANDARD
100
AcDbText
  0
LINE
 5
 297
100
AcDbEntity
  8
Cotation
100
AcDbLine
 62
5
  6
BYLAYER
 10
 327.169616699219
 20
-128.30655668771
 11
 327.169616699219
 21
-82.1348266136557
  0
LINE
 5
 298
100
AcDbEntity
  8
Cotation
100
AcDbLine
 62
5
  6
BYLAYER
 10
 629.669616699219
 20
-125.306563363431
 11
 629.669616699219
 21
-82.1348266136557
  0
LINE
 5
 299
100
AcDbEntity
  8
Cotation
100
AcDbLine
 62
5
  6
BYLAYER
 10
 327.169616699219
 20
-99.1751556396484
 11
 343.629310593889
 21
-94.7647939529082
  0
LINE
 5
 300
100
AcDbEntity
  8
Cotation
100
AcDbLine
 62
5
  6
BYLAYER
 10
 327.169616699219
 20
-99.1751556396484
 11
 343.629310593889
 21
-103.585517326389
  0
LINE
 5
 301
100
AcDbEntity
  8
Cotation
100
AcDbLine
 62
5
  6
BYLAYER
 10
 629.669616699219
 20
-99.1751556396484
 11
 613.209922804549
 21
-94.7647939529082
  0
LINE
 5
 302
100
AcDbEntity
  8
Cotation
100
AcDbLine
 62
5
  6
BYLAYER
 10
 629.669616699219
 20
-99.1751556396484
 11
 613.209922804549
 21
-103.585517326389
  0
TEXT
 5
 303
100
AcDbEntity
  8
Cotation
100
AcDbText
 62
7
 10
 450.554446974685
 20
-94.9150733831503
 40
 16.0379567303461
  1
302.5
  7
COTATION
100
AcDbText
  0
LINE
 5
 304
100
AcDbEntity
  8
Cotation
100
AcDbLine
 62
5
  6
BYLAYER
 10
 327.169616699219
 20
-99.1751556396484
 11
 629.669616699219
 21
-99.1751556396484
  0
ENDBLK
 5
 305
100
AcDbEntity
  8
0
100
AcDbBlockEnd
  0
ENDSEC
  0
SECTION
  2
ENTITIES
  0
MTEXT
 5
 309
100
AcDbEntity
  8
0
100
AcDbMText
 10
-563.917424201965
 20
 375.582611083984
 30
 0 
 40
 30
 41
 0
 71
1
 72
5
 1
\C5;LADM- Hx450, ép.5mm\P grille trous Ø10 mm \P15x\P28/1/2025\P
 50
 0
  0
MTEXT
 5
 310
100
AcDbEntity
  8
0
100
AcDbMText
 10
 174.195602416992
 20
 297.132141113281
 30
 0 
 40
 30
 41
 0
 71
1
 72
5
 1
\C5;Trait rouge = marquage sur tôle
 50
 0
  0
CIRCLE
 5
 311
100
AcDbEntity
  8
Coupe_Sens_Horaire
100
AcDbCircle
 62
93
  6
CONTINUOUS
 10
 25.1696166992192
 20
-437.103668212891
 40
 5
  0
CIRCLE
 5
 312
100
AcDbEntity
  8
Coupe_Sens_Horaire
100
AcDbCircle
 62
93
  6
CONTINUOUS
 10
 41.1696166992192
 20
-437.103668212891
 40
 5
  0
CIRCLE
 5
 313
100
AcDbEntity
  8
Coupe_Sens_Horaire
100
AcDbCircle
 62
93
  6
CONTINUOUS
 10
 57.1696166992192
 20
-437.103668212891
 40
 5
  0
CIRCLE
 5
 314
100
AcDbEntity
  8
Coupe_Sens_Horaire
100
AcDbCircle
 62
93
  6
CONTINUOUS
 10
 73.1696166992192
 20
-437.103668212891
 40
 5
  0
CIRCLE
 5
 315
100
AcDbEntity
  8
Coupe_Sens_Horaire
100
AcDbCircle
 62
93
  6
CONTINUOUS
 10
 89.1696166992192
 20
-437.103668212891
 40
 5
  0
CIRCLE
 5
 316
100
AcDbEntity
  8
Coupe_Sens_Horaire
100
AcDbCircle
 62
93
  6
CONTINUOUS
 10
 105.169616699219
 20
-437.103668212891
 40
 5
  0
CIRCLE
 5
 317
100
AcDbEntity
  8
Coupe_Sens_Horaire
100
AcDbCircle
 62
93
  6
CONTINUOUS
 10
 121.169616699219
 20
-437.103668212891
 40
 5
  0
CIRCLE
 5
 318
100
AcDbEntity
  8
Coupe_Sens_Horaire
100
AcDbCircle
 62
93
  6
CONTINUOUS
 10
 137.169616699219
 20
-437.103668212891
 40
 5
  0
CIRCLE
 5
 319
100
AcDbEntity
  8
Coupe_Sens_Horaire
100
AcDbCircle
 62
93
  6
CONTINUOUS
 10
 153.169616699219
 20
-437.103668212891
 40
 5
  0
CIRCLE
 5
 320
100
AcDbEntity
  8
Coupe_Sens_Horaire
100
AcDbCircle
 62
93
  6
CONTINUOUS
 10
 169.169616699219
 20
-437.103668212891
 40
 5
  0
CIRCLE
 5
 321
100
AcDbEntity
  8
Coupe_Sens_Horaire
100
AcDbCircle
 62
93
  6
CONTINUOUS
 10
 185.169616699219
 20
-437.103668212891
 40
 5
  0
CIRCLE
 5
 322
100
AcDbEntity
  8
Coupe_Sens_Horaire
100
AcDbCircle
 62
93
  6
CONTINUOUS
 10
 201.169616699219
 20
-437.103668212891
 40
 5
  0
CIRCLE
 5
 323
100
AcDbEntity
  8
Coupe_Sens_Horaire
100
AcDbCircle
 62
93
  6
CONTINUOUS
 10
 217.169616699219
 20
-437.103668212891
 40
 5
  0
CIRCLE
 5
 324
100
AcDbEntity
  8
Coupe_Sens_Horaire
100
AcDbCircle
 62
93
  6
CONTINUOUS
 10
 233.169616699219
 20
-437.103668212891
 40
 5
  0
CIRCLE
 5
 325
100
AcDbEntity
  8
Coupe_Sens_Horaire
100
AcDbCircle
 62
93
  6
CONTINUOUS
 10
 249.169616699219
 20
-437.103668212891
 40
 5
  0
CIRCLE
 5
 326
100
AcDbEntity
  8
Coupe_Sens_Horaire
100
AcDbCircle
 62
93
  6
CONTINUOUS
 10
 265.169616699219
 20
-437.103668212891
 40
 5
  0
CIRCLE
 5
 327
100
AcDbEntity
  8
Coupe_Sens_Horaire
100
AcDbCircle
 62
93
  6
CONTINUOUS
 10
 281.169616699219
 20
-437.103668212891
 40
 5
  0
CIRCLE
 5
 328
100
AcDbEntity
  8
Coupe_Sens_Horaire
100
AcDbCircle
 62
93
  6
CONTINUOUS
 10
 297.169616699219
 20
-437.103668212891
 40
 5
  0
CIRCLE
 5
 329
100
AcDbEntity
  8
Coupe_Sens_Horaire
100
AcDbCircle
 62
93
  6
CONTINUOUS
 10
 313.169616699219
 20
-437.103668212891
 40
 5
  0
CIRCLE
 5
 330
100
AcDbEntity
  8
Coupe_Sens_Horaire
100
AcDbCircle
 62
93
  6
CONTINUOUS
 10
 329.169616699219
 20
-437.103668212891
 40
 5
  0
CIRCLE
 5
 331
100
AcDbEntity
  8
Coupe_Sens_Horaire
100
AcDbCircle
 62
93
  6
CONTINUOUS
 10
 345.169616699219
 20
-437.103668212891
 40
 5
  0
CIRCLE
 5
 332
100
AcDbEntity
  8
Coupe_Sens_Horaire
100
AcDbCircle
 62
93
  6
CONTINUOUS
 10
 361.169616699219
 20
-437.103668212891
 40
 5
  0
CIRCLE
 5
 333
100
AcDbEntity
  8
Coupe_Sens_Horaire
100
AcDbCircle
 62
93
  6
CONTINUOUS
 10
 377.169616699219
 20
-437.103668212891
 40
 5
  0
CIRCLE
 5
 334
100
AcDbEntity
  8
Coupe_Sens_Horaire
100
AcDbCircle
 62
93
  6
CONTINUOUS
 10
 393.169616699219
 20
-437.103668212891
 40
 5
  0
CIRCLE
 5
 335
100
AcDbEntity
  8
Coupe_Sens_Horaire
100
AcDbCircle
 62
93
  6
CONTINUOUS
 10
 409.169616699219
 20
-437.103668212891
 40
 5
  0
CIRCLE
 5
 336
100
AcDbEntity
  8
Coupe_Sens_Horaire
100
AcDbCircle
 62
93
  6
CONTINUOUS
 10
 425.169616699219
 20
-437.103668212891
 40
 5
  0
CIRCLE
 5
 337
100
AcDbEntity
  8
Coupe_Sens_Horaire
100
AcDbCircle
 62
93
  6
CONTINUOUS
 10
 441.169616699219
 20
-437.103668212891
 40
 5
  0
CIRCLE
 5
 338
100
AcDbEntity
  8
Coupe_Sens_Horaire
100
AcDbCircle
 62
93
  6
CONTINUOUS
 10
 457.169616699219
 20
-437.103668212891
 40
 5
  0
CIRCLE
 5
 339
100
AcDbEntity
  8
Coupe_Sens_Horaire
100
AcDbCircle
 62
93
  6
CONTINUOUS
 10
 473.169616699219
 20
-437.103668212891
 40
 5
  0
CIRCLE
 5
 340
100
AcDbEntity
  8
Coupe_Sens_Horaire
100
AcDbCircle
 62
93
  6
CONTINUOUS
 10
 489.169616699219
 20
-437.103668212891
 40
 5
  0
CIRCLE
 5
 341
100
AcDbEntity
  8
Coupe_Sens_Horaire
100
AcDbCircle
 62
93
  6
CONTINUOUS
 10
 505.169616699219
 20
-437.103668212891
 40
 5
  0
CIRCLE
 5
 342
100
AcDbEntity
  8
Coupe_Sens_Horaire
100
AcDbCircle
 62
93
  6
CONTINUOUS
 10
 521.169616699219
 20
-437.103668212891
 40
 5
  0
CIRCLE
 5
 343
100
AcDbEntity
  8
Coupe_Sens_Horaire
100
AcDbCircle
 62
93
  6
CONTINUOUS
 10
 537.169616699219
 20
-437.103668212891
 40
 5
  0
CIRCLE
 5
 344
100
AcDbEntity
  8
Coupe_Sens_Horaire
100
AcDbCircle
 62
93
  6
CONTINUOUS
 10
 553.169616699219
 20
-437.103668212891
 40
 5
  0
CIRCLE
 5
 345
100
AcDbEntity
  8
Coupe_Sens_Horaire
100
AcDbCircle
 62
93
  6
CONTINUOUS
 10
 569.169616699219
 20
-437.103668212891
 40
 5
  0
CIRCLE
 5
 346
100
AcDbEntity
  8
Coupe_Sens_Horaire
100
AcDbCircle
 62
93
  6
CONTINUOUS
 10
 585.169616699219
 20
-437.103668212891
 40
 5
  0
CIRCLE
 5
 347
100
AcDbEntity
  8
Coupe_Sens_Horaire
100
AcDbCircle
 62
93
  6
CONTINUOUS
 10
 601.169616699219
 20
-437.103668212891
 40
 5
  0
CIRCLE
 5
 348
100
AcDbEntity
  8
Coupe_Sens_Horaire
100
AcDbCircle
 62
93
  6
CONTINUOUS
 10
 33.1696166992192
 20
-423.24726175234
 40
 5
  0
CIRCLE
 5
 349
100
AcDbEntity
  8
Coupe_Sens_Horaire
100
AcDbCircle
 62
93
  6
CONTINUOUS
 10
 49.1696166992192
 20
-423.24726175234
 40
 5
  0
CIRCLE
 5
 350
100
AcDbEntity
  8
Coupe_Sens_Horaire
100
AcDbCircle
 62
93
  6
CONTINUOUS
 10
 65.1696166992192
 20
-423.24726175234
 40
 5
  0
CIRCLE
 5
 351
100
AcDbEntity
  8
Coupe_Sens_Horaire
100
AcDbCircle
 62
93
  6
CONTINUOUS
 10
 81.1696166992192
 20
-423.24726175234
 40
 5
  0
CIRCLE
 5
 352
100
AcDbEntity
  8
Coupe_Sens_Horaire
100
AcDbCircle
 62
93
  6
CONTINUOUS
 10
 97.1696166992192
 20
-423.24726175234
 40
 5
  0
CIRCLE
 5
 353
100
AcDbEntity
  8
Coupe_Sens_Horaire
100
AcDbCircle
 62
93
  6
CONTINUOUS
 10
 113.169616699219
 20
-423.24726175234
 40
 5
  0
CIRCLE
 5
 354
100
AcDbEntity
  8
Coupe_Sens_Horaire
100
AcDbCircle
 62
93
  6
CONTINUOUS
 10
 129.169616699219
 20
-423.24726175234
 40
 5
  0
CIRCLE
 5
 355
100
AcDbEntity
  8
Coupe_Sens_Horaire
100
AcDbCircle
 62
93
  6
CONTINUOUS
 10
 145.169616699219
 20
-423.24726175234
 40
 5
  0
CIRCLE
 5
 356
100
AcDbEntity
  8
Coupe_Sens_Horaire
100
AcDbCircle
 62
93
  6
CONTINUOUS
 10
 161.169616699219
 20
-423.24726175234
 40
 5
  0
CIRCLE
 5
 357
100
AcDbEntity
  8
Coupe_Sens_Horaire
100
AcDbCircle
 62
93
  6
CONTINUOUS
 10
 177.169616699219
 20
-423.24726175234
 40
 5
  0
CIRCLE
 5
 358
100
AcDbEntity
  8
Coupe_Sens_Horaire
100
AcDbCircle
 62
93
  6
CONTINUOUS
 10
 193.169616699219
 20
-423.24726175234
 40
 5
  0
CIRCLE
 5
 359
100
AcDbEntity
  8
Coupe_Sens_Horaire
100
AcDbCircle
 62
93
  6
CONTINUOUS
 10
 209.169616699219
 20
-423.24726175234
 40
 5
  0
CIRCLE
 5
 360
100
AcDbEntity
  8
Coupe_Sens_Horaire
100
AcDbCircle
 62
93
  6
CONTINUOUS
 10
 225.169616699219
 20
-423.24726175234
 40
 5
  0
CIRCLE
 5
 361
100
AcDbEntity
  8
Coupe_Sens_Horaire
100
AcDbCircle
 62
93
  6
CONTINUOUS
 10
 241.169616699219
 20
-423.24726175234
 40
 5
  0
CIRCLE
 5
 362
100
AcDbEntity
  8
Coupe_Sens_Horaire
100
AcDbCircle
 62
93
  6
CONTINUOUS
 10
 257.169616699219
 20
-423.24726175234
 40
 5
  0
CIRCLE
 5
 363
100
AcDbEntity
  8
Coupe_Sens_Horaire
100
AcDbCircle
 62
93
  6
CONTINUOUS
 10
 273.169616699219
 20
-423.24726175234
 40
 5
  0
CIRCLE
 5
 364
100
AcDbEntity
  8
Coupe_Sens_Horaire
100
AcDbCircle
 62
93
  6
CONTINUOUS
 10
 289.169616699219
 20
-423.24726175234
 40
 5
  0
CIRCLE
 5
 365
100
AcDbEntity
  8
Coupe_Sens_Horaire
100
AcDbCircle
 62
93
  6
CONTINUOUS
 10
 305.169616699219
 20
-423.24726175234
 40
 5
  0
CIRCLE
 5
 366
100
AcDbEntity
  8
Coupe_Sens_Horaire
100
AcDbCircle
 62
93
  6
CONTINUOUS
 10
 321.169616699219
 20
-423.24726175234
 40
 5
  0
CIRCLE
 5
 367
100
AcDbEntity
  8
Coupe_Sens_Horaire
100
AcDbCircle
 62
93
  6
CONTINUOUS
 10
 337.169616699219
 20
-423.24726175234
 40
 5
  0
CIRCLE
 5
 368
100
AcDbEntity
  8
Coupe_Sens_Horaire
100
AcDbCircle
 62
93
  6
CONTINUOUS
 10
 353.169616699219
 20
-423.24726175234
 40
 5
  0
CIRCLE
 5
 369
100
AcDbEntity
  8
Coupe_Sens_Horaire
100
AcDbCircle
 62
93
  6
CONTINUOUS
 10
 369.169616699219
 20
-423.24726175234
 40
 5
  0
CIRCLE
 5
 370
100
AcDbEntity
  8
Coupe_Sens_Horaire
100
AcDbCircle
 62
93
  6
CONTINUOUS
 10
 385.169616699219
 20
-423.24726175234
 40
 5
  0
CIRCLE
 5
 371
100
AcDbEntity
  8
Coupe_Sens_Horaire
100
AcDbCircle
 62
93
  6
CONTINUOUS
 10
 401.169616699219
 20
-423.24726175234
 40
 5
  0
CIRCLE
 5
 372
100
AcDbEntity
  8
Coupe_Sens_Horaire
100
AcDbCircle
 62
93
  6
CONTINUOUS
 10
 417.169616699219
 20
-423.24726175234
 40
 5
  0
CIRCLE
 5
 373
100
AcDbEntity
  8
Coupe_Sens_Horaire
100
AcDbCircle
 62
93
  6
CONTINUOUS
 10
 433.169616699219
 20
-423.24726175234
 40
 5
  0
CIRCLE
 5
 374
100
AcDbEntity
  8
Coupe_Sens_Horaire
100
AcDbCircle
 62
93
  6
CONTINUOUS
 10
 449.169616699219
 20
-423.24726175234
 40
 5
  0
CIRCLE
 5
 375
100
AcDbEntity
  8
Coupe_Sens_Horaire
100
AcDbCircle
 62
93
  6
CONTINUOUS
 10
 465.169616699219
 20
-423.24726175234
 40
 5
  0
CIRCLE
 5
 376
100
AcDbEntity
  8
Coupe_Sens_Horaire
100
AcDbCircle
 62
93
  6
CONTINUOUS
 10
 481.169616699219
 20
-423.24726175234
 40
 5
  0
CIRCLE
 5
 377
100
AcDbEntity
  8
Coupe_Sens_Horaire
100
AcDbCircle
 62
93
  6
CONTINUOUS
 10
 497.169616699219
 20
-423.24726175234
 40
 5
  0
CIRCLE
 5
 378
100
AcDbEntity
  8
Coupe_Sens_Horaire
100
AcDbCircle
 62
93
  6
CONTINUOUS
 10
 513.169616699219
 20
-423.24726175234
 40
 5
  0
CIRCLE
 5
 379
100
AcDbEntity
  8
Coupe_Sens_Horaire
100
AcDbCircle
 62
93
  6
CONTINUOUS
 10
 529.169616699219
 20
-423.24726175234
 40
 5
  0
CIRCLE
 5
 380
100
AcDbEntity
  8
Coupe_Sens_Horaire
100
AcDbCircle
 62
93
  6
CONTINUOUS
 10
 545.169616699219
 20
-423.24726175234
 40
 5
  0
CIRCLE
 5
 381
100
AcDbEntity
  8
Coupe_Sens_Horaire
100
AcDbCircle
 62
93
  6
CONTINUOUS
 10
 561.169616699219
 20
-423.24726175234
 40
 5
  0
CIRCLE
 5
 382
100
AcDbEntity
  8
Coupe_Sens_Horaire
100
AcDbCircle
 62
93
  6
CONTINUOUS
 10
 577.169616699219
 20
-423.24726175234
 40
 5
  0
CIRCLE
 5
 383
100
AcDbEntity
  8
Coupe_Sens_Horaire
100
AcDbCircle
 62
93
  6
CONTINUOUS
 10
 593.169616699219
 20
-423.24726175234
 40
 5
  0
CIRCLE
 5
 384
100
AcDbEntity
  8
Coupe_Sens_Horaire
100
AcDbCircle
 62
93
  6
CONTINUOUS
 10
 9.1696166992192
 20
-437.103668126736
 40
 5
  0
CIRCLE
 5
 385
100
AcDbEntity
  8
Coupe_Sens_Horaire
100
AcDbCircle
 62
93
  6
CONTINUOUS
 10
-6.8303833007808
 20
-437.103667954426
 40
 5
  0
CIRCLE
 5
 386
100
AcDbEntity
  8
Coupe_Sens_Horaire
100
AcDbCircle
 62
93
  6
CONTINUOUS
 10
-22.8303833007808
 20
-437.103667782116
 40
 5
  0
CIRCLE
 5
 387
100
AcDbEntity
  8
Coupe_Sens_Horaire
100
AcDbCircle
 62
93
  6
CONTINUOUS
 10
-38.8303833007808
 20
-437.103667609806
 40
 5
  0
CIRCLE
 5
 388
100
AcDbEntity
  8
Coupe_Sens_Horaire
100
AcDbCircle
 62
93
  6
CONTINUOUS
 10
-54.8303833007808
 20
-437.103667437496
 40
 5
  0
CIRCLE
 5
 389
100
AcDbEntity
  8
Coupe_Sens_Horaire
100
AcDbCircle
 62
93
  6
CONTINUOUS
 10
-70.8303833007813
 20
-437.103667265186
 40
 5
  0
CIRCLE
 5
 390
100
AcDbEntity
  8
Coupe_Sens_Horaire
100
AcDbCircle
 62
93
  6
CONTINUOUS
 10
-86.8303833007813
 20
-437.103667092876
 40
 5
  0
CIRCLE
 5
 391
100
AcDbEntity
  8
Coupe_Sens_Horaire
100
AcDbCircle
 62
93
  6
CONTINUOUS
 10
-102.830383300781
 20
-437.103666920565
 40
 5
  0
CIRCLE
 5
 392
100
AcDbEntity
  8
Coupe_Sens_Horaire
100
AcDbCircle
 62
93
  6
CONTINUOUS
 10
-118.830383300781
 20
-437.103666748256
 40
 5
  0
CIRCLE
 5
 393
100
AcDbEntity
  8
Coupe_Sens_Horaire
100
AcDbCircle
 62
93
  6
CONTINUOUS
 10
-134.830383300781
 20
-437.103666575945
 40
 5
  0
CIRCLE
 5
 394
100
AcDbEntity
  8
Coupe_Sens_Horaire
100
AcDbCircle
 62
93
  6
CONTINUOUS
 10
-150.830383300781
 20
-437.103666403635
 40
 5
  0
CIRCLE
 5
 395
100
AcDbEntity
  8
Coupe_Sens_Horaire
100
AcDbCircle
 62
93
  6
CONTINUOUS
 10
-166.830383300781
 20
-437.103666231325
 40
 5
  0
CIRCLE
 5
 396
100
AcDbEntity
  8
Coupe_Sens_Horaire
100
AcDbCircle
 62
93
  6
CONTINUOUS
 10
-182.830383300781
 20
-437.103666059015
 40
 5
  0
CIRCLE
 5
 397
100
AcDbEntity
  8
Coupe_Sens_Horaire
100
AcDbCircle
 62
93
  6
CONTINUOUS
 10
-198.830383300781
 20
-437.103665886705
 40
 5
  0
CIRCLE
 5
 398
100
AcDbEntity
  8
Coupe_Sens_Horaire
100
AcDbCircle
 62
93
  6
CONTINUOUS
 10
-214.830383300781
 20
-437.103665714395
 40
 5
  0
CIRCLE
 5
 399
100
AcDbEntity
  8
Coupe_Sens_Horaire
100
AcDbCircle
 62
93
  6
CONTINUOUS
 10
-230.830383300781
 20
-437.103665542085
 40
 5
  0
CIRCLE
 5
 400
100
AcDbEntity
  8
Coupe_Sens_Horaire
100
AcDbCircle
 62
93
  6
CONTINUOUS
 10
-246.830383300781
 20
-437.103665369775
 40
 5
  0
CIRCLE
 5
 401
100
AcDbEntity
  8
Coupe_Sens_Horaire
100
AcDbCircle
 62
93
  6
CONTINUOUS
 10
-262.830383300781
 20
-437.103665197465
 40
 5
  0
CIRCLE
 5
 402
100
AcDbEntity
  8
Coupe_Sens_Horaire
100
AcDbCircle
 62
93
  6
CONTINUOUS
 10
-278.830383300781
 20
-437.103665025155
 40
 5
  0
CIRCLE
 5
 403
100
AcDbEntity
  8
Coupe_Sens_Horaire
100
AcDbCircle
 62
93
  6
CONTINUOUS
 10
-294.830383300781
 20
-437.103664852845
 40
 5
  0
CIRCLE
 5
 404
100
AcDbEntity
  8
Coupe_Sens_Horaire
100
AcDbCircle
 62
93
  6
CONTINUOUS
 10
-310.830383300781
 20
-437.103664680535
 40
 5
  0
CIRCLE
 5
 405
100
AcDbEntity
  8
Coupe_Sens_Horaire
100
AcDbCircle
 62
93
  6
CONTINUOUS
 10
-326.830383300781
 20
-437.103664508225
 40
 5
  0
CIRCLE
 5
 406
100
AcDbEntity
  8
Coupe_Sens_Horaire
100
AcDbCircle
 62
93
  6
CONTINUOUS
 10
-342.830383300781
 20
-437.103664335915
 40
 5
  0
CIRCLE
 5
 407
100
AcDbEntity
  8
Coupe_Sens_Horaire
100
AcDbCircle
 62
93
  6
CONTINUOUS
 10
-358.830383300781
 20
-437.103664163605
 40
 5
  0
CIRCLE
 5
 408
100
AcDbEntity
  8
Coupe_Sens_Horaire
100
AcDbCircle
 62
93
  6
CONTINUOUS
 10
-374.830383300781
 20
-437.103663991295
 40
 5
  0
CIRCLE
 5
 409
100
AcDbEntity
  8
Coupe_Sens_Horaire
100
AcDbCircle
 62
93
  6
CONTINUOUS
 10
-390.830383300781
 20
-437.103663818985
 40
 5
  0
CIRCLE
 5
 410
100
AcDbEntity
  8
Coupe_Sens_Horaire
100
AcDbCircle
 62
93
  6
CONTINUOUS
 10
-406.830383300781
 20
-437.103663646675
 40
 5
  0
CIRCLE
 5
 411
100
AcDbEntity
  8
Coupe_Sens_Horaire
100
AcDbCircle
 62
93
  6
CONTINUOUS
 10
-422.830383300781
 20
-437.103663474364
 40
 5
  0
CIRCLE
 5
 412
100
AcDbEntity
  8
Coupe_Sens_Horaire
100
AcDbCircle
 62
93
  6
CONTINUOUS
 10
-438.830383300781
 20
-437.103663302054
 40
 5
  0
CIRCLE
 5
 413
100
AcDbEntity
  8
Coupe_Sens_Horaire
100
AcDbCircle
 62
93
  6
CONTINUOUS
 10
-454.830383300781
 20
-437.103663129744
 40
 5
  0
CIRCLE
 5
 414
100
AcDbEntity
  8
Coupe_Sens_Horaire
100
AcDbCircle
 62
93
  6
CONTINUOUS
 10
-470.830383300781
 20
-437.103662957434
 40
 5
  0
CIRCLE
 5
 415
100
AcDbEntity
  8
Coupe_Sens_Horaire
100
AcDbCircle
 62
93
  6
CONTINUOUS
 10
-486.830383300781
 20
-437.103662785124
 40
 5
  0
CIRCLE
 5
 416
100
AcDbEntity
  8
Coupe_Sens_Horaire
100
AcDbCircle
 62
93
  6
CONTINUOUS
 10
-502.830383300781
 20
-437.103662612814
 40
 5
  0
CIRCLE
 5
 417
100
AcDbEntity
  8
Coupe_Sens_Horaire
100
AcDbCircle
 62
93
  6
CONTINUOUS
 10
-518.830383300781
 20
-437.103662440504
 40
 5
  0
CIRCLE
 5
 418
100
AcDbEntity
  8
Coupe_Sens_Horaire
100
AcDbCircle
 62
93
  6
CONTINUOUS
 10
-534.830383300781
 20
-437.103662268194
 40
 5
  0
CIRCLE
 5
 419
100
AcDbEntity
  8
Coupe_Sens_Horaire
100
AcDbCircle
 62
93
  6
CONTINUOUS
 10
-550.830383300781
 20
-437.103662095884
 40
 5
  0
CIRCLE
 5
 420
100
AcDbEntity
  8
Coupe_Sens_Horaire
100
AcDbCircle
 62
93
  6
CONTINUOUS
 10
-566.830383300781
 20
-437.103661923574
 40
 5
  0
CIRCLE
 5
 421
100
AcDbEntity
  8
Coupe_Sens_Horaire
100
AcDbCircle
 62
93
  6
CONTINUOUS
 10
 1.16961684844409
 20
-423.24726158003
 40
 5
  0
CIRCLE
 5
 422
100
AcDbEntity
  8
Coupe_Sens_Horaire
100
AcDbCircle
 62
93
  6
CONTINUOUS
 10
-14.8303831515559
 20
-423.24726140772
 40
 5
  0
CIRCLE
 5
 423
100
AcDbEntity
  8
Coupe_Sens_Horaire
100
AcDbCircle
 62
93
  6
CONTINUOUS
 10
-30.8303831515559
 20
-423.24726123541
 40
 5
  0
CIRCLE
 5
 424
100
AcDbEntity
  8
Coupe_Sens_Horaire
100
AcDbCircle
 62
93
  6
CONTINUOUS
 10
-46.8303831515559
 20
-423.2472610631
 40
 5
  0
CIRCLE
 5
 425
100
AcDbEntity
  8
Coupe_Sens_Horaire
100
AcDbCircle
 62
93
  6
CONTINUOUS
 10
-62.8303831515559
 20
-423.24726089079
 40
 5
  0
CIRCLE
 5
 426
100
AcDbEntity
  8
Coupe_Sens_Horaire
100
AcDbCircle
 62
93
  6
CONTINUOUS
 10
-78.8303831515564
 20
-423.24726071848
 40
 5
  0
CIRCLE
 5
 427
100
AcDbEntity
  8
Coupe_Sens_Horaire
100
AcDbCircle
 62
93
  6
CONTINUOUS
 10
-94.8303831515564
 20
-423.24726054617
 40
 5
  0
CIRCLE
 5
 428
100
AcDbEntity
  8
Coupe_Sens_Horaire
100
AcDbCircle
 62
93
  6
CONTINUOUS
 10
-110.830383151556
 20
-423.247260373859
 40
 5
  0
CIRCLE
 5
 429
100
AcDbEntity
  8
Coupe_Sens_Horaire
100
AcDbCircle
 62
93
  6
CONTINUOUS
 10
-126.830383151556
 20
-423.247260201549
 40
 5
  0
CIRCLE
 5
 430
100
AcDbEntity
  8
Coupe_Sens_Horaire
100
AcDbCircle
 62
93
  6
CONTINUOUS
 10
-142.830383151556
 20
-423.247260029239
 40
 5
  0
CIRCLE
 5
 431
100
AcDbEntity
  8
Coupe_Sens_Horaire
100
AcDbCircle
 62
93
  6
CONTINUOUS
 10
-158.830383151556
 20
-423.247259856929
 40
 5
  0
CIRCLE
 5
 432
100
AcDbEntity
  8
Coupe_Sens_Horaire
100
AcDbCircle
 62
93
  6
CONTINUOUS
 10
-174.830383151556
 20
-423.247259684619
 40
 5
  0
CIRCLE
 5
 433
100
AcDbEntity
  8
Coupe_Sens_Horaire
100
AcDbCircle
 62
93
  6
CONTINUOUS
 10
-190.830383151556
 20
-423.247259512309
 40
 5
  0
CIRCLE
 5
 434
100
AcDbEntity
  8
Coupe_Sens_Horaire
100
AcDbCircle
 62
93
  6
CONTINUOUS
 10
-206.830383151556
 20
-423.247259339999
 40
 5
  0
CIRCLE
 5
 435
100
AcDbEntity
  8
Coupe_Sens_Horaire
100
AcDbCircle
 62
93
  6
CONTINUOUS
 10
-222.830383151556
 20
-423.247259167689
 40
 5
  0
CIRCLE
 5
 436
100
AcDbEntity
  8
Coupe_Sens_Horaire
100
AcDbCircle
 62
93
  6
CONTINUOUS
 10
-238.830383151556
 20
-423.247258995379
 40
 5
  0
CIRCLE
 5
 437
100
AcDbEntity
  8
Coupe_Sens_Horaire
100
AcDbCircle
 62
93
  6
CONTINUOUS
 10
-254.830383151556
 20
-423.247258823069
 40
 5
  0
CIRCLE
 5
 438
100
AcDbEntity
  8
Coupe_Sens_Horaire
100
AcDbCircle
 62
93
  6
CONTINUOUS
 10
-270.830383151556
 20
-423.247258650759
 40
 5
  0
CIRCLE
 5
 439
100
AcDbEntity
  8
Coupe_Sens_Horaire
100
AcDbCircle
 62
93
  6
CONTINUOUS
 10
-286.830383151556
 20
-423.247258478449
 40
 5
  0
CIRCLE
 5
 440
100
AcDbEntity
  8
Coupe_Sens_Horaire
100
AcDbCircle
 62
93
  6
CONTINUOUS
 10
-302.830383151556
 20
-423.247258306139
 40
 5
  0
CIRCLE
 5
 441
100
AcDbEntity
  8
Coupe_Sens_Horaire
100
AcDbCircle
 62
93
  6
CONTINUOUS
 10
-318.830383151556
 20
-423.247258133829
 40
 5
  0
CIRCLE
 5
 442
100
AcDbEntity
  8
Coupe_Sens_Horaire
100
AcDbCircle
 62
93
  6
CONTINUOUS
 10
-334.830383151556
 20
-423.247257961519
 40
 5
  0
CIRCLE
 5
 443
100
AcDbEntity
  8
Coupe_Sens_Horaire
100
AcDbCircle
 62
93
  6
CONTINUOUS
 10
-350.830383151556
 20
-423.247257789209
 40
 5
  0
CIRCLE
 5
 444
100
AcDbEntity
  8
Coupe_Sens_Horaire
100
AcDbCircle
 62
93
  6
CONTINUOUS
 10
-366.830383151556
 20
-423.247257616899
 40
 5
  0
CIRCLE
 5
 445
100
AcDbEntity
  8
Coupe_Sens_Horaire
100
AcDbCircle
 62
93
  6
CONTINUOUS
 10
-382.830383151556
 20
-423.247257444588
 40
 5
  0
CIRCLE
 5
 446
100
AcDbEntity
  8
Coupe_Sens_Horaire
100
AcDbCircle
 62
93
  6
CONTINUOUS
 10
-398.830383151556
 20
-423.247257272278
 40
 5
  0
CIRCLE
 5
 447
100
AcDbEntity
  8
Coupe_Sens_Horaire
100
AcDbCircle
 62
93
  6
CONTINUOUS
 10
-414.830383151556
 20
-423.247257099968
 40
 5
  0
CIRCLE
 5
 448
100
AcDbEntity
  8
Coupe_Sens_Horaire
100
AcDbCircle
 62
93
  6
CONTINUOUS
 10
-430.830383151556
 20
-423.247256927658
 40
 5
  0
CIRCLE
 5
 449
100
AcDbEntity
  8
Coupe_Sens_Horaire
100
AcDbCircle
 62
93
  6
CONTINUOUS
 10
-446.830383151556
 20
-423.247256755348
 40
 5
  0
CIRCLE
 5
 450
100
AcDbEntity
  8
Coupe_Sens_Horaire
100
AcDbCircle
 62
93
  6
CONTINUOUS
 10
-462.830383151556
 20
-423.247256583038
 40
 5
  0
CIRCLE
 5
 451
100
AcDbEntity
  8
Coupe_Sens_Horaire
100
AcDbCircle
 62
93
  6
CONTINUOUS
 10
-478.830383151556
 20
-423.247256410728
 40
 5
  0
CIRCLE
 5
 452
100
AcDbEntity
  8
Coupe_Sens_Horaire
100
AcDbCircle
 62
93
  6
CONTINUOUS
 10
-494.830383151556
 20
-423.247256238418
 40
 5
  0
CIRCLE
 5
 453
100
AcDbEntity
  8
Coupe_Sens_Horaire
100
AcDbCircle
 62
93
  6
CONTINUOUS
 10
-510.830383151556
 20
-423.247256066108
 40
 5
  0
CIRCLE
 5
 454
100
AcDbEntity
  8
Coupe_Sens_Horaire
100
AcDbCircle
 62
93
  6
CONTINUOUS
 10
-526.830383151556
 20
-423.247255893798
 40
 5
  0
CIRCLE
 5
 455
100
AcDbEntity
  8
Coupe_Sens_Horaire
100
AcDbCircle
 62
93
  6
CONTINUOUS
 10
-542.830383151556
 20
-423.247255721488
 40
 5
  0
CIRCLE
 5
 456
100
AcDbEntity
  8
Coupe_Sens_Horaire
100
AcDbCircle
 62
93
  6
CONTINUOUS
 10
-558.830383151556
 20
-423.247255549178
 40
 5
  0
CIRCLE
 5
 457
100
AcDbEntity
  8
Coupe_Sens_Horaire
100
AcDbCircle
 62
93
  6
CONTINUOUS
 10
 17.1696166992192
 20
-423.24726175234
 40
 5
  0
CIRCLE
 5
 458
100
AcDbEntity
  8
Coupe_Sens_Horaire
100
AcDbCircle
 62
93
  6
CONTINUOUS
 10
 25.1696166992192
 20
-409.390855291789
 40
 5
  0
CIRCLE
 5
 459
100
AcDbEntity
  8
Coupe_Sens_Horaire
100
AcDbCircle
 62
93
  6
CONTINUOUS
 10
 25.1696166992192
 20
-381.678042370687
 40
 5
  0
CIRCLE
 5
 460
100
AcDbEntity
  8
Coupe_Sens_Horaire
100
AcDbCircle
 62
93
  6
CONTINUOUS
 10
 25.1696166992192
 20
-353.965229449585
 40
 5
  0
CIRCLE
 5
 461
100
AcDbEntity
  8
Coupe_Sens_Horaire
100
AcDbCircle
 62
93
  6
CONTINUOUS
 10
 25.1696166992192
 20
-326.252416528482
 40
 5
  0
CIRCLE
 5
 462
100
AcDbEntity
  8
Coupe_Sens_Horaire
100
AcDbCircle
 62
93
  6
CONTINUOUS
 10
 25.1696166992192
 20
-298.53960360738
 40
 5
  0
CIRCLE
 5
 463
100
AcDbEntity
  8
Coupe_Sens_Horaire
100
AcDbCircle
 62
93
  6
CONTINUOUS
 10
 25.1696166992192
 20
-270.826790686278
 40
 5
  0
CIRCLE
 5
 464
100
AcDbEntity
  8
Coupe_Sens_Horaire
100
AcDbCircle
 62
93
  6
CONTINUOUS
 10
 25.1696166992192
 20
-243.113977765176
 40
 5
  0
CIRCLE
 5
 465
100
AcDbEntity
  8
Coupe_Sens_Horaire
100
AcDbCircle
 62
93
  6
CONTINUOUS
 10
 25.1696166992192
 20
-215.401164844074
 40
 5
  0
CIRCLE
 5
 466
100
AcDbEntity
  8
Coupe_Sens_Horaire
100
AcDbCircle
 62
93
  6
CONTINUOUS
 10
 41.1696166992192
 20
-409.390855291789
 40
 5
  0
CIRCLE
 5
 467
100
AcDbEntity
  8
Coupe_Sens_Horaire
100
AcDbCircle
 62
93
  6
CONTINUOUS
 10
 41.1696166992192
 20
-381.678042370687
 40
 5
  0
CIRCLE
 5
 468
100
AcDbEntity
  8
Coupe_Sens_Horaire
100
AcDbCircle
 62
93
  6
CONTINUOUS
 10
 41.1696166992192
 20
-353.965229449585
 40
 5
  0
CIRCLE
 5
 469
100
AcDbEntity
  8
Coupe_Sens_Horaire
100
AcDbCircle
 62
93
  6
CONTINUOUS
 10
 41.1696166992192
 20
-326.252416528482
 40
 5
  0
CIRCLE
 5
 470
100
AcDbEntity
  8
Coupe_Sens_Horaire
100
AcDbCircle
 62
93
  6
CONTINUOUS
 10
 41.1696166992192
 20
-298.53960360738
 40
 5
  0
CIRCLE
 5
 471
100
AcDbEntity
  8
Coupe_Sens_Horaire
100
AcDbCircle
 62
93
  6
CONTINUOUS
 10
 41.1696166992192
 20
-270.826790686278
 40
 5
  0
CIRCLE
 5
 472
100
AcDbEntity
  8
Coupe_Sens_Horaire
100
AcDbCircle
 62
93
  6
CONTINUOUS
 10
 41.1696166992192
 20
-243.113977765176
 40
 5
  0
CIRCLE
 5
 473
100
AcDbEntity
  8
Coupe_Sens_Horaire
100
AcDbCircle
 62
93
  6
CONTINUOUS
 10
 41.1696166992192
 20
-215.401164844074
 40
 5
  0
CIRCLE
 5
 474
100
AcDbEntity
  8
Coupe_Sens_Horaire
100
AcDbCircle
 62
93
  6
CONTINUOUS
 10
 57.1696166992192
 20
-409.390855291789
 40
 5
  0
CIRCLE
 5
 475
100
AcDbEntity
  8
Coupe_Sens_Horaire
100
AcDbCircle
 62
93
  6
CONTINUOUS
 10
 57.1696166992192
 20
-381.678042370687
 40
 5
  0
CIRCLE
 5
 476
100
AcDbEntity
  8
Coupe_Sens_Horaire
100
AcDbCircle
 62
93
  6
CONTINUOUS
 10
 57.1696166992192
 20
-353.965229449585
 40
 5
  0
CIRCLE
 5
 477
100
AcDbEntity
  8
Coupe_Sens_Horaire
100
AcDbCircle
 62
93
  6
CONTINUOUS
 10
 57.1696166992192
 20
-326.252416528482
 40
 5
  0
CIRCLE
 5
 478
100
AcDbEntity
  8
Coupe_Sens_Horaire
100
AcDbCircle
 62
93
  6
CONTINUOUS
 10
 57.1696166992192
 20
-298.53960360738
 40
 5
  0
CIRCLE
 5
 479
100
AcDbEntity
  8
Coupe_Sens_Horaire
100
AcDbCircle
 62
93
  6
CONTINUOUS
 10
 57.1696166992192
 20
-270.826790686278
 40
 5
  0
CIRCLE
 5
 480
100
AcDbEntity
  8
Coupe_Sens_Horaire
100
AcDbCircle
 62
93
  6
CONTINUOUS
 10
 57.1696166992192
 20
-243.113977765176
 40
 5
  0
CIRCLE
 5
 481
100
AcDbEntity
  8
Coupe_Sens_Horaire
100
AcDbCircle
 62
93
  6
CONTINUOUS
 10
 57.1696166992192
 20
-215.401164844074
 40
 5
  0
CIRCLE
 5
 482
100
AcDbEntity
  8
Coupe_Sens_Horaire
100
AcDbCircle
 62
93
  6
CONTINUOUS
 10
 73.1696166992192
 20
-409.390855291789
 40
 5
  0
CIRCLE
 5
 483
100
AcDbEntity
  8
Coupe_Sens_Horaire
100
AcDbCircle
 62
93
  6
CONTINUOUS
 10
 73.1696166992192
 20
-381.678042370687
 40
 5
  0
CIRCLE
 5
 484
100
AcDbEntity
  8
Coupe_Sens_Horaire
100
AcDbCircle
 62
93
  6
CONTINUOUS
 10
 73.1696166992192
 20
-353.965229449585
 40
 5
  0
CIRCLE
 5
 485
100
AcDbEntity
  8
Coupe_Sens_Horaire
100
AcDbCircle
 62
93
  6
CONTINUOUS
 10
 73.1696166992192
 20
-326.252416528482
 40
 5
  0
CIRCLE
 5
 486
100
AcDbEntity
  8
Coupe_Sens_Horaire
100
AcDbCircle
 62
93
  6
CONTINUOUS
 10
 73.1696166992192
 20
-298.53960360738
 40
 5
  0
CIRCLE
 5
 487
100
AcDbEntity
  8
Coupe_Sens_Horaire
100
AcDbCircle
 62
93
  6
CONTINUOUS
 10
 73.1696166992192
 20
-270.826790686278
 40
 5
  0
CIRCLE
 5
 488
100
AcDbEntity
  8
Coupe_Sens_Horaire
100
AcDbCircle
 62
93
  6
CONTINUOUS
 10
 73.1696166992192
 20
-243.113977765176
 40
 5
  0
CIRCLE
 5
 489
100
AcDbEntity
  8
Coupe_Sens_Horaire
100
AcDbCircle
 62
93
  6
CONTINUOUS
 10
 73.1696166992192
 20
-215.401164844074
 40
 5
  0
CIRCLE
 5
 490
100
AcDbEntity
  8
Coupe_Sens_Horaire
100
AcDbCircle
 62
93
  6
CONTINUOUS
 10
 89.1696166992192
 20
-409.390855291789
 40
 5
  0
CIRCLE
 5
 491
100
AcDbEntity
  8
Coupe_Sens_Horaire
100
AcDbCircle
 62
93
  6
CONTINUOUS
 10
 89.1696166992192
 20
-381.678042370687
 40
 5
  0
CIRCLE
 5
 492
100
AcDbEntity
  8
Coupe_Sens_Horaire
100
AcDbCircle
 62
93
  6
CONTINUOUS
 10
 89.1696166992192
 20
-353.965229449585
 40
 5
  0
CIRCLE
 5
 493
100
AcDbEntity
  8
Coupe_Sens_Horaire
100
AcDbCircle
 62
93
  6
CONTINUOUS
 10
 89.1696166992192
 20
-326.252416528482
 40
 5
  0
CIRCLE
 5
 494
100
AcDbEntity
  8
Coupe_Sens_Horaire
100
AcDbCircle
 62
93
  6
CONTINUOUS
 10
 89.1696166992192
 20
-298.53960360738
 40
 5
  0
CIRCLE
 5
 495
100
AcDbEntity
  8
Coupe_Sens_Horaire
100
AcDbCircle
 62
93
  6
CONTINUOUS
 10
 89.1696166992192
 20
-270.826790686278
 40
 5
  0
CIRCLE
 5
 496
100
AcDbEntity
  8
Coupe_Sens_Horaire
100
AcDbCircle
 62
93
  6
CONTINUOUS
 10
 89.1696166992192
 20
-243.113977765176
 40
 5
  0
CIRCLE
 5
 497
100
AcDbEntity
  8
Coupe_Sens_Horaire
100
AcDbCircle
 62
93
  6
CONTINUOUS
 10
 89.1696166992192
 20
-215.401164844074
 40
 5
  0
CIRCLE
 5
 498
100
AcDbEntity
  8
Coupe_Sens_Horaire
100
AcDbCircle
 62
93
  6
CONTINUOUS
 10
 105.169616699219
 20
-409.390855291789
 40
 5
  0
CIRCLE
 5
 499
100
AcDbEntity
  8
Coupe_Sens_Horaire
100
AcDbCircle
 62
93
  6
CONTINUOUS
 10
 105.169616699219
 20
-381.678042370687
 40
 5
  0
CIRCLE
 5
 500
100
AcDbEntity
  8
Coupe_Sens_Horaire
100
AcDbCircle
 62
93
  6
CONTINUOUS
 10
 105.169616699219
 20
-353.965229449585
 40
 5
  0
CIRCLE
 5
 501
100
AcDbEntity
  8
Coupe_Sens_Horaire
100
AcDbCircle
 62
93
  6
CONTINUOUS
 10
 105.169616699219
 20
-326.252416528482
 40
 5
  0
CIRCLE
 5
 502
100
AcDbEntity
  8
Coupe_Sens_Horaire
100
AcDbCircle
 62
93
  6
CONTINUOUS
 10
 105.169616699219
 20
-298.53960360738
 40
 5
  0
CIRCLE
 5
 503
100
AcDbEntity
  8
Coupe_Sens_Horaire
100
AcDbCircle
 62
93
  6
CONTINUOUS
 10
 105.169616699219
 20
-270.826790686278
 40
 5
  0
CIRCLE
 5
 504
100
AcDbEntity
  8
Coupe_Sens_Horaire
100
AcDbCircle
 62
93
  6
CONTINUOUS
 10
 105.169616699219
 20
-243.113977765176
 40
 5
  0
CIRCLE
 5
 505
100
AcDbEntity
  8
Coupe_Sens_Horaire
100
AcDbCircle
 62
93
  6
CONTINUOUS
 10
 105.169616699219
 20
-215.401164844074
 40
 5
  0
CIRCLE
 5
 506
100
AcDbEntity
  8
Coupe_Sens_Horaire
100
AcDbCircle
 62
93
  6
CONTINUOUS
 10
 121.169616699219
 20
-409.390855291789
 40
 5
  0
CIRCLE
 5
 507
100
AcDbEntity
  8
Coupe_Sens_Horaire
100
AcDbCircle
 62
93
  6
CONTINUOUS
 10
 121.169616699219
 20
-381.678042370687
 40
 5
  0
CIRCLE
 5
 508
100
AcDbEntity
  8
Coupe_Sens_Horaire
100
AcDbCircle
 62
93
  6
CONTINUOUS
 10
 121.169616699219
 20
-353.965229449585
 40
 5
  0
CIRCLE
 5
 509
100
AcDbEntity
  8
Coupe_Sens_Horaire
100
AcDbCircle
 62
93
  6
CONTINUOUS
 10
 121.169616699219
 20
-326.252416528482
 40
 5
  0
CIRCLE
 5
 510
100
AcDbEntity
  8
Coupe_Sens_Horaire
100
AcDbCircle
 62
93
  6
CONTINUOUS
 10
 121.169616699219
 20
-298.53960360738
 40
 5
  0
CIRCLE
 5
 511
100
AcDbEntity
  8
Coupe_Sens_Horaire
100
AcDbCircle
 62
93
  6
CONTINUOUS
 10
 121.169616699219
 20
-270.826790686278
 40
 5
  0
CIRCLE
 5
 512
100
AcDbEntity
  8
Coupe_Sens_Horaire
100
AcDbCircle
 62
93
  6
CONTINUOUS
 10
 121.169616699219
 20
-243.113977765176
 40
 5
  0
CIRCLE
 5
 513
100
AcDbEntity
  8
Coupe_Sens_Horaire
100
AcDbCircle
 62
93
  6
CONTINUOUS
 10
 121.169616699219
 20
-215.401164844074
 40
 5
  0
CIRCLE
 5
 514
100
AcDbEntity
  8
Coupe_Sens_Horaire
100
AcDbCircle
 62
93
  6
CONTINUOUS
 10
 137.169616699219
 20
-409.390855291789
 40
 5
  0
CIRCLE
 5
 515
100
AcDbEntity
  8
Coupe_Sens_Horaire
100
AcDbCircle
 62
93
  6
CONTINUOUS
 10
 137.169616699219
 20
-381.678042370687
 40
 5
  0
CIRCLE
 5
 516
100
AcDbEntity
  8
Coupe_Sens_Horaire
100
AcDbCircle
 62
93
  6
CONTINUOUS
 10
 137.169616699219
 20
-353.965229449585
 40
 5
  0
CIRCLE
 5
 517
100
AcDbEntity
  8
Coupe_Sens_Horaire
100
AcDbCircle
 62
93
  6
CONTINUOUS
 10
 137.169616699219
 20
-326.252416528482
 40
 5
  0
CIRCLE
 5
 518
100
AcDbEntity
  8
Coupe_Sens_Horaire
100
AcDbCircle
 62
93
  6
CONTINUOUS
 10
 137.169616699219
 20
-298.53960360738
 40
 5
  0
CIRCLE
 5
 519
100
AcDbEntity
  8
Coupe_Sens_Horaire
100
AcDbCircle
 62
93
  6
CONTINUOUS
 10
 137.169616699219
 20
-270.826790686278
 40
 5
  0
CIRCLE
 5
 520
100
AcDbEntity
  8
Coupe_Sens_Horaire
100
AcDbCircle
 62
93
  6
CONTINUOUS
 10
 137.169616699219
 20
-243.113977765176
 40
 5
  0
CIRCLE
 5
 521
100
AcDbEntity
  8
Coupe_Sens_Horaire
100
AcDbCircle
 62
93
  6
CONTINUOUS
 10
 137.169616699219
 20
-215.401164844074
 40
 5
  0
CIRCLE
 5
 522
100
AcDbEntity
  8
Coupe_Sens_Horaire
100
AcDbCircle
 62
93
  6
CONTINUOUS
 10
 153.169616699219
 20
-409.390855291789
 40
 5
  0
CIRCLE
 5
 523
100
AcDbEntity
  8
Coupe_Sens_Horaire
100
AcDbCircle
 62
93
  6
CONTINUOUS
 10
 153.169616699219
 20
-381.678042370687
 40
 5
  0
CIRCLE
 5
 524
100
AcDbEntity
  8
Coupe_Sens_Horaire
100
AcDbCircle
 62
93
  6
CONTINUOUS
 10
 153.169616699219
 20
-353.965229449585
 40
 5
  0
CIRCLE
 5
 525
100
AcDbEntity
  8
Coupe_Sens_Horaire
100
AcDbCircle
 62
93
  6
CONTINUOUS
 10
 153.169616699219
 20
-326.252416528482
 40
 5
  0
CIRCLE
 5
 526
100
AcDbEntity
  8
Coupe_Sens_Horaire
100
AcDbCircle
 62
93
  6
CONTINUOUS
 10
 153.169616699219
 20
-298.53960360738
 40
 5
  0
CIRCLE
 5
 527
100
AcDbEntity
  8
Coupe_Sens_Horaire
100
AcDbCircle
 62
93
  6
CONTINUOUS
 10
 153.169616699219
 20
-270.826790686278
 40
 5
  0
CIRCLE
 5
 528
100
AcDbEntity
  8
Coupe_Sens_Horaire
100
AcDbCircle
 62
93
  6
CONTINUOUS
 10
 153.169616699219
 20
-243.113977765176
 40
 5
  0
CIRCLE
 5
 529
100
AcDbEntity
  8
Coupe_Sens_Horaire
100
AcDbCircle
 62
93
  6
CONTINUOUS
 10
 153.169616699219
 20
-215.401164844074
 40
 5
  0
CIRCLE
 5
 530
100
AcDbEntity
  8
Coupe_Sens_Horaire
100
AcDbCircle
 62
93
  6
CONTINUOUS
 10
 169.169616699219
 20
-409.390855291789
 40
 5
  0
CIRCLE
 5
 531
100
AcDbEntity
  8
Coupe_Sens_Horaire
100
AcDbCircle
 62
93
  6
CONTINUOUS
 10
 169.169616699219
 20
-381.678042370687
 40
 5
  0
CIRCLE
 5
 532
100
AcDbEntity
  8
Coupe_Sens_Horaire
100
AcDbCircle
 62
93
  6
CONTINUOUS
 10
 169.169616699219
 20
-353.965229449585
 40
 5
  0
CIRCLE
 5
 533
100
AcDbEntity
  8
Coupe_Sens_Horaire
100
AcDbCircle
 62
93
  6
CONTINUOUS
 10
 169.169616699219
 20
-326.252416528482
 40
 5
  0
CIRCLE
 5
 534
100
AcDbEntity
  8
Coupe_Sens_Horaire
100
AcDbCircle
 62
93
  6
CONTINUOUS
 10
 169.169616699219
 20
-298.53960360738
 40
 5
  0
CIRCLE
 5
 535
100
AcDbEntity
  8
Coupe_Sens_Horaire
100
AcDbCircle
 62
93
  6
CONTINUOUS
 10
 169.169616699219
 20
-270.826790686278
 40
 5
  0
CIRCLE
 5
 536
100
AcDbEntity
  8
Coupe_Sens_Horaire
100
AcDbCircle
 62
93
  6
CONTINUOUS
 10
 169.169616699219
 20
-243.113977765176
 40
 5
  0
CIRCLE
 5
 537
100
AcDbEntity
  8
Coupe_Sens_Horaire
100
AcDbCircle
 62
93
  6
CONTINUOUS
 10
 169.169616699219
 20
-215.401164844074
 40
 5
  0
CIRCLE
 5
 538
100
AcDbEntity
  8
Coupe_Sens_Horaire
100
AcDbCircle
 62
93
  6
CONTINUOUS
 10
 185.169616699219
 20
-409.390855291789
 40
 5
  0
CIRCLE
 5
 539
100
AcDbEntity
  8
Coupe_Sens_Horaire
100
AcDbCircle
 62
93
  6
CONTINUOUS
 10
 185.169616699219
 20
-381.678042370687
 40
 5
  0
CIRCLE
 5
 540
100
AcDbEntity
  8
Coupe_Sens_Horaire
100
AcDbCircle
 62
93
  6
CONTINUOUS
 10
 185.169616699219
 20
-353.965229449585
 40
 5
  0
CIRCLE
 5
 541
100
AcDbEntity
  8
Coupe_Sens_Horaire
100
AcDbCircle
 62
93
  6
CONTINUOUS
 10
 185.169616699219
 20
-326.252416528482
 40
 5
  0
CIRCLE
 5
 542
100
AcDbEntity
  8
Coupe_Sens_Horaire
100
AcDbCircle
 62
93
  6
CONTINUOUS
 10
 185.169616699219
 20
-298.53960360738
 40
 5
  0
CIRCLE
 5
 543
100
AcDbEntity
  8
Coupe_Sens_Horaire
100
AcDbCircle
 62
93
  6
CONTINUOUS
 10
 185.169616699219
 20
-270.826790686278
 40
 5
  0
CIRCLE
 5
 544
100
AcDbEntity
  8
Coupe_Sens_Horaire
100
AcDbCircle
 62
93
  6
CONTINUOUS
 10
 185.169616699219
 20
-243.113977765176
 40
 5
  0
CIRCLE
 5
 545
100
AcDbEntity
  8
Coupe_Sens_Horaire
100
AcDbCircle
 62
93
  6
CONTINUOUS
 10
 185.169616699219
 20
-215.401164844074
 40
 5
  0
CIRCLE
 5
 546
100
AcDbEntity
  8
Coupe_Sens_Horaire
100
AcDbCircle
 62
93
  6
CONTINUOUS
 10
 201.169616699219
 20
-409.390855291789
 40
 5
  0
CIRCLE
 5
 547
100
AcDbEntity
  8
Coupe_Sens_Horaire
100
AcDbCircle
 62
93
  6
CONTINUOUS
 10
 201.169616699219
 20
-381.678042370687
 40
 5
  0
CIRCLE
 5
 548
100
AcDbEntity
  8
Coupe_Sens_Horaire
100
AcDbCircle
 62
93
  6
CONTINUOUS
 10
 201.169616699219
 20
-353.965229449585
 40
 5
  0
CIRCLE
 5
 549
100
AcDbEntity
  8
Coupe_Sens_Horaire
100
AcDbCircle
 62
93
  6
CONTINUOUS
 10
 201.169616699219
 20
-326.252416528482
 40
 5
  0
CIRCLE
 5
 550
100
AcDbEntity
  8
Coupe_Sens_Horaire
100
AcDbCircle
 62
93
  6
CONTINUOUS
 10
 201.169616699219
 20
-298.53960360738
 40
 5
  0
CIRCLE
 5
 551
100
AcDbEntity
  8
Coupe_Sens_Horaire
100
AcDbCircle
 62
93
  6
CONTINUOUS
 10
 201.169616699219
 20
-270.826790686278
 40
 5
  0
CIRCLE
 5
 552
100
AcDbEntity
  8
Coupe_Sens_Horaire
100
AcDbCircle
 62
93
  6
CONTINUOUS
 10
 201.169616699219
 20
-243.113977765176
 40
 5
  0
CIRCLE
 5
 553
100
AcDbEntity
  8
Coupe_Sens_Horaire
100
AcDbCircle
 62
93
  6
CONTINUOUS
 10
 201.169616699219
 20
-215.401164844074
 40
 5
  0
CIRCLE
 5
 554
100
AcDbEntity
  8
Coupe_Sens_Horaire
100
AcDbCircle
 62
93
  6
CONTINUOUS
 10
 217.169616699219
 20
-409.390855291789
 40
 5
  0
CIRCLE
 5
 555
100
AcDbEntity
  8
Coupe_Sens_Horaire
100
AcDbCircle
 62
93
  6
CONTINUOUS
 10
 217.169616699219
 20
-381.678042370687
 40
 5
  0
CIRCLE
 5
 556
100
AcDbEntity
  8
Coupe_Sens_Horaire
100
AcDbCircle
 62
93
  6
CONTINUOUS
 10
 217.169616699219
 20
-353.965229449585
 40
 5
  0
CIRCLE
 5
 557
100
AcDbEntity
  8
Coupe_Sens_Horaire
100
AcDbCircle
 62
93
  6
CONTINUOUS
 10
 217.169616699219
 20
-326.252416528482
 40
 5
  0
CIRCLE
 5
 558
100
AcDbEntity
  8
Coupe_Sens_Horaire
100
AcDbCircle
 62
93
  6
CONTINUOUS
 10
 217.169616699219
 20
-298.53960360738
 40
 5
  0
CIRCLE
 5
 559
100
AcDbEntity
  8
Coupe_Sens_Horaire
100
AcDbCircle
 62
93
  6
CONTINUOUS
 10
 217.169616699219
 20
-270.826790686278
 40
 5
  0
CIRCLE
 5
 560
100
AcDbEntity
  8
Coupe_Sens_Horaire
100
AcDbCircle
 62
93
  6
CONTINUOUS
 10
 217.169616699219
 20
-243.113977765176
 40
 5
  0
CIRCLE
 5
 561
100
AcDbEntity
  8
Coupe_Sens_Horaire
100
AcDbCircle
 62
93
  6
CONTINUOUS
 10
 217.169616699219
 20
-215.401164844074
 40
 5
  0
CIRCLE
 5
 562
100
AcDbEntity
  8
Coupe_Sens_Horaire
100
AcDbCircle
 62
93
  6
CONTINUOUS
 10
 233.169616699219
 20
-409.390855291789
 40
 5
  0
CIRCLE
 5
 563
100
AcDbEntity
  8
Coupe_Sens_Horaire
100
AcDbCircle
 62
93
  6
CONTINUOUS
 10
 233.169616699219
 20
-381.678042370687
 40
 5
  0
CIRCLE
 5
 564
100
AcDbEntity
  8
Coupe_Sens_Horaire
100
AcDbCircle
 62
93
  6
CONTINUOUS
 10
 233.169616699219
 20
-353.965229449585
 40
 5
  0
CIRCLE
 5
 565
100
AcDbEntity
  8
Coupe_Sens_Horaire
100
AcDbCircle
 62
93
  6
CONTINUOUS
 10
 233.169616699219
 20
-326.252416528482
 40
 5
  0
CIRCLE
 5
 566
100
AcDbEntity
  8
Coupe_Sens_Horaire
100
AcDbCircle
 62
93
  6
CONTINUOUS
 10
 233.169616699219
 20
-298.53960360738
 40
 5
  0
CIRCLE
 5
 567
100
AcDbEntity
  8
Coupe_Sens_Horaire
100
AcDbCircle
 62
93
  6
CONTINUOUS
 10
 233.169616699219
 20
-270.826790686278
 40
 5
  0
CIRCLE
 5
 568
100
AcDbEntity
  8
Coupe_Sens_Horaire
100
AcDbCircle
 62
93
  6
CONTINUOUS
 10
 233.169616699219
 20
-243.113977765176
 40
 5
  0
CIRCLE
 5
 569
100
AcDbEntity
  8
Coupe_Sens_Horaire
100
AcDbCircle
 62
93
  6
CONTINUOUS
 10
 233.169616699219
 20
-215.401164844074
 40
 5
  0
CIRCLE
 5
 570
100
AcDbEntity
  8
Coupe_Sens_Horaire
100
AcDbCircle
 62
93
  6
CONTINUOUS
 10
 249.169616699219
 20
-409.390855291789
 40
 5
  0
CIRCLE
 5
 571
100
AcDbEntity
  8
Coupe_Sens_Horaire
100
AcDbCircle
 62
93
  6
CONTINUOUS
 10
 249.169616699219
 20
-381.678042370687
 40
 5
  0
CIRCLE
 5
 572
100
AcDbEntity
  8
Coupe_Sens_Horaire
100
AcDbCircle
 62
93
  6
CONTINUOUS
 10
 249.169616699219
 20
-353.965229449585
 40
 5
  0
CIRCLE
 5
 573
100
AcDbEntity
  8
Coupe_Sens_Horaire
100
AcDbCircle
 62
93
  6
CONTINUOUS
 10
 249.169616699219
 20
-326.252416528482
 40
 5
  0
CIRCLE
 5
 574
100
AcDbEntity
  8
Coupe_Sens_Horaire
100
AcDbCircle
 62
93
  6
CONTINUOUS
 10
 249.169616699219
 20
-298.53960360738
 40
 5
  0
CIRCLE
 5
 575
100
AcDbEntity
  8
Coupe_Sens_Horaire
100
AcDbCircle
 62
93
  6
CONTINUOUS
 10
 249.169616699219
 20
-270.826790686278
 40
 5
  0
CIRCLE
 5
 576
100
AcDbEntity
  8
Coupe_Sens_Horaire
100
AcDbCircle
 62
93
  6
CONTINUOUS
 10
 249.169616699219
 20
-243.113977765176
 40
 5
  0
CIRCLE
 5
 577
100
AcDbEntity
  8
Coupe_Sens_Horaire
100
AcDbCircle
 62
93
  6
CONTINUOUS
 10
 249.169616699219
 20
-215.401164844074
 40
 5
  0
CIRCLE
 5
 578
100
AcDbEntity
  8
Coupe_Sens_Horaire
100
AcDbCircle
 62
93
  6
CONTINUOUS
 10
 265.169616699219
 20
-409.390855291789
 40
 5
  0
CIRCLE
 5
 579
100
AcDbEntity
  8
Coupe_Sens_Horaire
100
AcDbCircle
 62
93
  6
CONTINUOUS
 10
 265.169616699219
 20
-381.678042370687
 40
 5
  0
CIRCLE
 5
 580
100
AcDbEntity
  8
Coupe_Sens_Horaire
100
AcDbCircle
 62
93
  6
CONTINUOUS
 10
 265.169616699219
 20
-353.965229449585
 40
 5
  0
CIRCLE
 5
 581
100
AcDbEntity
  8
Coupe_Sens_Horaire
100
AcDbCircle
 62
93
  6
CONTINUOUS
 10
 265.169616699219
 20
-326.252416528482
 40
 5
  0
CIRCLE
 5
 582
100
AcDbEntity
  8
Coupe_Sens_Horaire
100
AcDbCircle
 62
93
  6
CONTINUOUS
 10
 265.169616699219
 20
-298.53960360738
 40
 5
  0
CIRCLE
 5
 583
100
AcDbEntity
  8
Coupe_Sens_Horaire
100
AcDbCircle
 62
93
  6
CONTINUOUS
 10
 265.169616699219
 20
-270.826790686278
 40
 5
  0
CIRCLE
 5
 584
100
AcDbEntity
  8
Coupe_Sens_Horaire
100
AcDbCircle
 62
93
  6
CONTINUOUS
 10
 265.169616699219
 20
-243.113977765176
 40
 5
  0
CIRCLE
 5
 585
100
AcDbEntity
  8
Coupe_Sens_Horaire
100
AcDbCircle
 62
93
  6
CONTINUOUS
 10
 265.169616699219
 20
-215.401164844074
 40
 5
  0
CIRCLE
 5
 586
100
AcDbEntity
  8
Coupe_Sens_Horaire
100
AcDbCircle
 62
93
  6
CONTINUOUS
 10
 281.169616699219
 20
-409.390855291789
 40
 5
  0
CIRCLE
 5
 587
100
AcDbEntity
  8
Coupe_Sens_Horaire
100
AcDbCircle
 62
93
  6
CONTINUOUS
 10
 281.169616699219
 20
-381.678042370687
 40
 5
  0
CIRCLE
 5
 588
100
AcDbEntity
  8
Coupe_Sens_Horaire
100
AcDbCircle
 62
93
  6
CONTINUOUS
 10
 281.169616699219
 20
-353.965229449585
 40
 5
  0
CIRCLE
 5
 589
100
AcDbEntity
  8
Coupe_Sens_Horaire
100
AcDbCircle
 62
93
  6
CONTINUOUS
 10
 281.169616699219
 20
-326.252416528482
 40
 5
  0
CIRCLE
 5
 590
100
AcDbEntity
  8
Coupe_Sens_Horaire
100
AcDbCircle
 62
93
  6
CONTINUOUS
 10
 281.169616699219
 20
-298.53960360738
 40
 5
  0
CIRCLE
 5
 591
100
AcDbEntity
  8
Coupe_Sens_Horaire
100
AcDbCircle
 62
93
  6
CONTINUOUS
 10
 281.169616699219
 20
-270.826790686278
 40
 5
  0
CIRCLE
 5
 592
100
AcDbEntity
  8
Coupe_Sens_Horaire
100
AcDbCircle
 62
93
  6
CONTINUOUS
 10
 281.169616699219
 20
-243.113977765176
 40
 5
  0
CIRCLE
 5
 593
100
AcDbEntity
  8
Coupe_Sens_Horaire
100
AcDbCircle
 62
93
  6
CONTINUOUS
 10
 281.169616699219
 20
-215.401164844074
 40
 5
  0
CIRCLE
 5
 594
100
AcDbEntity
  8
Coupe_Sens_Horaire
100
AcDbCircle
 62
93
  6
CONTINUOUS
 10
 297.169616699219
 20
-409.390855291789
 40
 5
  0
CIRCLE
 5
 595
100
AcDbEntity
  8
Coupe_Sens_Horaire
100
AcDbCircle
 62
93
  6
CONTINUOUS
 10
 297.169616699219
 20
-381.678042370687
 40
 5
  0
CIRCLE
 5
 596
100
AcDbEntity
  8
Coupe_Sens_Horaire
100
AcDbCircle
 62
93
  6
CONTINUOUS
 10
 297.169616699219
 20
-353.965229449585
 40
 5
  0
CIRCLE
 5
 597
100
AcDbEntity
  8
Coupe_Sens_Horaire
100
AcDbCircle
 62
93
  6
CONTINUOUS
 10
 297.169616699219
 20
-326.252416528482
 40
 5
  0
CIRCLE
 5
 598
100
AcDbEntity
  8
Coupe_Sens_Horaire
100
AcDbCircle
 62
93
  6
CONTINUOUS
 10
 297.169616699219
 20
-298.53960360738
 40
 5
  0
CIRCLE
 5
 599
100
AcDbEntity
  8
Coupe_Sens_Horaire
100
AcDbCircle
 62
93
  6
CONTINUOUS
 10
 297.169616699219
 20
-270.826790686278
 40
 5
  0
CIRCLE
 5
 600
100
AcDbEntity
  8
Coupe_Sens_Horaire
100
AcDbCircle
 62
93
  6
CONTINUOUS
 10
 297.169616699219
 20
-243.113977765176
 40
 5
  0
CIRCLE
 5
 601
100
AcDbEntity
  8
Coupe_Sens_Horaire
100
AcDbCircle
 62
93
  6
CONTINUOUS
 10
 297.169616699219
 20
-215.401164844074
 40
 5
  0
CIRCLE
 5
 602
100
AcDbEntity
  8
Coupe_Sens_Horaire
100
AcDbCircle
 62
93
  6
CONTINUOUS
 10
 313.169616699219
 20
-409.390855291789
 40
 5
  0
CIRCLE
 5
 603
100
AcDbEntity
  8
Coupe_Sens_Horaire
100
AcDbCircle
 62
93
  6
CONTINUOUS
 10
 313.169616699219
 20
-381.678042370687
 40
 5
  0
CIRCLE
 5
 604
100
AcDbEntity
  8
Coupe_Sens_Horaire
100
AcDbCircle
 62
93
  6
CONTINUOUS
 10
 313.169616699219
 20
-353.965229449585
 40
 5
  0
CIRCLE
 5
 605
100
AcDbEntity
  8
Coupe_Sens_Horaire
100
AcDbCircle
 62
93
  6
CONTINUOUS
 10
 313.169616699219
 20
-326.252416528482
 40
 5
  0
CIRCLE
 5
 606
100
AcDbEntity
  8
Coupe_Sens_Horaire
100
AcDbCircle
 62
93
  6
CONTINUOUS
 10
 313.169616699219
 20
-298.53960360738
 40
 5
  0
CIRCLE
 5
 607
100
AcDbEntity
  8
Coupe_Sens_Horaire
100
AcDbCircle
 62
93
  6
CONTINUOUS
 10
 313.169616699219
 20
-270.826790686278
 40
 5
  0
CIRCLE
 5
 608
100
AcDbEntity
  8
Coupe_Sens_Horaire
100
AcDbCircle
 62
93
  6
CONTINUOUS
 10
 313.169616699219
 20
-243.113977765176
 40
 5
  0
CIRCLE
 5
 609
100
AcDbEntity
  8
Coupe_Sens_Horaire
100
AcDbCircle
 62
93
  6
CONTINUOUS
 10
 313.169616699219
 20
-215.401164844074
 40
 5
  0
CIRCLE
 5
 610
100
AcDbEntity
  8
Coupe_Sens_Horaire
100
AcDbCircle
 62
93
  6
CONTINUOUS
 10
 329.169616699219
 20
-409.390855291789
 40
 5
  0
CIRCLE
 5
 611
100
AcDbEntity
  8
Coupe_Sens_Horaire
100
AcDbCircle
 62
93
  6
CONTINUOUS
 10
 329.169616699219
 20
-381.678042370687
 40
 5
  0
CIRCLE
 5
 612
100
AcDbEntity
  8
Coupe_Sens_Horaire
100
AcDbCircle
 62
93
  6
CONTINUOUS
 10
 329.169616699219
 20
-353.965229449585
 40
 5
  0
CIRCLE
 5
 613
100
AcDbEntity
  8
Coupe_Sens_Horaire
100
AcDbCircle
 62
93
  6
CONTINUOUS
 10
 329.169616699219
 20
-326.252416528482
 40
 5
  0
CIRCLE
 5
 614
100
AcDbEntity
  8
Coupe_Sens_Horaire
100
AcDbCircle
 62
93
  6
CONTINUOUS
 10
 329.169616699219
 20
-298.53960360738
 40
 5
  0
CIRCLE
 5
 615
100
AcDbEntity
  8
Coupe_Sens_Horaire
100
AcDbCircle
 62
93
  6
CONTINUOUS
 10
 329.169616699219
 20
-270.826790686278
 40
 5
  0
CIRCLE
 5
 616
100
AcDbEntity
  8
Coupe_Sens_Horaire
100
AcDbCircle
 62
93
  6
CONTINUOUS
 10
 329.169616699219
 20
-243.113977765176
 40
 5
  0
CIRCLE
 5
 617
100
AcDbEntity
  8
Coupe_Sens_Horaire
100
AcDbCircle
 62
93
  6
CONTINUOUS
 10
 329.169616699219
 20
-215.401164844074
 40
 5
  0
CIRCLE
 5
 618
100
AcDbEntity
  8
Coupe_Sens_Horaire
100
AcDbCircle
 62
93
  6
CONTINUOUS
 10
 345.169616699219
 20
-409.390855291789
 40
 5
  0
CIRCLE
 5
 619
100
AcDbEntity
  8
Coupe_Sens_Horaire
100
AcDbCircle
 62
93
  6
CONTINUOUS
 10
 345.169616699219
 20
-381.678042370687
 40
 5
  0
CIRCLE
 5
 620
100
AcDbEntity
  8
Coupe_Sens_Horaire
100
AcDbCircle
 62
93
  6
CONTINUOUS
 10
 345.169616699219
 20
-353.965229449585
 40
 5
  0
CIRCLE
 5
 621
100
AcDbEntity
  8
Coupe_Sens_Horaire
100
AcDbCircle
 62
93
  6
CONTINUOUS
 10
 345.169616699219
 20
-326.252416528482
 40
 5
  0
CIRCLE
 5
 622
100
AcDbEntity
  8
Coupe_Sens_Horaire
100
AcDbCircle
 62
93
  6
CONTINUOUS
 10
 345.169616699219
 20
-298.53960360738
 40
 5
  0
CIRCLE
 5
 623
100
AcDbEntity
  8
Coupe_Sens_Horaire
100
AcDbCircle
 62
93
  6
CONTINUOUS
 10
 345.169616699219
 20
-270.826790686278
 40
 5
  0
CIRCLE
 5
 624
100
AcDbEntity
  8
Coupe_Sens_Horaire
100
AcDbCircle
 62
93
  6
CONTINUOUS
 10
 345.169616699219
 20
-243.113977765176
 40
 5
  0
CIRCLE
 5
 625
100
AcDbEntity
  8
Coupe_Sens_Horaire
100
AcDbCircle
 62
93
  6
CONTINUOUS
 10
 345.169616699219
 20
-215.401164844074
 40
 5
  0
CIRCLE
 5
 626
100
AcDbEntity
  8
Coupe_Sens_Horaire
100
AcDbCircle
 62
93
  6
CONTINUOUS
 10
 361.169616699219
 20
-409.390855291789
 40
 5
  0
CIRCLE
 5
 627
100
AcDbEntity
  8
Coupe_Sens_Horaire
100
AcDbCircle
 62
93
  6
CONTINUOUS
 10
 361.169616699219
 20
-381.678042370687
 40
 5
  0
CIRCLE
 5
 628
100
AcDbEntity
  8
Coupe_Sens_Horaire
100
AcDbCircle
 62
93
  6
CONTINUOUS
 10
 361.169616699219
 20
-353.965229449585
 40
 5
  0
CIRCLE
 5
 629
100
AcDbEntity
  8
Coupe_Sens_Horaire
100
AcDbCircle
 62
93
  6
CONTINUOUS
 10
 361.169616699219
 20
-326.252416528482
 40
 5
  0
CIRCLE
 5
 630
100
AcDbEntity
  8
Coupe_Sens_Horaire
100
AcDbCircle
 62
93
  6
CONTINUOUS
 10
 361.169616699219
 20
-298.53960360738
 40
 5
  0
CIRCLE
 5
 631
100
AcDbEntity
  8
Coupe_Sens_Horaire
100
AcDbCircle
 62
93
  6
CONTINUOUS
 10
 361.169616699219
 20
-270.826790686278
 40
 5
  0
CIRCLE
 5
 632
100
AcDbEntity
  8
Coupe_Sens_Horaire
100
AcDbCircle
 62
93
  6
CONTINUOUS
 10
 361.169616699219
 20
-243.113977765176
 40
 5
  0
CIRCLE
 5
 633
100
AcDbEntity
  8
Coupe_Sens_Horaire
100
AcDbCircle
 62
93
  6
CONTINUOUS
 10
 361.169616699219
 20
-215.401164844074
 40
 5
  0
CIRCLE
 5
 634
100
AcDbEntity
  8
Coupe_Sens_Horaire
100
AcDbCircle
 62
93
  6
CONTINUOUS
 10
 377.169616699219
 20
-409.390855291789
 40
 5
  0
CIRCLE
 5
 635
100
AcDbEntity
  8
Coupe_Sens_Horaire
100
AcDbCircle
 62
93
  6
CONTINUOUS
 10
 377.169616699219
 20
-381.678042370687
 40
 5
  0
CIRCLE
 5
 636
100
AcDbEntity
  8
Coupe_Sens_Horaire
100
AcDbCircle
 62
93
  6
CONTINUOUS
 10
 377.169616699219
 20
-353.965229449585
 40
 5
  0
CIRCLE
 5
 637
100
AcDbEntity
  8
Coupe_Sens_Horaire
100
AcDbCircle
 62
93
  6
CONTINUOUS
 10
 377.169616699219
 20
-326.252416528482
 40
 5
  0
CIRCLE
 5
 638
100
AcDbEntity
  8
Coupe_Sens_Horaire
100
AcDbCircle
 62
93
  6
CONTINUOUS
 10
 377.169616699219
 20
-298.53960360738
 40
 5
  0
CIRCLE
 5
 639
100
AcDbEntity
  8
Coupe_Sens_Horaire
100
AcDbCircle
 62
93
  6
CONTINUOUS
 10
 377.169616699219
 20
-270.826790686278
 40
 5
  0
CIRCLE
 5
 640
100
AcDbEntity
  8
Coupe_Sens_Horaire
100
AcDbCircle
 62
93
  6
CONTINUOUS
 10
 377.169616699219
 20
-243.113977765176
 40
 5
  0
CIRCLE
 5
 641
100
AcDbEntity
  8
Coupe_Sens_Horaire
100
AcDbCircle
 62
93
  6
CONTINUOUS
 10
 377.169616699219
 20
-215.401164844074
 40
 5
  0
CIRCLE
 5
 642
100
AcDbEntity
  8
Coupe_Sens_Horaire
100
AcDbCircle
 62
93
  6
CONTINUOUS
 10
 393.169616699219
 20
-409.390855291789
 40
 5
  0
CIRCLE
 5
 643
100
AcDbEntity
  8
Coupe_Sens_Horaire
100
AcDbCircle
 62
93
  6
CONTINUOUS
 10
 393.169616699219
 20
-381.678042370687
 40
 5
  0
CIRCLE
 5
 644
100
AcDbEntity
  8
Coupe_Sens_Horaire
100
AcDbCircle
 62
93
  6
CONTINUOUS
 10
 393.169616699219
 20
-353.965229449585
 40
 5
  0
CIRCLE
 5
 645
100
AcDbEntity
  8
Coupe_Sens_Horaire
100
AcDbCircle
 62
93
  6
CONTINUOUS
 10
 393.169616699219
 20
-326.252416528482
 40
 5
  0
CIRCLE
 5
 646
100
AcDbEntity
  8
Coupe_Sens_Horaire
100
AcDbCircle
 62
93
  6
CONTINUOUS
 10
 393.169616699219
 20
-298.53960360738
 40
 5
  0
CIRCLE
 5
 647
100
AcDbEntity
  8
Coupe_Sens_Horaire
100
AcDbCircle
 62
93
  6
CONTINUOUS
 10
 393.169616699219
 20
-270.826790686278
 40
 5
  0
CIRCLE
 5
 648
100
AcDbEntity
  8
Coupe_Sens_Horaire
100
AcDbCircle
 62
93
  6
CONTINUOUS
 10
 393.169616699219
 20
-243.113977765176
 40
 5
  0
CIRCLE
 5
 649
100
AcDbEntity
  8
Coupe_Sens_Horaire
100
AcDbCircle
 62
93
  6
CONTINUOUS
 10
 393.169616699219
 20
-215.401164844074
 40
 5
  0
CIRCLE
 5
 650
100
AcDbEntity
  8
Coupe_Sens_Horaire
100
AcDbCircle
 62
93
  6
CONTINUOUS
 10
 409.169616699219
 20
-409.390855291789
 40
 5
  0
CIRCLE
 5
 651
100
AcDbEntity
  8
Coupe_Sens_Horaire
100
AcDbCircle
 62
93
  6
CONTINUOUS
 10
 409.169616699219
 20
-381.678042370687
 40
 5
  0
CIRCLE
 5
 652
100
AcDbEntity
  8
Coupe_Sens_Horaire
100
AcDbCircle
 62
93
  6
CONTINUOUS
 10
 409.169616699219
 20
-353.965229449585
 40
 5
  0
CIRCLE
 5
 653
100
AcDbEntity
  8
Coupe_Sens_Horaire
100
AcDbCircle
 62
93
  6
CONTINUOUS
 10
 409.169616699219
 20
-326.252416528482
 40
 5
  0
CIRCLE
 5
 654
100
AcDbEntity
  8
Coupe_Sens_Horaire
100
AcDbCircle
 62
93
  6
CONTINUOUS
 10
 409.169616699219
 20
-298.53960360738
 40
 5
  0
CIRCLE
 5
 655
100
AcDbEntity
  8
Coupe_Sens_Horaire
100
AcDbCircle
 62
93
  6
CONTINUOUS
 10
 409.169616699219
 20
-270.826790686278
 40
 5
  0
CIRCLE
 5
 656
100
AcDbEntity
  8
Coupe_Sens_Horaire
100
AcDbCircle
 62
93
  6
CONTINUOUS
 10
 409.169616699219
 20
-243.113977765176
 40
 5
  0
CIRCLE
 5
 657
100
AcDbEntity
  8
Coupe_Sens_Horaire
100
AcDbCircle
 62
93
  6
CONTINUOUS
 10
 409.169616699219
 20
-215.401164844074
 40
 5
  0
CIRCLE
 5
 658
100
AcDbEntity
  8
Coupe_Sens_Horaire
100
AcDbCircle
 62
93
  6
CONTINUOUS
 10
 425.169616699219
 20
-409.390855291789
 40
 5
  0
CIRCLE
 5
 659
100
AcDbEntity
  8
Coupe_Sens_Horaire
100
AcDbCircle
 62
93
  6
CONTINUOUS
 10
 425.169616699219
 20
-381.678042370687
 40
 5
  0
CIRCLE
 5
 660
100
AcDbEntity
  8
Coupe_Sens_Horaire
100
AcDbCircle
 62
93
  6
CONTINUOUS
 10
 425.169616699219
 20
-353.965229449585
 40
 5
  0
CIRCLE
 5
 661
100
AcDbEntity
  8
Coupe_Sens_Horaire
100
AcDbCircle
 62
93
  6
CONTINUOUS
 10
 425.169616699219
 20
-326.252416528482
 40
 5
  0
CIRCLE
 5
 662
100
AcDbEntity
  8
Coupe_Sens_Horaire
100
AcDbCircle
 62
93
  6
CONTINUOUS
 10
 425.169616699219
 20
-298.53960360738
 40
 5
  0
CIRCLE
 5
 663
100
AcDbEntity
  8
Coupe_Sens_Horaire
100
AcDbCircle
 62
93
  6
CONTINUOUS
 10
 425.169616699219
 20
-270.826790686278
 40
 5
  0
CIRCLE
 5
 664
100
AcDbEntity
  8
Coupe_Sens_Horaire
100
AcDbCircle
 62
93
  6
CONTINUOUS
 10
 425.169616699219
 20
-243.113977765176
 40
 5
  0
CIRCLE
 5
 665
100
AcDbEntity
  8
Coupe_Sens_Horaire
100
AcDbCircle
 62
93
  6
CONTINUOUS
 10
 425.169616699219
 20
-215.401164844074
 40
 5
  0
CIRCLE
 5
 666
100
AcDbEntity
  8
Coupe_Sens_Horaire
100
AcDbCircle
 62
93
  6
CONTINUOUS
 10
 441.169616699219
 20
-409.390855291789
 40
 5
  0
CIRCLE
 5
 667
100
AcDbEntity
  8
Coupe_Sens_Horaire
100
AcDbCircle
 62
93
  6
CONTINUOUS
 10
 441.169616699219
 20
-381.678042370687
 40
 5
  0
CIRCLE
 5
 668
100
AcDbEntity
  8
Coupe_Sens_Horaire
100
AcDbCircle
 62
93
  6
CONTINUOUS
 10
 441.169616699219
 20
-353.965229449585
 40
 5
  0
CIRCLE
 5
 669
100
AcDbEntity
  8
Coupe_Sens_Horaire
100
AcDbCircle
 62
93
  6
CONTINUOUS
 10
 441.169616699219
 20
-326.252416528482
 40
 5
  0
CIRCLE
 5
 670
100
AcDbEntity
  8
Coupe_Sens_Horaire
100
AcDbCircle
 62
93
  6
CONTINUOUS
 10
 441.169616699219
 20
-298.53960360738
 40
 5
  0
CIRCLE
 5
 671
100
AcDbEntity
  8
Coupe_Sens_Horaire
100
AcDbCircle
 62
93
  6
CONTINUOUS
 10
 441.169616699219
 20
-270.826790686278
 40
 5
  0
CIRCLE
 5
 672
100
AcDbEntity
  8
Coupe_Sens_Horaire
100
AcDbCircle
 62
93
  6
CONTINUOUS
 10
 441.169616699219
 20
-243.113977765176
 40
 5
  0
CIRCLE
 5
 673
100
AcDbEntity
  8
Coupe_Sens_Horaire
100
AcDbCircle
 62
93
  6
CONTINUOUS
 10
 441.169616699219
 20
-215.401164844074
 40
 5
  0
CIRCLE
 5
 674
100
AcDbEntity
  8
Coupe_Sens_Horaire
100
AcDbCircle
 62
93
  6
CONTINUOUS
 10
 457.169616699219
 20
-409.390855291789
 40
 5
  0
CIRCLE
 5
 675
100
AcDbEntity
  8
Coupe_Sens_Horaire
100
AcDbCircle
 62
93
  6
CONTINUOUS
 10
 457.169616699219
 20
-381.678042370687
 40
 5
  0
CIRCLE
 5
 676
100
AcDbEntity
  8
Coupe_Sens_Horaire
100
AcDbCircle
 62
93
  6
CONTINUOUS
 10
 457.169616699219
 20
-353.965229449585
 40
 5
  0
CIRCLE
 5
 677
100
AcDbEntity
  8
Coupe_Sens_Horaire
100
AcDbCircle
 62
93
  6
CONTINUOUS
 10
 457.169616699219
 20
-326.252416528482
 40
 5
  0
CIRCLE
 5
 678
100
AcDbEntity
  8
Coupe_Sens_Horaire
100
AcDbCircle
 62
93
  6
CONTINUOUS
 10
 457.169616699219
 20
-298.53960360738
 40
 5
  0
CIRCLE
 5
 679
100
AcDbEntity
  8
Coupe_Sens_Horaire
100
AcDbCircle
 62
93
  6
CONTINUOUS
 10
 457.169616699219
 20
-270.826790686278
 40
 5
  0
CIRCLE
 5
 680
100
AcDbEntity
  8
Coupe_Sens_Horaire
100
AcDbCircle
 62
93
  6
CONTINUOUS
 10
 457.169616699219
 20
-243.113977765176
 40
 5
  0
CIRCLE
 5
 681
100
AcDbEntity
  8
Coupe_Sens_Horaire
100
AcDbCircle
 62
93
  6
CONTINUOUS
 10
 457.169616699219
 20
-215.401164844074
 40
 5
  0
CIRCLE
 5
 682
100
AcDbEntity
  8
Coupe_Sens_Horaire
100
AcDbCircle
 62
93
  6
CONTINUOUS
 10
 473.169616699219
 20
-409.390855291789
 40
 5
  0
CIRCLE
 5
 683
100
AcDbEntity
  8
Coupe_Sens_Horaire
100
AcDbCircle
 62
93
  6
CONTINUOUS
 10
 473.169616699219
 20
-381.678042370687
 40
 5
  0
CIRCLE
 5
 684
100
AcDbEntity
  8
Coupe_Sens_Horaire
100
AcDbCircle
 62
93
  6
CONTINUOUS
 10
 473.169616699219
 20
-353.965229449585
 40
 5
  0
CIRCLE
 5
 685
100
AcDbEntity
  8
Coupe_Sens_Horaire
100
AcDbCircle
 62
93
  6
CONTINUOUS
 10
 473.169616699219
 20
-326.252416528482
 40
 5
  0
CIRCLE
 5
 686
100
AcDbEntity
  8
Coupe_Sens_Horaire
100
AcDbCircle
 62
93
  6
CONTINUOUS
 10
 473.169616699219
 20
-298.53960360738
 40
 5
  0
CIRCLE
 5
 687
100
AcDbEntity
  8
Coupe_Sens_Horaire
100
AcDbCircle
 62
93
  6
CONTINUOUS
 10
 473.169616699219
 20
-270.826790686278
 40
 5
  0
CIRCLE
 5
 688
100
AcDbEntity
  8
Coupe_Sens_Horaire
100
AcDbCircle
 62
93
  6
CONTINUOUS
 10
 473.169616699219
 20
-243.113977765176
 40
 5
  0
CIRCLE
 5
 689
100
AcDbEntity
  8
Coupe_Sens_Horaire
100
AcDbCircle
 62
93
  6
CONTINUOUS
 10
 473.169616699219
 20
-215.401164844074
 40
 5
  0
CIRCLE
 5
 690
100
AcDbEntity
  8
Coupe_Sens_Horaire
100
AcDbCircle
 62
93
  6
CONTINUOUS
 10
 489.169616699219
 20
-409.390855291789
 40
 5
  0
CIRCLE
 5
 691
100
AcDbEntity
  8
Coupe_Sens_Horaire
100
AcDbCircle
 62
93
  6
CONTINUOUS
 10
 489.169616699219
 20
-381.678042370687
 40
 5
  0
CIRCLE
 5
 692
100
AcDbEntity
  8
Coupe_Sens_Horaire
100
AcDbCircle
 62
93
  6
CONTINUOUS
 10
 489.169616699219
 20
-353.965229449585
 40
 5
  0
CIRCLE
 5
 693
100
AcDbEntity
  8
Coupe_Sens_Horaire
100
AcDbCircle
 62
93
  6
CONTINUOUS
 10
 489.169616699219
 20
-326.252416528482
 40
 5
  0
CIRCLE
 5
 694
100
AcDbEntity
  8
Coupe_Sens_Horaire
100
AcDbCircle
 62
93
  6
CONTINUOUS
 10
 489.169616699219
 20
-298.53960360738
 40
 5
  0
CIRCLE
 5
 695
100
AcDbEntity
  8
Coupe_Sens_Horaire
100
AcDbCircle
 62
93
  6
CONTINUOUS
 10
 489.169616699219
 20
-270.826790686278
 40
 5
  0
CIRCLE
 5
 696
100
AcDbEntity
  8
Coupe_Sens_Horaire
100
AcDbCircle
 62
93
  6
CONTINUOUS
 10
 489.169616699219
 20
-243.113977765176
 40
 5
  0
CIRCLE
 5
 697
100
AcDbEntity
  8
Coupe_Sens_Horaire
100
AcDbCircle
 62
93
  6
CONTINUOUS
 10
 489.169616699219
 20
-215.401164844074
 40
 5
  0
CIRCLE
 5
 698
100
AcDbEntity
  8
Coupe_Sens_Horaire
100
AcDbCircle
 62
93
  6
CONTINUOUS
 10
 505.169616699219
 20
-409.390855291789
 40
 5
  0
CIRCLE
 5
 699
100
AcDbEntity
  8
Coupe_Sens_Horaire
100
AcDbCircle
 62
93
  6
CONTINUOUS
 10
 505.169616699219
 20
-381.678042370687
 40
 5
  0
CIRCLE
 5
 700
100
AcDbEntity
  8
Coupe_Sens_Horaire
100
AcDbCircle
 62
93
  6
CONTINUOUS
 10
 505.169616699219
 20
-353.965229449585
 40
 5
  0
CIRCLE
 5
 701
100
AcDbEntity
  8
Coupe_Sens_Horaire
100
AcDbCircle
 62
93
  6
CONTINUOUS
 10
 505.169616699219
 20
-326.252416528482
 40
 5
  0
CIRCLE
 5
 702
100
AcDbEntity
  8
Coupe_Sens_Horaire
100
AcDbCircle
 62
93
  6
CONTINUOUS
 10
 505.169616699219
 20
-298.53960360738
 40
 5
  0
CIRCLE
 5
 703
100
AcDbEntity
  8
Coupe_Sens_Horaire
100
AcDbCircle
 62
93
  6
CONTINUOUS
 10
 505.169616699219
 20
-270.826790686278
 40
 5
  0
CIRCLE
 5
 704
100
AcDbEntity
  8
Coupe_Sens_Horaire
100
AcDbCircle
 62
93
  6
CONTINUOUS
 10
 505.169616699219
 20
-243.113977765176
 40
 5
  0
CIRCLE
 5
 705
100
AcDbEntity
  8
Coupe_Sens_Horaire
100
AcDbCircle
 62
93
  6
CONTINUOUS
 10
 505.169616699219
 20
-215.401164844074
 40
 5
  0
CIRCLE
 5
 706
100
AcDbEntity
  8
Coupe_Sens_Horaire
100
AcDbCircle
 62
93
  6
CONTINUOUS
 10
 521.169616699219
 20
-409.390855291789
 40
 5
  0
CIRCLE
 5
 707
100
AcDbEntity
  8
Coupe_Sens_Horaire
100
AcDbCircle
 62
93
  6
CONTINUOUS
 10
 521.169616699219
 20
-381.678042370687
 40
 5
  0
CIRCLE
 5
 708
100
AcDbEntity
  8
Coupe_Sens_Horaire
100
AcDbCircle
 62
93
  6
CONTINUOUS
 10
 521.169616699219
 20
-353.965229449585
 40
 5
  0
CIRCLE
 5
 709
100
AcDbEntity
  8
Coupe_Sens_Horaire
100
AcDbCircle
 62
93
  6
CONTINUOUS
 10
 521.169616699219
 20
-326.252416528482
 40
 5
  0
CIRCLE
 5
 710
100
AcDbEntity
  8
Coupe_Sens_Horaire
100
AcDbCircle
 62
93
  6
CONTINUOUS
 10
 521.169616699219
 20
-298.53960360738
 40
 5
  0
CIRCLE
 5
 711
100
AcDbEntity
  8
Coupe_Sens_Horaire
100
AcDbCircle
 62
93
  6
CONTINUOUS
 10
 521.169616699219
 20
-270.826790686278
 40
 5
  0
CIRCLE
 5
 712
100
AcDbEntity
  8
Coupe_Sens_Horaire
100
AcDbCircle
 62
93
  6
CONTINUOUS
 10
 521.169616699219
 20
-243.113977765176
 40
 5
  0
CIRCLE
 5
 713
100
AcDbEntity
  8
Coupe_Sens_Horaire
100
AcDbCircle
 62
93
  6
CONTINUOUS
 10
 521.169616699219
 20
-215.401164844074
 40
 5
  0
CIRCLE
 5
 714
100
AcDbEntity
  8
Coupe_Sens_Horaire
100
AcDbCircle
 62
93
  6
CONTINUOUS
 10
 537.169616699219
 20
-409.390855291789
 40
 5
  0
CIRCLE
 5
 715
100
AcDbEntity
  8
Coupe_Sens_Horaire
100
AcDbCircle
 62
93
  6
CONTINUOUS
 10
 537.169616699219
 20
-381.678042370687
 40
 5
  0
CIRCLE
 5
 716
100
AcDbEntity
  8
Coupe_Sens_Horaire
100
AcDbCircle
 62
93
  6
CONTINUOUS
 10
 537.169616699219
 20
-353.965229449585
 40
 5
  0
CIRCLE
 5
 717
100
AcDbEntity
  8
Coupe_Sens_Horaire
100
AcDbCircle
 62
93
  6
CONTINUOUS
 10
 537.169616699219
 20
-326.252416528482
 40
 5
  0
CIRCLE
 5
 718
100
AcDbEntity
  8
Coupe_Sens_Horaire
100
AcDbCircle
 62
93
  6
CONTINUOUS
 10
 537.169616699219
 20
-298.53960360738
 40
 5
  0
CIRCLE
 5
 719
100
AcDbEntity
  8
Coupe_Sens_Horaire
100
AcDbCircle
 62
93
  6
CONTINUOUS
 10
 537.169616699219
 20
-270.826790686278
 40
 5
  0
CIRCLE
 5
 720
100
AcDbEntity
  8
Coupe_Sens_Horaire
100
AcDbCircle
 62
93
  6
CONTINUOUS
 10
 537.169616699219
 20
-243.113977765176
 40
 5
  0
CIRCLE
 5
 721
100
AcDbEntity
  8
Coupe_Sens_Horaire
100
AcDbCircle
 62
93
  6
CONTINUOUS
 10
 537.169616699219
 20
-215.401164844074
 40
 5
  0
CIRCLE
 5
 722
100
AcDbEntity
  8
Coupe_Sens_Horaire
100
AcDbCircle
 62
93
  6
CONTINUOUS
 10
 553.169616699219
 20
-409.390855291789
 40
 5
  0
CIRCLE
 5
 723
100
AcDbEntity
  8
Coupe_Sens_Horaire
100
AcDbCircle
 62
93
  6
CONTINUOUS
 10
 553.169616699219
 20
-381.678042370687
 40
 5
  0
CIRCLE
 5
 724
100
AcDbEntity
  8
Coupe_Sens_Horaire
100
AcDbCircle
 62
93
  6
CONTINUOUS
 10
 553.169616699219
 20
-353.965229449585
 40
 5
  0
CIRCLE
 5
 725
100
AcDbEntity
  8
Coupe_Sens_Horaire
100
AcDbCircle
 62
93
  6
CONTINUOUS
 10
 553.169616699219
 20
-326.252416528482
 40
 5
  0
CIRCLE
 5
 726
100
AcDbEntity
  8
Coupe_Sens_Horaire
100
AcDbCircle
 62
93
  6
CONTINUOUS
 10
 553.169616699219
 20
-298.53960360738
 40
 5
  0
CIRCLE
 5
 727
100
AcDbEntity
  8
Coupe_Sens_Horaire
100
AcDbCircle
 62
93
  6
CONTINUOUS
 10
 553.169616699219
 20
-270.826790686278
 40
 5
  0
CIRCLE
 5
 728
100
AcDbEntity
  8
Coupe_Sens_Horaire
100
AcDbCircle
 62
93
  6
CONTINUOUS
 10
 553.169616699219
 20
-243.113977765176
 40
 5
  0
CIRCLE
 5
 729
100
AcDbEntity
  8
Coupe_Sens_Horaire
100
AcDbCircle
 62
93
  6
CONTINUOUS
 10
 553.169616699219
 20
-215.401164844074
 40
 5
  0
CIRCLE
 5
 730
100
AcDbEntity
  8
Coupe_Sens_Horaire
100
AcDbCircle
 62
93
  6
CONTINUOUS
 10
 569.169616699219
 20
-409.390855291789
 40
 5
  0
CIRCLE
 5
 731
100
AcDbEntity
  8
Coupe_Sens_Horaire
100
AcDbCircle
 62
93
  6
CONTINUOUS
 10
 569.169616699219
 20
-381.678042370687
 40
 5
  0
CIRCLE
 5
 732
100
AcDbEntity
  8
Coupe_Sens_Horaire
100
AcDbCircle
 62
93
  6
CONTINUOUS
 10
 569.169616699219
 20
-353.965229449585
 40
 5
  0
CIRCLE
 5
 733
100
AcDbEntity
  8
Coupe_Sens_Horaire
100
AcDbCircle
 62
93
  6
CONTINUOUS
 10
 569.169616699219
 20
-326.252416528482
 40
 5
  0
CIRCLE
 5
 734
100
AcDbEntity
  8
Coupe_Sens_Horaire
100
AcDbCircle
 62
93
  6
CONTINUOUS
 10
 569.169616699219
 20
-298.53960360738
 40
 5
  0
CIRCLE
 5
 735
100
AcDbEntity
  8
Coupe_Sens_Horaire
100
AcDbCircle
 62
93
  6
CONTINUOUS
 10
 569.169616699219
 20
-270.826790686278
 40
 5
  0
CIRCLE
 5
 736
100
AcDbEntity
  8
Coupe_Sens_Horaire
100
AcDbCircle
 62
93
  6
CONTINUOUS
 10
 569.169616699219
 20
-243.113977765176
 40
 5
  0
CIRCLE
 5
 737
100
AcDbEntity
  8
Coupe_Sens_Horaire
100
AcDbCircle
 62
93
  6
CONTINUOUS
 10
 569.169616699219
 20
-215.401164844074
 40
 5
  0
CIRCLE
 5
 738
100
AcDbEntity
  8
Coupe_Sens_Horaire
100
AcDbCircle
 62
93
  6
CONTINUOUS
 10
 585.169616699219
 20
-409.390855291789
 40
 5
  0
CIRCLE
 5
 739
100
AcDbEntity
  8
Coupe_Sens_Horaire
100
AcDbCircle
 62
93
  6
CONTINUOUS
 10
 585.169616699219
 20
-381.678042370687
 40
 5
  0
CIRCLE
 5
 740
100
AcDbEntity
  8
Coupe_Sens_Horaire
100
AcDbCircle
 62
93
  6
CONTINUOUS
 10
 585.169616699219
 20
-353.965229449585
 40
 5
  0
CIRCLE
 5
 741
100
AcDbEntity
  8
Coupe_Sens_Horaire
100
AcDbCircle
 62
93
  6
CONTINUOUS
 10
 585.169616699219
 20
-326.252416528482
 40
 5
  0
CIRCLE
 5
 742
100
AcDbEntity
  8
Coupe_Sens_Horaire
100
AcDbCircle
 62
93
  6
CONTINUOUS
 10
 585.169616699219
 20
-298.53960360738
 40
 5
  0
CIRCLE
 5
 743
100
AcDbEntity
  8
Coupe_Sens_Horaire
100
AcDbCircle
 62
93
  6
CONTINUOUS
 10
 585.169616699219
 20
-270.826790686278
 40
 5
  0
CIRCLE
 5
 744
100
AcDbEntity
  8
Coupe_Sens_Horaire
100
AcDbCircle
 62
93
  6
CONTINUOUS
 10
 585.169616699219
 20
-243.113977765176
 40
 5
  0
CIRCLE
 5
 745
100
AcDbEntity
  8
Coupe_Sens_Horaire
100
AcDbCircle
 62
93
  6
CONTINUOUS
 10
 585.169616699219
 20
-215.401164844074
 40
 5
  0
CIRCLE
 5
 746
100
AcDbEntity
  8
Coupe_Sens_Horaire
100
AcDbCircle
 62
93
  6
CONTINUOUS
 10
 601.169616699219
 20
-409.390855291789
 40
 5
  0
CIRCLE
 5
 747
100
AcDbEntity
  8
Coupe_Sens_Horaire
100
AcDbCircle
 62
93
  6
CONTINUOUS
 10
 601.169616699219
 20
-381.678042370687
 40
 5
  0
CIRCLE
 5
 748
100
AcDbEntity
  8
Coupe_Sens_Horaire
100
AcDbCircle
 62
93
  6
CONTINUOUS
 10
 601.169616699219
 20
-353.965229449585
 40
 5
  0
CIRCLE
 5
 749
100
AcDbEntity
  8
Coupe_Sens_Horaire
100
AcDbCircle
 62
93
  6
CONTINUOUS
 10
 601.169616699219
 20
-326.252416528482
 40
 5
  0
CIRCLE
 5
 750
100
AcDbEntity
  8
Coupe_Sens_Horaire
100
AcDbCircle
 62
93
  6
CONTINUOUS
 10
 601.169616699219
 20
-298.53960360738
 40
 5
  0
CIRCLE
 5
 751
100
AcDbEntity
  8
Coupe_Sens_Horaire
100
AcDbCircle
 62
93
  6
CONTINUOUS
 10
 601.169616699219
 20
-270.826790686278
 40
 5
  0
CIRCLE
 5
 752
100
AcDbEntity
  8
Coupe_Sens_Horaire
100
AcDbCircle
 62
93
  6
CONTINUOUS
 10
 601.169616699219
 20
-243.113977765176
 40
 5
  0
CIRCLE
 5
 753
100
AcDbEntity
  8
Coupe_Sens_Horaire
100
AcDbCircle
 62
93
  6
CONTINUOUS
 10
 601.169616699219
 20
-215.401164844074
 40
 5
  0
CIRCLE
 5
 754
100
AcDbEntity
  8
Coupe_Sens_Horaire
100
AcDbCircle
 62
93
  6
CONTINUOUS
 10
 33.1696166992192
 20
-395.534448831238
 40
 5
  0
CIRCLE
 5
 755
100
AcDbEntity
  8
Coupe_Sens_Horaire
100
AcDbCircle
 62
93
  6
CONTINUOUS
 10
 33.1696166992192
 20
-367.821635910136
 40
 5
  0
CIRCLE
 5
 756
100
AcDbEntity
  8
Coupe_Sens_Horaire
100
AcDbCircle
 62
93
  6
CONTINUOUS
 10
 33.1696166992192
 20
-340.108822989034
 40
 5
  0
CIRCLE
 5
 757
100
AcDbEntity
  8
Coupe_Sens_Horaire
100
AcDbCircle
 62
93
  6
CONTINUOUS
 10
 33.1696166992192
 20
-312.396010067931
 40
 5
  0
CIRCLE
 5
 758
100
AcDbEntity
  8
Coupe_Sens_Horaire
100
AcDbCircle
 62
93
  6
CONTINUOUS
 10
 33.1696166992192
 20
-284.683197146829
 40
 5
  0
CIRCLE
 5
 759
100
AcDbEntity
  8
Coupe_Sens_Horaire
100
AcDbCircle
 62
93
  6
CONTINUOUS
 10
 33.1696166992192
 20
-256.970384225727
 40
 5
  0
CIRCLE
 5
 760
100
AcDbEntity
  8
Coupe_Sens_Horaire
100
AcDbCircle
 62
93
  6
CONTINUOUS
 10
 33.1696166992192
 20
-229.257571304625
 40
 5
  0
CIRCLE
 5
 761
100
AcDbEntity
  8
Coupe_Sens_Horaire
100
AcDbCircle
 62
93
  6
CONTINUOUS
 10
 49.1696166992192
 20
-395.534448831238
 40
 5
  0
CIRCLE
 5
 762
100
AcDbEntity
  8
Coupe_Sens_Horaire
100
AcDbCircle
 62
93
  6
CONTINUOUS
 10
 49.1696166992192
 20
-367.821635910136
 40
 5
  0
CIRCLE
 5
 763
100
AcDbEntity
  8
Coupe_Sens_Horaire
100
AcDbCircle
 62
93
  6
CONTINUOUS
 10
 49.1696166992192
 20
-340.108822989034
 40
 5
  0
CIRCLE
 5
 764
100
AcDbEntity
  8
Coupe_Sens_Horaire
100
AcDbCircle
 62
93
  6
CONTINUOUS
 10
 49.1696166992192
 20
-312.396010067931
 40
 5
  0
CIRCLE
 5
 765
100
AcDbEntity
  8
Coupe_Sens_Horaire
100
AcDbCircle
 62
93
  6
CONTINUOUS
 10
 49.1696166992192
 20
-284.683197146829
 40
 5
  0
CIRCLE
 5
 766
100
AcDbEntity
  8
Coupe_Sens_Horaire
100
AcDbCircle
 62
93
  6
CONTINUOUS
 10
 49.1696166992192
 20
-256.970384225727
 40
 5
  0
CIRCLE
 5
 767
100
AcDbEntity
  8
Coupe_Sens_Horaire
100
AcDbCircle
 62
93
  6
CONTINUOUS
 10
 49.1696166992192
 20
-229.257571304625
 40
 5
  0
CIRCLE
 5
 768
100
AcDbEntity
  8
Coupe_Sens_Horaire
100
AcDbCircle
 62
93
  6
CONTINUOUS
 10
 65.1696166992192
 20
-395.534448831238
 40
 5
  0
CIRCLE
 5
 769
100
AcDbEntity
  8
Coupe_Sens_Horaire
100
AcDbCircle
 62
93
  6
CONTINUOUS
 10
 65.1696166992192
 20
-367.821635910136
 40
 5
  0
CIRCLE
 5
 770
100
AcDbEntity
  8
Coupe_Sens_Horaire
100
AcDbCircle
 62
93
  6
CONTINUOUS
 10
 65.1696166992192
 20
-340.108822989034
 40
 5
  0
CIRCLE
 5
 771
100
AcDbEntity
  8
Coupe_Sens_Horaire
100
AcDbCircle
 62
93
  6
CONTINUOUS
 10
 65.1696166992192
 20
-312.396010067931
 40
 5
  0
CIRCLE
 5
 772
100
AcDbEntity
  8
Coupe_Sens_Horaire
100
AcDbCircle
 62
93
  6
CONTINUOUS
 10
 65.1696166992192
 20
-284.683197146829
 40
 5
  0
CIRCLE
 5
 773
100
AcDbEntity
  8
Coupe_Sens_Horaire
100
AcDbCircle
 62
93
  6
CONTINUOUS
 10
 65.1696166992192
 20
-256.970384225727
 40
 5
  0
CIRCLE
 5
 774
100
AcDbEntity
  8
Coupe_Sens_Horaire
100
AcDbCircle
 62
93
  6
CONTINUOUS
 10
 65.1696166992192
 20
-229.257571304625
 40
 5
  0
CIRCLE
 5
 775
100
AcDbEntity
  8
Coupe_Sens_Horaire
100
AcDbCircle
 62
93
  6
CONTINUOUS
 10
 81.1696166992192
 20
-395.534448831238
 40
 5
  0
CIRCLE
 5
 776
100
AcDbEntity
  8
Coupe_Sens_Horaire
100
AcDbCircle
 62
93
  6
CONTINUOUS
 10
 81.1696166992192
 20
-367.821635910136
 40
 5
  0
CIRCLE
 5
 777
100
AcDbEntity
  8
Coupe_Sens_Horaire
100
AcDbCircle
 62
93
  6
CONTINUOUS
 10
 81.1696166992192
 20
-340.108822989034
 40
 5
  0
CIRCLE
 5
 778
100
AcDbEntity
  8
Coupe_Sens_Horaire
100
AcDbCircle
 62
93
  6
CONTINUOUS
 10
 81.1696166992192
 20
-312.396010067931
 40
 5
  0
CIRCLE
 5
 779
100
AcDbEntity
  8
Coupe_Sens_Horaire
100
AcDbCircle
 62
93
  6
CONTINUOUS
 10
 81.1696166992192
 20
-284.683197146829
 40
 5
  0
CIRCLE
 5
 780
100
AcDbEntity
  8
Coupe_Sens_Horaire
100
AcDbCircle
 62
93
  6
CONTINUOUS
 10
 81.1696166992192
 20
-256.970384225727
 40
 5
  0
CIRCLE
 5
 781
100
AcDbEntity
  8
Coupe_Sens_Horaire
100
AcDbCircle
 62
93
  6
CONTINUOUS
 10
 81.1696166992192
 20
-229.257571304625
 40
 5
  0
CIRCLE
 5
 782
100
AcDbEntity
  8
Coupe_Sens_Horaire
100
AcDbCircle
 62
93
  6
CONTINUOUS
 10
 97.1696166992192
 20
-395.534448831238
 40
 5
  0
CIRCLE
 5
 783
100
AcDbEntity
  8
Coupe_Sens_Horaire
100
AcDbCircle
 62
93
  6
CONTINUOUS
 10
 97.1696166992192
 20
-367.821635910136
 40
 5
  0
CIRCLE
 5
 784
100
AcDbEntity
  8
Coupe_Sens_Horaire
100
AcDbCircle
 62
93
  6
CONTINUOUS
 10
 97.1696166992192
 20
-340.108822989034
 40
 5
  0
CIRCLE
 5
 785
100
AcDbEntity
  8
Coupe_Sens_Horaire
100
AcDbCircle
 62
93
  6
CONTINUOUS
 10
 97.1696166992192
 20
-312.396010067931
 40
 5
  0
CIRCLE
 5
 786
100
AcDbEntity
  8
Coupe_Sens_Horaire
100
AcDbCircle
 62
93
  6
CONTINUOUS
 10
 97.1696166992192
 20
-284.683197146829
 40
 5
  0
CIRCLE
 5
 787
100
AcDbEntity
  8
Coupe_Sens_Horaire
100
AcDbCircle
 62
93
  6
CONTINUOUS
 10
 97.1696166992192
 20
-256.970384225727
 40
 5
  0
CIRCLE
 5
 788
100
AcDbEntity
  8
Coupe_Sens_Horaire
100
AcDbCircle
 62
93
  6
CONTINUOUS
 10
 97.1696166992192
 20
-229.257571304625
 40
 5
  0
CIRCLE
 5
 789
100
AcDbEntity
  8
Coupe_Sens_Horaire
100
AcDbCircle
 62
93
  6
CONTINUOUS
 10
 113.169616699219
 20
-395.534448831238
 40
 5
  0
CIRCLE
 5
 790
100
AcDbEntity
  8
Coupe_Sens_Horaire
100
AcDbCircle
 62
93
  6
CONTINUOUS
 10
 113.169616699219
 20
-367.821635910136
 40
 5
  0
CIRCLE
 5
 791
100
AcDbEntity
  8
Coupe_Sens_Horaire
100
AcDbCircle
 62
93
  6
CONTINUOUS
 10
 113.169616699219
 20
-340.108822989034
 40
 5
  0
CIRCLE
 5
 792
100
AcDbEntity
  8
Coupe_Sens_Horaire
100
AcDbCircle
 62
93
  6
CONTINUOUS
 10
 113.169616699219
 20
-312.396010067931
 40
 5
  0
CIRCLE
 5
 793
100
AcDbEntity
  8
Coupe_Sens_Horaire
100
AcDbCircle
 62
93
  6
CONTINUOUS
 10
 113.169616699219
 20
-284.683197146829
 40
 5
  0
CIRCLE
 5
 794
100
AcDbEntity
  8
Coupe_Sens_Horaire
100
AcDbCircle
 62
93
  6
CONTINUOUS
 10
 113.169616699219
 20
-256.970384225727
 40
 5
  0
CIRCLE
 5
 795
100
AcDbEntity
  8
Coupe_Sens_Horaire
100
AcDbCircle
 62
93
  6
CONTINUOUS
 10
 113.169616699219
 20
-229.257571304625
 40
 5
  0
CIRCLE
 5
 796
100
AcDbEntity
  8
Coupe_Sens_Horaire
100
AcDbCircle
 62
93
  6
CONTINUOUS
 10
 129.169616699219
 20
-395.534448831238
 40
 5
  0
CIRCLE
 5
 797
100
AcDbEntity
  8
Coupe_Sens_Horaire
100
AcDbCircle
 62
93
  6
CONTINUOUS
 10
 129.169616699219
 20
-367.821635910136
 40
 5
  0
CIRCLE
 5
 798
100
AcDbEntity
  8
Coupe_Sens_Horaire
100
AcDbCircle
 62
93
  6
CONTINUOUS
 10
 129.169616699219
 20
-340.108822989034
 40
 5
  0
CIRCLE
 5
 799
100
AcDbEntity
  8
Coupe_Sens_Horaire
100
AcDbCircle
 62
93
  6
CONTINUOUS
 10
 129.169616699219
 20
-312.396010067931
 40
 5
  0
CIRCLE
 5
 800
100
AcDbEntity
  8
Coupe_Sens_Horaire
100
AcDbCircle
 62
93
  6
CONTINUOUS
 10
 129.169616699219
 20
-284.683197146829
 40
 5
  0
CIRCLE
 5
 801
100
AcDbEntity
  8
Coupe_Sens_Horaire
100
AcDbCircle
 62
93
  6
CONTINUOUS
 10
 129.169616699219
 20
-256.970384225727
 40
 5
  0
CIRCLE
 5
 802
100
AcDbEntity
  8
Coupe_Sens_Horaire
100
AcDbCircle
 62
93
  6
CONTINUOUS
 10
 129.169616699219
 20
-229.257571304625
 40
 5
  0
CIRCLE
 5
 803
100
AcDbEntity
  8
Coupe_Sens_Horaire
100
AcDbCircle
 62
93
  6
CONTINUOUS
 10
 145.169616699219
 20
-395.534448831238
 40
 5
  0
CIRCLE
 5
 804
100
AcDbEntity
  8
Coupe_Sens_Horaire
100
AcDbCircle
 62
93
  6
CONTINUOUS
 10
 145.169616699219
 20
-367.821635910136
 40
 5
  0
CIRCLE
 5
 805
100
AcDbEntity
  8
Coupe_Sens_Horaire
100
AcDbCircle
 62
93
  6
CONTINUOUS
 10
 145.169616699219
 20
-340.108822989034
 40
 5
  0
CIRCLE
 5
 806
100
AcDbEntity
  8
Coupe_Sens_Horaire
100
AcDbCircle
 62
93
  6
CONTINUOUS
 10
 145.169616699219
 20
-312.396010067931
 40
 5
  0
CIRCLE
 5
 807
100
AcDbEntity
  8
Coupe_Sens_Horaire
100
AcDbCircle
 62
93
  6
CONTINUOUS
 10
 145.169616699219
 20
-284.683197146829
 40
 5
  0
CIRCLE
 5
 808
100
AcDbEntity
  8
Coupe_Sens_Horaire
100
AcDbCircle
 62
93
  6
CONTINUOUS
 10
 145.169616699219
 20
-256.970384225727
 40
 5
  0
CIRCLE
 5
 809
100
AcDbEntity
  8
Coupe_Sens_Horaire
100
AcDbCircle
 62
93
  6
CONTINUOUS
 10
 145.169616699219
 20
-229.257571304625
 40
 5
  0
CIRCLE
 5
 810
100
AcDbEntity
  8
Coupe_Sens_Horaire
100
AcDbCircle
 62
93
  6
CONTINUOUS
 10
 161.169616699219
 20
-395.534448831238
 40
 5
  0
CIRCLE
 5
 811
100
AcDbEntity
  8
Coupe_Sens_Horaire
100
AcDbCircle
 62
93
  6
CONTINUOUS
 10
 161.169616699219
 20
-367.821635910136
 40
 5
  0
CIRCLE
 5
 812
100
AcDbEntity
  8
Coupe_Sens_Horaire
100
AcDbCircle
 62
93
  6
CONTINUOUS
 10
 161.169616699219
 20
-340.108822989034
 40
 5
  0
CIRCLE
 5
 813
100
AcDbEntity
  8
Coupe_Sens_Horaire
100
AcDbCircle
 62
93
  6
CONTINUOUS
 10
 161.169616699219
 20
-312.396010067931
 40
 5
  0
CIRCLE
 5
 814
100
AcDbEntity
  8
Coupe_Sens_Horaire
100
AcDbCircle
 62
93
  6
CONTINUOUS
 10
 161.169616699219
 20
-284.683197146829
 40
 5
  0
CIRCLE
 5
 815
100
AcDbEntity
  8
Coupe_Sens_Horaire
100
AcDbCircle
 62
93
  6
CONTINUOUS
 10
 161.169616699219
 20
-256.970384225727
 40
 5
  0
CIRCLE
 5
 816
100
AcDbEntity
  8
Coupe_Sens_Horaire
100
AcDbCircle
 62
93
  6
CONTINUOUS
 10
 161.169616699219
 20
-229.257571304625
 40
 5
  0
CIRCLE
 5
 817
100
AcDbEntity
  8
Coupe_Sens_Horaire
100
AcDbCircle
 62
93
  6
CONTINUOUS
 10
 177.169616699219
 20
-395.534448831238
 40
 5
  0
CIRCLE
 5
 818
100
AcDbEntity
  8
Coupe_Sens_Horaire
100
AcDbCircle
 62
93
  6
CONTINUOUS
 10
 177.169616699219
 20
-367.821635910136
 40
 5
  0
CIRCLE
 5
 819
100
AcDbEntity
  8
Coupe_Sens_Horaire
100
AcDbCircle
 62
93
  6
CONTINUOUS
 10
 177.169616699219
 20
-340.108822989034
 40
 5
  0
CIRCLE
 5
 820
100
AcDbEntity
  8
Coupe_Sens_Horaire
100
AcDbCircle
 62
93
  6
CONTINUOUS
 10
 177.169616699219
 20
-312.396010067931
 40
 5
  0
CIRCLE
 5
 821
100
AcDbEntity
  8
Coupe_Sens_Horaire
100
AcDbCircle
 62
93
  6
CONTINUOUS
 10
 177.169616699219
 20
-284.683197146829
 40
 5
  0
CIRCLE
 5
 822
100
AcDbEntity
  8
Coupe_Sens_Horaire
100
AcDbCircle
 62
93
  6
CONTINUOUS
 10
 177.169616699219
 20
-256.970384225727
 40
 5
  0
CIRCLE
 5
 823
100
AcDbEntity
  8
Coupe_Sens_Horaire
100
AcDbCircle
 62
93
  6
CONTINUOUS
 10
 177.169616699219
 20
-229.257571304625
 40
 5
  0
CIRCLE
 5
 824
100
AcDbEntity
  8
Coupe_Sens_Horaire
100
AcDbCircle
 62
93
  6
CONTINUOUS
 10
 193.169616699219
 20
-395.534448831238
 40
 5
  0
CIRCLE
 5
 825
100
AcDbEntity
  8
Coupe_Sens_Horaire
100
AcDbCircle
 62
93
  6
CONTINUOUS
 10
 193.169616699219
 20
-367.821635910136
 40
 5
  0
CIRCLE
 5
 826
100
AcDbEntity
  8
Coupe_Sens_Horaire
100
AcDbCircle
 62
93
  6
CONTINUOUS
 10
 193.169616699219
 20
-340.108822989034
 40
 5
  0
CIRCLE
 5
 827
100
AcDbEntity
  8
Coupe_Sens_Horaire
100
AcDbCircle
 62
93
  6
CONTINUOUS
 10
 193.169616699219
 20
-312.396010067931
 40
 5
  0
CIRCLE
 5
 828
100
AcDbEntity
  8
Coupe_Sens_Horaire
100
AcDbCircle
 62
93
  6
CONTINUOUS
 10
 193.169616699219
 20
-284.683197146829
 40
 5
  0
CIRCLE
 5
 829
100
AcDbEntity
  8
Coupe_Sens_Horaire
100
AcDbCircle
 62
93
  6
CONTINUOUS
 10
 193.169616699219
 20
-256.970384225727
 40
 5
  0
CIRCLE
 5
 830
100
AcDbEntity
  8
Coupe_Sens_Horaire
100
AcDbCircle
 62
93
  6
CONTINUOUS
 10
 193.169616699219
 20
-229.257571304625
 40
 5
  0
CIRCLE
 5
 831
100
AcDbEntity
  8
Coupe_Sens_Horaire
100
AcDbCircle
 62
93
  6
CONTINUOUS
 10
 209.169616699219
 20
-395.534448831238
 40
 5
  0
CIRCLE
 5
 832
100
AcDbEntity
  8
Coupe_Sens_Horaire
100
AcDbCircle
 62
93
  6
CONTINUOUS
 10
 209.169616699219
 20
-367.821635910136
 40
 5
  0
CIRCLE
 5
 833
100
AcDbEntity
  8
Coupe_Sens_Horaire
100
AcDbCircle
 62
93
  6
CONTINUOUS
 10
 209.169616699219
 20
-340.108822989034
 40
 5
  0
CIRCLE
 5
 834
100
AcDbEntity
  8
Coupe_Sens_Horaire
100
AcDbCircle
 62
93
  6
CONTINUOUS
 10
 209.169616699219
 20
-312.396010067931
 40
 5
  0
CIRCLE
 5
 835
100
AcDbEntity
  8
Coupe_Sens_Horaire
100
AcDbCircle
 62
93
  6
CONTINUOUS
 10
 209.169616699219
 20
-284.683197146829
 40
 5
  0
CIRCLE
 5
 836
100
AcDbEntity
  8
Coupe_Sens_Horaire
100
AcDbCircle
 62
93
  6
CONTINUOUS
 10
 209.169616699219
 20
-256.970384225727
 40
 5
  0
CIRCLE
 5
 837
100
AcDbEntity
  8
Coupe_Sens_Horaire
100
AcDbCircle
 62
93
  6
CONTINUOUS
 10
 209.169616699219
 20
-229.257571304625
 40
 5
  0
CIRCLE
 5
 838
100
AcDbEntity
  8
Coupe_Sens_Horaire
100
AcDbCircle
 62
93
  6
CONTINUOUS
 10
 225.169616699219
 20
-395.534448831238
 40
 5
  0
CIRCLE
 5
 839
100
AcDbEntity
  8
Coupe_Sens_Horaire
100
AcDbCircle
 62
93
  6
CONTINUOUS
 10
 225.169616699219
 20
-367.821635910136
 40
 5
  0
CIRCLE
 5
 840
100
AcDbEntity
  8
Coupe_Sens_Horaire
100
AcDbCircle
 62
93
  6
CONTINUOUS
 10
 225.169616699219
 20
-340.108822989034
 40
 5
  0
CIRCLE
 5
 841
100
AcDbEntity
  8
Coupe_Sens_Horaire
100
AcDbCircle
 62
93
  6
CONTINUOUS
 10
 225.169616699219
 20
-312.396010067931
 40
 5
  0
CIRCLE
 5
 842
100
AcDbEntity
  8
Coupe_Sens_Horaire
100
AcDbCircle
 62
93
  6
CONTINUOUS
 10
 225.169616699219
 20
-284.683197146829
 40
 5
  0
CIRCLE
 5
 843
100
AcDbEntity
  8
Coupe_Sens_Horaire
100
AcDbCircle
 62
93
  6
CONTINUOUS
 10
 225.169616699219
 20
-256.970384225727
 40
 5
  0
CIRCLE
 5
 844
100
AcDbEntity
  8
Coupe_Sens_Horaire
100
AcDbCircle
 62
93
  6
CONTINUOUS
 10
 225.169616699219
 20
-229.257571304625
 40
 5
  0
CIRCLE
 5
 845
100
AcDbEntity
  8
Coupe_Sens_Horaire
100
AcDbCircle
 62
93
  6
CONTINUOUS
 10
 241.169616699219
 20
-395.534448831238
 40
 5
  0
CIRCLE
 5
 846
100
AcDbEntity
  8
Coupe_Sens_Horaire
100
AcDbCircle
 62
93
  6
CONTINUOUS
 10
 241.169616699219
 20
-367.821635910136
 40
 5
  0
CIRCLE
 5
 847
100
AcDbEntity
  8
Coupe_Sens_Horaire
100
AcDbCircle
 62
93
  6
CONTINUOUS
 10
 241.169616699219
 20
-340.108822989034
 40
 5
  0
CIRCLE
 5
 848
100
AcDbEntity
  8
Coupe_Sens_Horaire
100
AcDbCircle
 62
93
  6
CONTINUOUS
 10
 241.169616699219
 20
-312.396010067931
 40
 5
  0
CIRCLE
 5
 849
100
AcDbEntity
  8
Coupe_Sens_Horaire
100
AcDbCircle
 62
93
  6
CONTINUOUS
 10
 241.169616699219
 20
-284.683197146829
 40
 5
  0
CIRCLE
 5
 850
100
AcDbEntity
  8
Coupe_Sens_Horaire
100
AcDbCircle
 62
93
  6
CONTINUOUS
 10
 241.169616699219
 20
-256.970384225727
 40
 5
  0
CIRCLE
 5
 851
100
AcDbEntity
  8
Coupe_Sens_Horaire
100
AcDbCircle
 62
93
  6
CONTINUOUS
 10
 241.169616699219
 20
-229.257571304625
 40
 5
  0
CIRCLE
 5
 852
100
AcDbEntity
  8
Coupe_Sens_Horaire
100
AcDbCircle
 62
93
  6
CONTINUOUS
 10
 257.169616699219
 20
-395.534448831238
 40
 5
  0
CIRCLE
 5
 853
100
AcDbEntity
  8
Coupe_Sens_Horaire
100
AcDbCircle
 62
93
  6
CONTINUOUS
 10
 257.169616699219
 20
-367.821635910136
 40
 5
  0
CIRCLE
 5
 854
100
AcDbEntity
  8
Coupe_Sens_Horaire
100
AcDbCircle
 62
93
  6
CONTINUOUS
 10
 257.169616699219
 20
-340.108822989034
 40
 5
  0
CIRCLE
 5
 855
100
AcDbEntity
  8
Coupe_Sens_Horaire
100
AcDbCircle
 62
93
  6
CONTINUOUS
 10
 257.169616699219
 20
-312.396010067931
 40
 5
  0
CIRCLE
 5
 856
100
AcDbEntity
  8
Coupe_Sens_Horaire
100
AcDbCircle
 62
93
  6
CONTINUOUS
 10
 257.169616699219
 20
-284.683197146829
 40
 5
  0
CIRCLE
 5
 857
100
AcDbEntity
  8
Coupe_Sens_Horaire
100
AcDbCircle
 62
93
  6
CONTINUOUS
 10
 257.169616699219
 20
-256.970384225727
 40
 5
  0
CIRCLE
 5
 858
100
AcDbEntity
  8
Coupe_Sens_Horaire
100
AcDbCircle
 62
93
  6
CONTINUOUS
 10
 257.169616699219
 20
-229.257571304625
 40
 5
  0
CIRCLE
 5
 859
100
AcDbEntity
  8
Coupe_Sens_Horaire
100
AcDbCircle
 62
93
  6
CONTINUOUS
 10
 273.169616699219
 20
-395.534448831238
 40
 5
  0
CIRCLE
 5
 860
100
AcDbEntity
  8
Coupe_Sens_Horaire
100
AcDbCircle
 62
93
  6
CONTINUOUS
 10
 273.169616699219
 20
-367.821635910136
 40
 5
  0
CIRCLE
 5
 861
100
AcDbEntity
  8
Coupe_Sens_Horaire
100
AcDbCircle
 62
93
  6
CONTINUOUS
 10
 273.169616699219
 20
-340.108822989034
 40
 5
  0
CIRCLE
 5
 862
100
AcDbEntity
  8
Coupe_Sens_Horaire
100
AcDbCircle
 62
93
  6
CONTINUOUS
 10
 273.169616699219
 20
-312.396010067931
 40
 5
  0
CIRCLE
 5
 863
100
AcDbEntity
  8
Coupe_Sens_Horaire
100
AcDbCircle
 62
93
  6
CONTINUOUS
 10
 273.169616699219
 20
-284.683197146829
 40
 5
  0
CIRCLE
 5
 864
100
AcDbEntity
  8
Coupe_Sens_Horaire
100
AcDbCircle
 62
93
  6
CONTINUOUS
 10
 273.169616699219
 20
-256.970384225727
 40
 5
  0
CIRCLE
 5
 865
100
AcDbEntity
  8
Coupe_Sens_Horaire
100
AcDbCircle
 62
93
  6
CONTINUOUS
 10
 273.169616699219
 20
-229.257571304625
 40
 5
  0
CIRCLE
 5
 866
100
AcDbEntity
  8
Coupe_Sens_Horaire
100
AcDbCircle
 62
93
  6
CONTINUOUS
 10
 289.169616699219
 20
-395.534448831238
 40
 5
  0
CIRCLE
 5
 867
100
AcDbEntity
  8
Coupe_Sens_Horaire
100
AcDbCircle
 62
93
  6
CONTINUOUS
 10
 289.169616699219
 20
-367.821635910136
 40
 5
  0
CIRCLE
 5
 868
100
AcDbEntity
  8
Coupe_Sens_Horaire
100
AcDbCircle
 62
93
  6
CONTINUOUS
 10
 289.169616699219
 20
-340.108822989034
 40
 5
  0
CIRCLE
 5
 869
100
AcDbEntity
  8
Coupe_Sens_Horaire
100
AcDbCircle
 62
93
  6
CONTINUOUS
 10
 289.169616699219
 20
-312.396010067931
 40
 5
  0
CIRCLE
 5
 870
100
AcDbEntity
  8
Coupe_Sens_Horaire
100
AcDbCircle
 62
93
  6
CONTINUOUS
 10
 289.169616699219
 20
-284.683197146829
 40
 5
  0
CIRCLE
 5
 871
100
AcDbEntity
  8
Coupe_Sens_Horaire
100
AcDbCircle
 62
93
  6
CONTINUOUS
 10
 289.169616699219
 20
-256.970384225727
 40
 5
  0
CIRCLE
 5
 872
100
AcDbEntity
  8
Coupe_Sens_Horaire
100
AcDbCircle
 62
93
  6
CONTINUOUS
 10
 289.169616699219
 20
-229.257571304625
 40
 5
  0
CIRCLE
 5
 873
100
AcDbEntity
  8
Coupe_Sens_Horaire
100
AcDbCircle
 62
93
  6
CONTINUOUS
 10
 305.169616699219
 20
-395.534448831238
 40
 5
  0
CIRCLE
 5
 874
100
AcDbEntity
  8
Coupe_Sens_Horaire
100
AcDbCircle
 62
93
  6
CONTINUOUS
 10
 305.169616699219
 20
-367.821635910136
 40
 5
  0
CIRCLE
 5
 875
100
AcDbEntity
  8
Coupe_Sens_Horaire
100
AcDbCircle
 62
93
  6
CONTINUOUS
 10
 305.169616699219
 20
-340.108822989034
 40
 5
  0
CIRCLE
 5
 876
100
AcDbEntity
  8
Coupe_Sens_Horaire
100
AcDbCircle
 62
93
  6
CONTINUOUS
 10
 305.169616699219
 20
-312.396010067931
 40
 5
  0
CIRCLE
 5
 877
100
AcDbEntity
  8
Coupe_Sens_Horaire
100
AcDbCircle
 62
93
  6
CONTINUOUS
 10
 305.169616699219
 20
-284.683197146829
 40
 5
  0
CIRCLE
 5
 878
100
AcDbEntity
  8
Coupe_Sens_Horaire
100
AcDbCircle
 62
93
  6
CONTINUOUS
 10
 305.169616699219
 20
-256.970384225727
 40
 5
  0
CIRCLE
 5
 879
100
AcDbEntity
  8
Coupe_Sens_Horaire
100
AcDbCircle
 62
93
  6
CONTINUOUS
 10
 305.169616699219
 20
-229.257571304625
 40
 5
  0
CIRCLE
 5
 880
100
AcDbEntity
  8
Coupe_Sens_Horaire
100
AcDbCircle
 62
93
  6
CONTINUOUS
 10
 321.169616699219
 20
-395.534448831238
 40
 5
  0
CIRCLE
 5
 881
100
AcDbEntity
  8
Coupe_Sens_Horaire
100
AcDbCircle
 62
93
  6
CONTINUOUS
 10
 321.169616699219
 20
-367.821635910136
 40
 5
  0
CIRCLE
 5
 882
100
AcDbEntity
  8
Coupe_Sens_Horaire
100
AcDbCircle
 62
93
  6
CONTINUOUS
 10
 321.169616699219
 20
-340.108822989034
 40
 5
  0
CIRCLE
 5
 883
100
AcDbEntity
  8
Coupe_Sens_Horaire
100
AcDbCircle
 62
93
  6
CONTINUOUS
 10
 321.169616699219
 20
-312.396010067931
 40
 5
  0
CIRCLE
 5
 884
100
AcDbEntity
  8
Coupe_Sens_Horaire
100
AcDbCircle
 62
93
  6
CONTINUOUS
 10
 321.169616699219
 20
-284.683197146829
 40
 5
  0
CIRCLE
 5
 885
100
AcDbEntity
  8
Coupe_Sens_Horaire
100
AcDbCircle
 62
93
  6
CONTINUOUS
 10
 321.169616699219
 20
-256.970384225727
 40
 5
  0
CIRCLE
 5
 886
100
AcDbEntity
  8
Coupe_Sens_Horaire
100
AcDbCircle
 62
93
  6
CONTINUOUS
 10
 321.169616699219
 20
-229.257571304625
 40
 5
  0
CIRCLE
 5
 887
100
AcDbEntity
  8
Coupe_Sens_Horaire
100
AcDbCircle
 62
93
  6
CONTINUOUS
 10
 337.169616699219
 20
-395.534448831238
 40
 5
  0
CIRCLE
 5
 888
100
AcDbEntity
  8
Coupe_Sens_Horaire
100
AcDbCircle
 62
93
  6
CONTINUOUS
 10
 337.169616699219
 20
-367.821635910136
 40
 5
  0
CIRCLE
 5
 889
100
AcDbEntity
  8
Coupe_Sens_Horaire
100
AcDbCircle
 62
93
  6
CONTINUOUS
 10
 337.169616699219
 20
-340.108822989034
 40
 5
  0
CIRCLE
 5
 890
100
AcDbEntity
  8
Coupe_Sens_Horaire
100
AcDbCircle
 62
93
  6
CONTINUOUS
 10
 337.169616699219
 20
-312.396010067931
 40
 5
  0
CIRCLE
 5
 891
100
AcDbEntity
  8
Coupe_Sens_Horaire
100
AcDbCircle
 62
93
  6
CONTINUOUS
 10
 337.169616699219
 20
-284.683197146829
 40
 5
  0
CIRCLE
 5
 892
100
AcDbEntity
  8
Coupe_Sens_Horaire
100
AcDbCircle
 62
93
  6
CONTINUOUS
 10
 337.169616699219
 20
-256.970384225727
 40
 5
  0
CIRCLE
 5
 893
100
AcDbEntity
  8
Coupe_Sens_Horaire
100
AcDbCircle
 62
93
  6
CONTINUOUS
 10
 337.169616699219
 20
-229.257571304625
 40
 5
  0
CIRCLE
 5
 894
100
AcDbEntity
  8
Coupe_Sens_Horaire
100
AcDbCircle
 62
93
  6
CONTINUOUS
 10
 353.169616699219
 20
-395.534448831238
 40
 5
  0
CIRCLE
 5
 895
100
AcDbEntity
  8
Coupe_Sens_Horaire
100
AcDbCircle
 62
93
  6
CONTINUOUS
 10
 353.169616699219
 20
-367.821635910136
 40
 5
  0
CIRCLE
 5
 896
100
AcDbEntity
  8
Coupe_Sens_Horaire
100
AcDbCircle
 62
93
  6
CONTINUOUS
 10
 353.169616699219
 20
-340.108822989034
 40
 5
  0
CIRCLE
 5
 897
100
AcDbEntity
  8
Coupe_Sens_Horaire
100
AcDbCircle
 62
93
  6
CONTINUOUS
 10
 353.169616699219
 20
-312.396010067931
 40
 5
  0
CIRCLE
 5
 898
100
AcDbEntity
  8
Coupe_Sens_Horaire
100
AcDbCircle
 62
93
  6
CONTINUOUS
 10
 353.169616699219
 20
-284.683197146829
 40
 5
  0
CIRCLE
 5
 899
100
AcDbEntity
  8
Coupe_Sens_Horaire
100
AcDbCircle
 62
93
  6
CONTINUOUS
 10
 353.169616699219
 20
-256.970384225727
 40
 5
  0
CIRCLE
 5
 900
100
AcDbEntity
  8
Coupe_Sens_Horaire
100
AcDbCircle
 62
93
  6
CONTINUOUS
 10
 353.169616699219
 20
-229.257571304625
 40
 5
  0
CIRCLE
 5
 901
100
AcDbEntity
  8
Coupe_Sens_Horaire
100
AcDbCircle
 62
93
  6
CONTINUOUS
 10
 369.169616699219
 20
-395.534448831238
 40
 5
  0
CIRCLE
 5
 902
100
AcDbEntity
  8
Coupe_Sens_Horaire
100
AcDbCircle
 62
93
  6
CONTINUOUS
 10
 369.169616699219
 20
-367.821635910136
 40
 5
  0
CIRCLE
 5
 903
100
AcDbEntity
  8
Coupe_Sens_Horaire
100
AcDbCircle
 62
93
  6
CONTINUOUS
 10
 369.169616699219
 20
-340.108822989034
 40
 5
  0
CIRCLE
 5
 904
100
AcDbEntity
  8
Coupe_Sens_Horaire
100
AcDbCircle
 62
93
  6
CONTINUOUS
 10
 369.169616699219
 20
-312.396010067931
 40
 5
  0
CIRCLE
 5
 905
100
AcDbEntity
  8
Coupe_Sens_Horaire
100
AcDbCircle
 62
93
  6
CONTINUOUS
 10
 369.169616699219
 20
-284.683197146829
 40
 5
  0
CIRCLE
 5
 906
100
AcDbEntity
  8
Coupe_Sens_Horaire
100
AcDbCircle
 62
93
  6
CONTINUOUS
 10
 369.169616699219
 20
-256.970384225727
 40
 5
  0
CIRCLE
 5
 907
100
AcDbEntity
  8
Coupe_Sens_Horaire
100
AcDbCircle
 62
93
  6
CONTINUOUS
 10
 369.169616699219
 20
-229.257571304625
 40
 5
  0
CIRCLE
 5
 908
100
AcDbEntity
  8
Coupe_Sens_Horaire
100
AcDbCircle
 62
93
  6
CONTINUOUS
 10
 385.169616699219
 20
-395.534448831238
 40
 5
  0
CIRCLE
 5
 909
100
AcDbEntity
  8
Coupe_Sens_Horaire
100
AcDbCircle
 62
93
  6
CONTINUOUS
 10
 385.169616699219
 20
-367.821635910136
 40
 5
  0
CIRCLE
 5
 910
100
AcDbEntity
  8
Coupe_Sens_Horaire
100
AcDbCircle
 62
93
  6
CONTINUOUS
 10
 385.169616699219
 20
-340.108822989034
 40
 5
  0
CIRCLE
 5
 911
100
AcDbEntity
  8
Coupe_Sens_Horaire
100
AcDbCircle
 62
93
  6
CONTINUOUS
 10
 385.169616699219
 20
-312.396010067931
 40
 5
  0
CIRCLE
 5
 912
100
AcDbEntity
  8
Coupe_Sens_Horaire
100
AcDbCircle
 62
93
  6
CONTINUOUS
 10
 385.169616699219
 20
-284.683197146829
 40
 5
  0
CIRCLE
 5
 913
100
AcDbEntity
  8
Coupe_Sens_Horaire
100
AcDbCircle
 62
93
  6
CONTINUOUS
 10
 385.169616699219
 20
-256.970384225727
 40
 5
  0
CIRCLE
 5
 914
100
AcDbEntity
  8
Coupe_Sens_Horaire
100
AcDbCircle
 62
93
  6
CONTINUOUS
 10
 385.169616699219
 20
-229.257571304625
 40
 5
  0
CIRCLE
 5
 915
100
AcDbEntity
  8
Coupe_Sens_Horaire
100
AcDbCircle
 62
93
  6
CONTINUOUS
 10
 401.169616699219
 20
-395.534448831238
 40
 5
  0
CIRCLE
 5
 916
100
AcDbEntity
  8
Coupe_Sens_Horaire
100
AcDbCircle
 62
93
  6
CONTINUOUS
 10
 401.169616699219
 20
-367.821635910136
 40
 5
  0
CIRCLE
 5
 917
100
AcDbEntity
  8
Coupe_Sens_Horaire
100
AcDbCircle
 62
93
  6
CONTINUOUS
 10
 401.169616699219
 20
-340.108822989034
 40
 5
  0
CIRCLE
 5
 918
100
AcDbEntity
  8
Coupe_Sens_Horaire
100
AcDbCircle
 62
93
  6
CONTINUOUS
 10
 401.169616699219
 20
-312.396010067931
 40
 5
  0
CIRCLE
 5
 919
100
AcDbEntity
  8
Coupe_Sens_Horaire
100
AcDbCircle
 62
93
  6
CONTINUOUS
 10
 401.169616699219
 20
-284.683197146829
 40
 5
  0
CIRCLE
 5
 920
100
AcDbEntity
  8
Coupe_Sens_Horaire
100
AcDbCircle
 62
93
  6
CONTINUOUS
 10
 401.169616699219
 20
-256.970384225727
 40
 5
  0
CIRCLE
 5
 921
100
AcDbEntity
  8
Coupe_Sens_Horaire
100
AcDbCircle
 62
93
  6
CONTINUOUS
 10
 401.169616699219
 20
-229.257571304625
 40
 5
  0
CIRCLE
 5
 922
100
AcDbEntity
  8
Coupe_Sens_Horaire
100
AcDbCircle
 62
93
  6
CONTINUOUS
 10
 417.169616699219
 20
-395.534448831238
 40
 5
  0
CIRCLE
 5
 923
100
AcDbEntity
  8
Coupe_Sens_Horaire
100
AcDbCircle
 62
93
  6
CONTINUOUS
 10
 417.169616699219
 20
-367.821635910136
 40
 5
  0
CIRCLE
 5
 924
100
AcDbEntity
  8
Coupe_Sens_Horaire
100
AcDbCircle
 62
93
  6
CONTINUOUS
 10
 417.169616699219
 20
-340.108822989034
 40
 5
  0
CIRCLE
 5
 925
100
AcDbEntity
  8
Coupe_Sens_Horaire
100
AcDbCircle
 62
93
  6
CONTINUOUS
 10
 417.169616699219
 20
-312.396010067931
 40
 5
  0
CIRCLE
 5
 926
100
AcDbEntity
  8
Coupe_Sens_Horaire
100
AcDbCircle
 62
93
  6
CONTINUOUS
 10
 417.169616699219
 20
-284.683197146829
 40
 5
  0
CIRCLE
 5
 927
100
AcDbEntity
  8
Coupe_Sens_Horaire
100
AcDbCircle
 62
93
  6
CONTINUOUS
 10
 417.169616699219
 20
-256.970384225727
 40
 5
  0
CIRCLE
 5
 928
100
AcDbEntity
  8
Coupe_Sens_Horaire
100
AcDbCircle
 62
93
  6
CONTINUOUS
 10
 417.169616699219
 20
-229.257571304625
 40
 5
  0
CIRCLE
 5
 929
100
AcDbEntity
  8
Coupe_Sens_Horaire
100
AcDbCircle
 62
93
  6
CONTINUOUS
 10
 433.169616699219
 20
-395.534448831238
 40
 5
  0
CIRCLE
 5
 930
100
AcDbEntity
  8
Coupe_Sens_Horaire
100
AcDbCircle
 62
93
  6
CONTINUOUS
 10
 433.169616699219
 20
-367.821635910136
 40
 5
  0
CIRCLE
 5
 931
100
AcDbEntity
  8
Coupe_Sens_Horaire
100
AcDbCircle
 62
93
  6
CONTINUOUS
 10
 433.169616699219
 20
-340.108822989034
 40
 5
  0
CIRCLE
 5
 932
100
AcDbEntity
  8
Coupe_Sens_Horaire
100
AcDbCircle
 62
93
  6
CONTINUOUS
 10
 433.169616699219
 20
-312.396010067931
 40
 5
  0
CIRCLE
 5
 933
100
AcDbEntity
  8
Coupe_Sens_Horaire
100
AcDbCircle
 62
93
  6
CONTINUOUS
 10
 433.169616699219
 20
-284.683197146829
 40
 5
  0
CIRCLE
 5
 934
100
AcDbEntity
  8
Coupe_Sens_Horaire
100
AcDbCircle
 62
93
  6
CONTINUOUS
 10
 433.169616699219
 20
-256.970384225727
 40
 5
  0
CIRCLE
 5
 935
100
AcDbEntity
  8
Coupe_Sens_Horaire
100
AcDbCircle
 62
93
  6
CONTINUOUS
 10
 433.169616699219
 20
-229.257571304625
 40
 5
  0
CIRCLE
 5
 936
100
AcDbEntity
  8
Coupe_Sens_Horaire
100
AcDbCircle
 62
93
  6
CONTINUOUS
 10
 449.169616699219
 20
-395.534448831238
 40
 5
  0
CIRCLE
 5
 937
100
AcDbEntity
  8
Coupe_Sens_Horaire
100
AcDbCircle
 62
93
  6
CONTINUOUS
 10
 449.169616699219
 20
-367.821635910136
 40
 5
  0
CIRCLE
 5
 938
100
AcDbEntity
  8
Coupe_Sens_Horaire
100
AcDbCircle
 62
93
  6
CONTINUOUS
 10
 449.169616699219
 20
-340.108822989034
 40
 5
  0
CIRCLE
 5
 939
100
AcDbEntity
  8
Coupe_Sens_Horaire
100
AcDbCircle
 62
93
  6
CONTINUOUS
 10
 449.169616699219
 20
-312.396010067931
 40
 5
  0
CIRCLE
 5
 940
100
AcDbEntity
  8
Coupe_Sens_Horaire
100
AcDbCircle
 62
93
  6
CONTINUOUS
 10
 449.169616699219
 20
-284.683197146829
 40
 5
  0
CIRCLE
 5
 941
100
AcDbEntity
  8
Coupe_Sens_Horaire
100
AcDbCircle
 62
93
  6
CONTINUOUS
 10
 449.169616699219
 20
-256.970384225727
 40
 5
  0
CIRCLE
 5
 942
100
AcDbEntity
  8
Coupe_Sens_Horaire
100
AcDbCircle
 62
93
  6
CONTINUOUS
 10
 449.169616699219
 20
-229.257571304625
 40
 5
  0
CIRCLE
 5
 943
100
AcDbEntity
  8
Coupe_Sens_Horaire
100
AcDbCircle
 62
93
  6
CONTINUOUS
 10
 465.169616699219
 20
-395.534448831238
 40
 5
  0
CIRCLE
 5
 944
100
AcDbEntity
  8
Coupe_Sens_Horaire
100
AcDbCircle
 62
93
  6
CONTINUOUS
 10
 465.169616699219
 20
-367.821635910136
 40
 5
  0
CIRCLE
 5
 945
100
AcDbEntity
  8
Coupe_Sens_Horaire
100
AcDbCircle
 62
93
  6
CONTINUOUS
 10
 465.169616699219
 20
-340.108822989034
 40
 5
  0
CIRCLE
 5
 946
100
AcDbEntity
  8
Coupe_Sens_Horaire
100
AcDbCircle
 62
93
  6
CONTINUOUS
 10
 465.169616699219
 20
-312.396010067931
 40
 5
  0
CIRCLE
 5
 947
100
AcDbEntity
  8
Coupe_Sens_Horaire
100
AcDbCircle
 62
93
  6
CONTINUOUS
 10
 465.169616699219
 20
-284.683197146829
 40
 5
  0
CIRCLE
 5
 948
100
AcDbEntity
  8
Coupe_Sens_Horaire
100
AcDbCircle
 62
93
  6
CONTINUOUS
 10
 465.169616699219
 20
-256.970384225727
 40
 5
  0
CIRCLE
 5
 949
100
AcDbEntity
  8
Coupe_Sens_Horaire
100
AcDbCircle
 62
93
  6
CONTINUOUS
 10
 465.169616699219
 20
-229.257571304625
 40
 5
  0
CIRCLE
 5
 950
100
AcDbEntity
  8
Coupe_Sens_Horaire
100
AcDbCircle
 62
93
  6
CONTINUOUS
 10
 481.169616699219
 20
-395.534448831238
 40
 5
  0
CIRCLE
 5
 951
100
AcDbEntity
  8
Coupe_Sens_Horaire
100
AcDbCircle
 62
93
  6
CONTINUOUS
 10
 481.169616699219
 20
-367.821635910136
 40
 5
  0
CIRCLE
 5
 952
100
AcDbEntity
  8
Coupe_Sens_Horaire
100
AcDbCircle
 62
93
  6
CONTINUOUS
 10
 481.169616699219
 20
-340.108822989034
 40
 5
  0
CIRCLE
 5
 953
100
AcDbEntity
  8
Coupe_Sens_Horaire
100
AcDbCircle
 62
93
  6
CONTINUOUS
 10
 481.169616699219
 20
-312.396010067931
 40
 5
  0
CIRCLE
 5
 954
100
AcDbEntity
  8
Coupe_Sens_Horaire
100
AcDbCircle
 62
93
  6
CONTINUOUS
 10
 481.169616699219
 20
-284.683197146829
 40
 5
  0
CIRCLE
 5
 955
100
AcDbEntity
  8
Coupe_Sens_Horaire
100
AcDbCircle
 62
93
  6
CONTINUOUS
 10
 481.169616699219
 20
-256.970384225727
 40
 5
  0
CIRCLE
 5
 956
100
AcDbEntity
  8
Coupe_Sens_Horaire
100
AcDbCircle
 62
93
  6
CONTINUOUS
 10
 481.169616699219
 20
-229.257571304625
 40
 5
  0
CIRCLE
 5
 957
100
AcDbEntity
  8
Coupe_Sens_Horaire
100
AcDbCircle
 62
93
  6
CONTINUOUS
 10
 497.169616699219
 20
-395.534448831238
 40
 5
  0
CIRCLE
 5
 958
100
AcDbEntity
  8
Coupe_Sens_Horaire
100
AcDbCircle
 62
93
  6
CONTINUOUS
 10
 497.169616699219
 20
-367.821635910136
 40
 5
  0
CIRCLE
 5
 959
100
AcDbEntity
  8
Coupe_Sens_Horaire
100
AcDbCircle
 62
93
  6
CONTINUOUS
 10
 497.169616699219
 20
-340.108822989034
 40
 5
  0
CIRCLE
 5
 960
100
AcDbEntity
  8
Coupe_Sens_Horaire
100
AcDbCircle
 62
93
  6
CONTINUOUS
 10
 497.169616699219
 20
-312.396010067931
 40
 5
  0
CIRCLE
 5
 961
100
AcDbEntity
  8
Coupe_Sens_Horaire
100
AcDbCircle
 62
93
  6
CONTINUOUS
 10
 497.169616699219
 20
-284.683197146829
 40
 5
  0
CIRCLE
 5
 962
100
AcDbEntity
  8
Coupe_Sens_Horaire
100
AcDbCircle
 62
93
  6
CONTINUOUS
 10
 497.169616699219
 20
-256.970384225727
 40
 5
  0
CIRCLE
 5
 963
100
AcDbEntity
  8
Coupe_Sens_Horaire
100
AcDbCircle
 62
93
  6
CONTINUOUS
 10
 497.169616699219
 20
-229.257571304625
 40
 5
  0
CIRCLE
 5
 964
100
AcDbEntity
  8
Coupe_Sens_Horaire
100
AcDbCircle
 62
93
  6
CONTINUOUS
 10
 513.169616699219
 20
-395.534448831238
 40
 5
  0
CIRCLE
 5
 965
100
AcDbEntity
  8
Coupe_Sens_Horaire
100
AcDbCircle
 62
93
  6
CONTINUOUS
 10
 513.169616699219
 20
-367.821635910136
 40
 5
  0
CIRCLE
 5
 966
100
AcDbEntity
  8
Coupe_Sens_Horaire
100
AcDbCircle
 62
93
  6
CONTINUOUS
 10
 513.169616699219
 20
-340.108822989034
 40
 5
  0
CIRCLE
 5
 967
100
AcDbEntity
  8
Coupe_Sens_Horaire
100
AcDbCircle
 62
93
  6
CONTINUOUS
 10
 513.169616699219
 20
-312.396010067931
 40
 5
  0
CIRCLE
 5
 968
100
AcDbEntity
  8
Coupe_Sens_Horaire
100
AcDbCircle
 62
93
  6
CONTINUOUS
 10
 513.169616699219
 20
-284.683197146829
 40
 5
  0
CIRCLE
 5
 969
100
AcDbEntity
  8
Coupe_Sens_Horaire
100
AcDbCircle
 62
93
  6
CONTINUOUS
 10
 513.169616699219
 20
-256.970384225727
 40
 5
  0
CIRCLE
 5
 970
100
AcDbEntity
  8
Coupe_Sens_Horaire
100
AcDbCircle
 62
93
  6
CONTINUOUS
 10
 513.169616699219
 20
-229.257571304625
 40
 5
  0
CIRCLE
 5
 971
100
AcDbEntity
  8
Coupe_Sens_Horaire
100
AcDbCircle
 62
93
  6
CONTINUOUS
 10
 529.169616699219
 20
-395.534448831238
 40
 5
  0
CIRCLE
 5
 972
100
AcDbEntity
  8
Coupe_Sens_Horaire
100
AcDbCircle
 62
93
  6
CONTINUOUS
 10
 529.169616699219
 20
-367.821635910136
 40
 5
  0
CIRCLE
 5
 973
100
AcDbEntity
  8
Coupe_Sens_Horaire
100
AcDbCircle
 62
93
  6
CONTINUOUS
 10
 529.169616699219
 20
-340.108822989034
 40
 5
  0
CIRCLE
 5
 974
100
AcDbEntity
  8
Coupe_Sens_Horaire
100
AcDbCircle
 62
93
  6
CONTINUOUS
 10
 529.169616699219
 20
-312.396010067931
 40
 5
  0
CIRCLE
 5
 975
100
AcDbEntity
  8
Coupe_Sens_Horaire
100
AcDbCircle
 62
93
  6
CONTINUOUS
 10
 529.169616699219
 20
-284.683197146829
 40
 5
  0
CIRCLE
 5
 976
100
AcDbEntity
  8
Coupe_Sens_Horaire
100
AcDbCircle
 62
93
  6
CONTINUOUS
 10
 529.169616699219
 20
-256.970384225727
 40
 5
  0
CIRCLE
 5
 977
100
AcDbEntity
  8
Coupe_Sens_Horaire
100
AcDbCircle
 62
93
  6
CONTINUOUS
 10
 529.169616699219
 20
-229.257571304625
 40
 5
  0
CIRCLE
 5
 978
100
AcDbEntity
  8
Coupe_Sens_Horaire
100
AcDbCircle
 62
93
  6
CONTINUOUS
 10
 545.169616699219
 20
-395.534448831238
 40
 5
  0
CIRCLE
 5
 979
100
AcDbEntity
  8
Coupe_Sens_Horaire
100
AcDbCircle
 62
93
  6
CONTINUOUS
 10
 545.169616699219
 20
-367.821635910136
 40
 5
  0
CIRCLE
 5
 980
100
AcDbEntity
  8
Coupe_Sens_Horaire
100
AcDbCircle
 62
93
  6
CONTINUOUS
 10
 545.169616699219
 20
-340.108822989034
 40
 5
  0
CIRCLE
 5
 981
100
AcDbEntity
  8
Coupe_Sens_Horaire
100
AcDbCircle
 62
93
  6
CONTINUOUS
 10
 545.169616699219
 20
-312.396010067931
 40
 5
  0
CIRCLE
 5
 982
100
AcDbEntity
  8
Coupe_Sens_Horaire
100
AcDbCircle
 62
93
  6
CONTINUOUS
 10
 545.169616699219
 20
-284.683197146829
 40
 5
  0
CIRCLE
 5
 983
100
AcDbEntity
  8
Coupe_Sens_Horaire
100
AcDbCircle
 62
93
  6
CONTINUOUS
 10
 545.169616699219
 20
-256.970384225727
 40
 5
  0
CIRCLE
 5
 984
100
AcDbEntity
  8
Coupe_Sens_Horaire
100
AcDbCircle
 62
93
  6
CONTINUOUS
 10
 545.169616699219
 20
-229.257571304625
 40
 5
  0
CIRCLE
 5
 985
100
AcDbEntity
  8
Coupe_Sens_Horaire
100
AcDbCircle
 62
93
  6
CONTINUOUS
 10
 561.169616699219
 20
-395.534448831238
 40
 5
  0
CIRCLE
 5
 986
100
AcDbEntity
  8
Coupe_Sens_Horaire
100
AcDbCircle
 62
93
  6
CONTINUOUS
 10
 561.169616699219
 20
-367.821635910136
 40
 5
  0
CIRCLE
 5
 987
100
AcDbEntity
  8
Coupe_Sens_Horaire
100
AcDbCircle
 62
93
  6
CONTINUOUS
 10
 561.169616699219
 20
-340.108822989034
 40
 5
  0
CIRCLE
 5
 988
100
AcDbEntity
  8
Coupe_Sens_Horaire
100
AcDbCircle
 62
93
  6
CONTINUOUS
 10
 561.169616699219
 20
-312.396010067931
 40
 5
  0
CIRCLE
 5
 989
100
AcDbEntity
  8
Coupe_Sens_Horaire
100
AcDbCircle
 62
93
  6
CONTINUOUS
 10
 561.169616699219
 20
-284.683197146829
 40
 5
  0
CIRCLE
 5
 990
100
AcDbEntity
  8
Coupe_Sens_Horaire
100
AcDbCircle
 62
93
  6
CONTINUOUS
 10
 561.169616699219
 20
-256.970384225727
 40
 5
  0
CIRCLE
 5
 991
100
AcDbEntity
  8
Coupe_Sens_Horaire
100
AcDbCircle
 62
93
  6
CONTINUOUS
 10
 561.169616699219
 20
-229.257571304625
 40
 5
  0
CIRCLE
 5
 992
100
AcDbEntity
  8
Coupe_Sens_Horaire
100
AcDbCircle
 62
93
  6
CONTINUOUS
 10
 577.169616699219
 20
-395.534448831238
 40
 5
  0
CIRCLE
 5
 993
100
AcDbEntity
  8
Coupe_Sens_Horaire
100
AcDbCircle
 62
93
  6
CONTINUOUS
 10
 577.169616699219
 20
-367.821635910136
 40
 5
  0
CIRCLE
 5
 994
100
AcDbEntity
  8
Coupe_Sens_Horaire
100
AcDbCircle
 62
93
  6
CONTINUOUS
 10
 577.169616699219
 20
-340.108822989034
 40
 5
  0
CIRCLE
 5
 995
100
AcDbEntity
  8
Coupe_Sens_Horaire
100
AcDbCircle
 62
93
  6
CONTINUOUS
 10
 577.169616699219
 20
-312.396010067931
 40
 5
  0
CIRCLE
 5
 996
100
AcDbEntity
  8
Coupe_Sens_Horaire
100
AcDbCircle
 62
93
  6
CONTINUOUS
 10
 577.169616699219
 20
-284.683197146829
 40
 5
  0
CIRCLE
 5
 997
100
AcDbEntity
  8
Coupe_Sens_Horaire
100
AcDbCircle
 62
93
  6
CONTINUOUS
 10
 577.169616699219
 20
-256.970384225727
 40
 5
  0
CIRCLE
 5
 998
100
AcDbEntity
  8
Coupe_Sens_Horaire
100
AcDbCircle
 62
93
  6
CONTINUOUS
 10
 577.169616699219
 20
-229.257571304625
 40
 5
  0
CIRCLE
 5
 999
100
AcDbEntity
  8
Coupe_Sens_Horaire
100
AcDbCircle
 62
93
  6
CONTINUOUS
 10
 593.169616699219
 20
-395.534448831238
 40
 5
  0
CIRCLE
 5
 1000
100
AcDbEntity
  8
Coupe_Sens_Horaire
100
AcDbCircle
 62
93
  6
CONTINUOUS
 10
 593.169616699219
 20
-367.821635910136
 40
 5
  0
CIRCLE
 5
 1001
100
AcDbEntity
  8
Coupe_Sens_Horaire
100
AcDbCircle
 62
93
  6
CONTINUOUS
 10
 593.169616699219
 20
-340.108822989034
 40
 5
  0
CIRCLE
 5
 1002
100
AcDbEntity
  8
Coupe_Sens_Horaire
100
AcDbCircle
 62
93
  6
CONTINUOUS
 10
 593.169616699219
 20
-312.396010067931
 40
 5
  0
CIRCLE
 5
 1003
100
AcDbEntity
  8
Coupe_Sens_Horaire
100
AcDbCircle
 62
93
  6
CONTINUOUS
 10
 593.169616699219
 20
-284.683197146829
 40
 5
  0
CIRCLE
 5
 1004
100
AcDbEntity
  8
Coupe_Sens_Horaire
100
AcDbCircle
 62
93
  6
CONTINUOUS
 10
 593.169616699219
 20
-256.970384225727
 40
 5
  0
CIRCLE
 5
 1005
100
AcDbEntity
  8
Coupe_Sens_Horaire
100
AcDbCircle
 62
93
  6
CONTINUOUS
 10
 593.169616699219
 20
-229.257571304625
 40
 5
  0
CIRCLE
 5
 1006
100
AcDbEntity
  8
Coupe_Sens_Horaire
100
AcDbCircle
 62
93
  6
CONTINUOUS
 10
 9.1696166992192
 20
-409.390855205634
 40
 5
  0
CIRCLE
 5
 1007
100
AcDbEntity
  8
Coupe_Sens_Horaire
100
AcDbCircle
 62
93
  6
CONTINUOUS
 10
 9.1696166992192
 20
-381.678042284532
 40
 5
  0
CIRCLE
 5
 1008
100
AcDbEntity
  8
Coupe_Sens_Horaire
100
AcDbCircle
 62
93
  6
CONTINUOUS
 10
 9.1696166992192
 20
-353.96522936343
 40
 5
  0
CIRCLE
 5
 1009
100
AcDbEntity
  8
Coupe_Sens_Horaire
100
AcDbCircle
 62
93
  6
CONTINUOUS
 10
 9.1696166992192
 20
-326.252416442327
 40
 5
  0
CIRCLE
 5
 1010
100
AcDbEntity
  8
Coupe_Sens_Horaire
100
AcDbCircle
 62
93
  6
CONTINUOUS
 10
 9.1696166992192
 20
-298.539603521225
 40
 5
  0
CIRCLE
 5
 1011
100
AcDbEntity
  8
Coupe_Sens_Horaire
100
AcDbCircle
 62
93
  6
CONTINUOUS
 10
 9.1696166992192
 20
-270.826790600123
 40
 5
  0
CIRCLE
 5
 1012
100
AcDbEntity
  8
Coupe_Sens_Horaire
100
AcDbCircle
 62
93
  6
CONTINUOUS
 10
 9.1696166992192
 20
-243.113977679021
 40
 5
  0
CIRCLE
 5
 1013
100
AcDbEntity
  8
Coupe_Sens_Horaire
100
AcDbCircle
 62
93
  6
CONTINUOUS
 10
 9.1696166992192
 20
-215.401164757919
 40
 5
  0
CIRCLE
 5
 1014
100
AcDbEntity
  8
Coupe_Sens_Horaire
100
AcDbCircle
 62
93
  6
CONTINUOUS
 10
-6.8303833007808
 20
-409.390855033324
 40
 5
  0
CIRCLE
 5
 1015
100
AcDbEntity
  8
Coupe_Sens_Horaire
100
AcDbCircle
 62
93
  6
CONTINUOUS
 10
-6.8303833007808
 20
-381.678042112222
 40
 5
  0
CIRCLE
 5
 1016
100
AcDbEntity
  8
Coupe_Sens_Horaire
100
AcDbCircle
 62
93
  6
CONTINUOUS
 10
-6.8303833007808
 20
-353.96522919112
 40
 5
  0
CIRCLE
 5
 1017
100
AcDbEntity
  8
Coupe_Sens_Horaire
100
AcDbCircle
 62
93
  6
CONTINUOUS
 10
-6.8303833007808
 20
-326.252416270017
 40
 5
  0
CIRCLE
 5
 1018
100
AcDbEntity
  8
Coupe_Sens_Horaire
100
AcDbCircle
 62
93
  6
CONTINUOUS
 10
-6.8303833007808
 20
-298.539603348915
 40
 5
  0
CIRCLE
 5
 1019
100
AcDbEntity
  8
Coupe_Sens_Horaire
100
AcDbCircle
 62
93
  6
CONTINUOUS
 10
-6.8303833007808
 20
-270.826790427813
 40
 5
  0
CIRCLE
 5
 1020
100
AcDbEntity
  8
Coupe_Sens_Horaire
100
AcDbCircle
 62
93
  6
CONTINUOUS
 10
-6.8303833007808
 20
-243.113977506711
 40
 5
  0
CIRCLE
 5
 1021
100
AcDbEntity
  8
Coupe_Sens_Horaire
100
AcDbCircle
 62
93
  6
CONTINUOUS
 10
-6.8303833007808
 20
-215.401164585609
 40
 5
  0
CIRCLE
 5
 1022
100
AcDbEntity
  8
Coupe_Sens_Horaire
100
AcDbCircle
 62
93
  6
CONTINUOUS
 10
-22.8303833007808
 20
-409.390854861014
 40
 5
  0
CIRCLE
 5
 1023
100
AcDbEntity
  8
Coupe_Sens_Horaire
100
AcDbCircle
 62
93
  6
CONTINUOUS
 10
-22.8303833007808
 20
-381.678041939911
 40
 5
  0
CIRCLE
 5
 1024
100
AcDbEntity
  8
Coupe_Sens_Horaire
100
AcDbCircle
 62
93
  6
CONTINUOUS
 10
-22.8303833007808
 20
-353.965229018809
 40
 5
  0
CIRCLE
 5
 1025
100
AcDbEntity
  8
Coupe_Sens_Horaire
100
AcDbCircle
 62
93
  6
CONTINUOUS
 10
-22.8303833007808
 20
-326.252416097707
 40
 5
  0
CIRCLE
 5
 1026
100
AcDbEntity
  8
Coupe_Sens_Horaire
100
AcDbCircle
 62
93
  6
CONTINUOUS
 10
-22.8303833007808
 20
-298.539603176605
 40
 5
  0
CIRCLE
 5
 1027
100
AcDbEntity
  8
Coupe_Sens_Horaire
100
AcDbCircle
 62
93
  6
CONTINUOUS
 10
-22.8303833007808
 20
-270.826790255503
 40
 5
  0
CIRCLE
 5
 1028
100
AcDbEntity
  8
Coupe_Sens_Horaire
100
AcDbCircle
 62
93
  6
CONTINUOUS
 10
-22.8303833007808
 20
-243.113977334401
 40
 5
  0
CIRCLE
 5
 1029
100
AcDbEntity
  8
Coupe_Sens_Horaire
100
AcDbCircle
 62
93
  6
CONTINUOUS
 10
-22.8303833007808
 20
-215.401164413299
 40
 5
  0
CIRCLE
 5
 1030
100
AcDbEntity
  8
Coupe_Sens_Horaire
100
AcDbCircle
 62
93
  6
CONTINUOUS
 10
-38.8303833007808
 20
-409.390854688704
 40
 5
  0
CIRCLE
 5
 1031
100
AcDbEntity
  8
Coupe_Sens_Horaire
100
AcDbCircle
 62
93
  6
CONTINUOUS
 10
-38.8303833007808
 20
-381.678041767602
 40
 5
  0
CIRCLE
 5
 1032
100
AcDbEntity
  8
Coupe_Sens_Horaire
100
AcDbCircle
 62
93
  6
CONTINUOUS
 10
-38.8303833007808
 20
-353.965228846499
 40
 5
  0
CIRCLE
 5
 1033
100
AcDbEntity
  8
Coupe_Sens_Horaire
100
AcDbCircle
 62
93
  6
CONTINUOUS
 10
-38.8303833007808
 20
-326.252415925397
 40
 5
  0
CIRCLE
 5
 1034
100
AcDbEntity
  8
Coupe_Sens_Horaire
100
AcDbCircle
 62
93
  6
CONTINUOUS
 10
-38.8303833007808
 20
-298.539603004295
 40
 5
  0
CIRCLE
 5
 1035
100
AcDbEntity
  8
Coupe_Sens_Horaire
100
AcDbCircle
 62
93
  6
CONTINUOUS
 10
-38.8303833007808
 20
-270.826790083193
 40
 5
  0
CIRCLE
 5
 1036
100
AcDbEntity
  8
Coupe_Sens_Horaire
100
AcDbCircle
 62
93
  6
CONTINUOUS
 10
-38.8303833007808
 20
-243.113977162091
 40
 5
  0
CIRCLE
 5
 1037
100
AcDbEntity
  8
Coupe_Sens_Horaire
100
AcDbCircle
 62
93
  6
CONTINUOUS
 10
-38.8303833007808
 20
-215.401164240989
 40
 5
  0
CIRCLE
 5
 1038
100
AcDbEntity
  8
Coupe_Sens_Horaire
100
AcDbCircle
 62
93
  6
CONTINUOUS
 10
-54.8303833007808
 20
-409.390854516394
 40
 5
  0
CIRCLE
 5
 1039
100
AcDbEntity
  8
Coupe_Sens_Horaire
100
AcDbCircle
 62
93
  6
CONTINUOUS
 10
-54.8303833007808
 20
-381.678041595292
 40
 5
  0
CIRCLE
 5
 1040
100
AcDbEntity
  8
Coupe_Sens_Horaire
100
AcDbCircle
 62
93
  6
CONTINUOUS
 10
-54.8303833007808
 20
-353.965228674189
 40
 5
  0
CIRCLE
 5
 1041
100
AcDbEntity
  8
Coupe_Sens_Horaire
100
AcDbCircle
 62
93
  6
CONTINUOUS
 10
-54.8303833007808
 20
-326.252415753087
 40
 5
  0
CIRCLE
 5
 1042
100
AcDbEntity
  8
Coupe_Sens_Horaire
100
AcDbCircle
 62
93
  6
CONTINUOUS
 10
-54.8303833007808
 20
-298.539602831985
 40
 5
  0
CIRCLE
 5
 1043
100
AcDbEntity
  8
Coupe_Sens_Horaire
100
AcDbCircle
 62
93
  6
CONTINUOUS
 10
-54.8303833007808
 20
-270.826789910883
 40
 5
  0
CIRCLE
 5
 1044
100
AcDbEntity
  8
Coupe_Sens_Horaire
100
AcDbCircle
 62
93
  6
CONTINUOUS
 10
-54.8303833007808
 20
-243.113976989781
 40
 5
  0
CIRCLE
 5
 1045
100
AcDbEntity
  8
Coupe_Sens_Horaire
100
AcDbCircle
 62
93
  6
CONTINUOUS
 10
-54.8303833007808
 20
-215.401164068679
 40
 5
  0
CIRCLE
 5
 1046
100
AcDbEntity
  8
Coupe_Sens_Horaire
100
AcDbCircle
 62
93
  6
CONTINUOUS
 10
-70.8303833007813
 20
-409.390854344084
 40
 5
  0
CIRCLE
 5
 1047
100
AcDbEntity
  8
Coupe_Sens_Horaire
100
AcDbCircle
 62
93
  6
CONTINUOUS
 10
-70.8303833007813
 20
-381.678041422981
 40
 5
  0
CIRCLE
 5
 1048
100
AcDbEntity
  8
Coupe_Sens_Horaire
100
AcDbCircle
 62
93
  6
CONTINUOUS
 10
-70.8303833007813
 20
-353.965228501879
 40
 5
  0
CIRCLE
 5
 1049
100
AcDbEntity
  8
Coupe_Sens_Horaire
100
AcDbCircle
 62
93
  6
CONTINUOUS
 10
-70.8303833007813
 20
-326.252415580777
 40
 5
  0
CIRCLE
 5
 1050
100
AcDbEntity
  8
Coupe_Sens_Horaire
100
AcDbCircle
 62
93
  6
CONTINUOUS
 10
-70.8303833007813
 20
-298.539602659675
 40
 5
  0
CIRCLE
 5
 1051
100
AcDbEntity
  8
Coupe_Sens_Horaire
100
AcDbCircle
 62
93
  6
CONTINUOUS
 10
-70.8303833007813
 20
-270.826789738573
 40
 5
  0
CIRCLE
 5
 1052
100
AcDbEntity
  8
Coupe_Sens_Horaire
100
AcDbCircle
 62
93
  6
CONTINUOUS
 10
-70.8303833007813
 20
-243.113976817471
 40
 5
  0
CIRCLE
 5
 1053
100
AcDbEntity
  8
Coupe_Sens_Horaire
100
AcDbCircle
 62
93
  6
CONTINUOUS
 10
-70.8303833007813
 20
-215.401163896369
 40
 5
  0
CIRCLE
 5
 1054
100
AcDbEntity
  8
Coupe_Sens_Horaire
100
AcDbCircle
 62
93
  6
CONTINUOUS
 10
-86.8303833007813
 20
-409.390854171773
 40
 5
  0
CIRCLE
 5
 1055
100
AcDbEntity
  8
Coupe_Sens_Horaire
100
AcDbCircle
 62
93
  6
CONTINUOUS
 10
-86.8303833007813
 20
-381.678041250671
 40
 5
  0
CIRCLE
 5
 1056
100
AcDbEntity
  8
Coupe_Sens_Horaire
100
AcDbCircle
 62
93
  6
CONTINUOUS
 10
-86.8303833007813
 20
-353.965228329569
 40
 5
  0
CIRCLE
 5
 1057
100
AcDbEntity
  8
Coupe_Sens_Horaire
100
AcDbCircle
 62
93
  6
CONTINUOUS
 10
-86.8303833007813
 20
-326.252415408467
 40
 5
  0
CIRCLE
 5
 1058
100
AcDbEntity
  8
Coupe_Sens_Horaire
100
AcDbCircle
 62
93
  6
CONTINUOUS
 10
-86.8303833007813
 20
-298.539602487365
 40
 5
  0
CIRCLE
 5
 1059
100
AcDbEntity
  8
Coupe_Sens_Horaire
100
AcDbCircle
 62
93
  6
CONTINUOUS
 10
-86.8303833007813
 20
-270.826789566263
 40
 5
  0
CIRCLE
 5
 1060
100
AcDbEntity
  8
Coupe_Sens_Horaire
100
AcDbCircle
 62
93
  6
CONTINUOUS
 10
-86.8303833007813
 20
-243.113976645161
 40
 5
  0
CIRCLE
 5
 1061
100
AcDbEntity
  8
Coupe_Sens_Horaire
100
AcDbCircle
 62
93
  6
CONTINUOUS
 10
-86.8303833007813
 20
-215.401163724059
 40
 5
  0
CIRCLE
 5
 1062
100
AcDbEntity
  8
Coupe_Sens_Horaire
100
AcDbCircle
 62
93
  6
CONTINUOUS
 10
-102.830383300781
 20
-409.390853999463
 40
 5
  0
CIRCLE
 5
 1063
100
AcDbEntity
  8
Coupe_Sens_Horaire
100
AcDbCircle
 62
93
  6
CONTINUOUS
 10
-102.830383300781
 20
-381.678041078361
 40
 5
  0
CIRCLE
 5
 1064
100
AcDbEntity
  8
Coupe_Sens_Horaire
100
AcDbCircle
 62
93
  6
CONTINUOUS
 10
-102.830383300781
 20
-353.965228157259
 40
 5
  0
CIRCLE
 5
 1065
100
AcDbEntity
  8
Coupe_Sens_Horaire
100
AcDbCircle
 62
93
  6
CONTINUOUS
 10
-102.830383300781
 20
-326.252415236157
 40
 5
  0
CIRCLE
 5
 1066
100
AcDbEntity
  8
Coupe_Sens_Horaire
100
AcDbCircle
 62
93
  6
CONTINUOUS
 10
-102.830383300781
 20
-298.539602315055
 40
 5
  0
CIRCLE
 5
 1067
100
AcDbEntity
  8
Coupe_Sens_Horaire
100
AcDbCircle
 62
93
  6
CONTINUOUS
 10
-102.830383300781
 20
-270.826789393953
 40
 5
  0
CIRCLE
 5
 1068
100
AcDbEntity
  8
Coupe_Sens_Horaire
100
AcDbCircle
 62
93
  6
CONTINUOUS
 10
-102.830383300781
 20
-243.113976472851
 40
 5
  0
CIRCLE
 5
 1069
100
AcDbEntity
  8
Coupe_Sens_Horaire
100
AcDbCircle
 62
93
  6
CONTINUOUS
 10
-102.830383300781
 20
-215.401163551749
 40
 5
  0
CIRCLE
 5
 1070
100
AcDbEntity
  8
Coupe_Sens_Horaire
100
AcDbCircle
 62
93
  6
CONTINUOUS
 10
-118.830383300781
 20
-409.390853827153
 40
 5
  0
CIRCLE
 5
 1071
100
AcDbEntity
  8
Coupe_Sens_Horaire
100
AcDbCircle
 62
93
  6
CONTINUOUS
 10
-118.830383300781
 20
-381.678040906051
 40
 5
  0
CIRCLE
 5
 1072
100
AcDbEntity
  8
Coupe_Sens_Horaire
100
AcDbCircle
 62
93
  6
CONTINUOUS
 10
-118.830383300781
 20
-353.965227984949
 40
 5
  0
CIRCLE
 5
 1073
100
AcDbEntity
  8
Coupe_Sens_Horaire
100
AcDbCircle
 62
93
  6
CONTINUOUS
 10
-118.830383300781
 20
-326.252415063847
 40
 5
  0
CIRCLE
 5
 1074
100
AcDbEntity
  8
Coupe_Sens_Horaire
100
AcDbCircle
 62
93
  6
CONTINUOUS
 10
-118.830383300781
 20
-298.539602142745
 40
 5
  0
CIRCLE
 5
 1075
100
AcDbEntity
  8
Coupe_Sens_Horaire
100
AcDbCircle
 62
93
  6
CONTINUOUS
 10
-118.830383300781
 20
-270.826789221643
 40
 5
  0
CIRCLE
 5
 1076
100
AcDbEntity
  8
Coupe_Sens_Horaire
100
AcDbCircle
 62
93
  6
CONTINUOUS
 10
-118.830383300781
 20
-243.113976300541
 40
 5
  0
CIRCLE
 5
 1077
100
AcDbEntity
  8
Coupe_Sens_Horaire
100
AcDbCircle
 62
93
  6
CONTINUOUS
 10
-118.830383300781
 20
-215.401163379439
 40
 5
  0
CIRCLE
 5
 1078
100
AcDbEntity
  8
Coupe_Sens_Horaire
100
AcDbCircle
 62
93
  6
CONTINUOUS
 10
-134.830383300781
 20
-409.390853654843
 40
 5
  0
CIRCLE
 5
 1079
100
AcDbEntity
  8
Coupe_Sens_Horaire
100
AcDbCircle
 62
93
  6
CONTINUOUS
 10
-134.830383300781
 20
-381.678040733741
 40
 5
  0
CIRCLE
 5
 1080
100
AcDbEntity
  8
Coupe_Sens_Horaire
100
AcDbCircle
 62
93
  6
CONTINUOUS
 10
-134.830383300781
 20
-353.965227812639
 40
 5
  0
CIRCLE
 5
 1081
100
AcDbEntity
  8
Coupe_Sens_Horaire
100
AcDbCircle
 62
93
  6
CONTINUOUS
 10
-134.830383300781
 20
-326.252414891537
 40
 5
  0
CIRCLE
 5
 1082
100
AcDbEntity
  8
Coupe_Sens_Horaire
100
AcDbCircle
 62
93
  6
CONTINUOUS
 10
-134.830383300781
 20
-298.539601970435
 40
 5
  0
CIRCLE
 5
 1083
100
AcDbEntity
  8
Coupe_Sens_Horaire
100
AcDbCircle
 62
93
  6
CONTINUOUS
 10
-134.830383300781
 20
-270.826789049333
 40
 5
  0
CIRCLE
 5
 1084
100
AcDbEntity
  8
Coupe_Sens_Horaire
100
AcDbCircle
 62
93
  6
CONTINUOUS
 10
-134.830383300781
 20
-243.113976128231
 40
 5
  0
CIRCLE
 5
 1085
100
AcDbEntity
  8
Coupe_Sens_Horaire
100
AcDbCircle
 62
93
  6
CONTINUOUS
 10
-134.830383300781
 20
-215.401163207129
 40
 5
  0
CIRCLE
 5
 1086
100
AcDbEntity
  8
Coupe_Sens_Horaire
100
AcDbCircle
 62
93
  6
CONTINUOUS
 10
-150.830383300781
 20
-409.390853482533
 40
 5
  0
CIRCLE
 5
 1087
100
AcDbEntity
  8
Coupe_Sens_Horaire
100
AcDbCircle
 62
93
  6
CONTINUOUS
 10
-150.830383300781
 20
-381.678040561431
 40
 5
  0
CIRCLE
 5
 1088
100
AcDbEntity
  8
Coupe_Sens_Horaire
100
AcDbCircle
 62
93
  6
CONTINUOUS
 10
-150.830383300781
 20
-353.965227640329
 40
 5
  0
CIRCLE
 5
 1089
100
AcDbEntity
  8
Coupe_Sens_Horaire
100
AcDbCircle
 62
93
  6
CONTINUOUS
 10
-150.830383300781
 20
-326.252414719227
 40
 5
  0
CIRCLE
 5
 1090
100
AcDbEntity
  8
Coupe_Sens_Horaire
100
AcDbCircle
 62
93
  6
CONTINUOUS
 10
-150.830383300781
 20
-298.539601798125
 40
 5
  0
CIRCLE
 5
 1091
100
AcDbEntity
  8
Coupe_Sens_Horaire
100
AcDbCircle
 62
93
  6
CONTINUOUS
 10
-150.830383300781
 20
-270.826788877023
 40
 5
  0
CIRCLE
 5
 1092
100
AcDbEntity
  8
Coupe_Sens_Horaire
100
AcDbCircle
 62
93
  6
CONTINUOUS
 10
-150.830383300781
 20
-243.113975955921
 40
 5
  0
CIRCLE
 5
 1093
100
AcDbEntity
  8
Coupe_Sens_Horaire
100
AcDbCircle
 62
93
  6
CONTINUOUS
 10
-150.830383300781
 20
-215.401163034818
 40
 5
  0
CIRCLE
 5
 1094
100
AcDbEntity
  8
Coupe_Sens_Horaire
100
AcDbCircle
 62
93
  6
CONTINUOUS
 10
-166.830383300781
 20
-409.390853310223
 40
 5
  0
CIRCLE
 5
 1095
100
AcDbEntity
  8
Coupe_Sens_Horaire
100
AcDbCircle
 62
93
  6
CONTINUOUS
 10
-166.830383300781
 20
-381.678040389121
 40
 5
  0
CIRCLE
 5
 1096
100
AcDbEntity
  8
Coupe_Sens_Horaire
100
AcDbCircle
 62
93
  6
CONTINUOUS
 10
-166.830383300781
 20
-353.965227468019
 40
 5
  0
CIRCLE
 5
 1097
100
AcDbEntity
  8
Coupe_Sens_Horaire
100
AcDbCircle
 62
93
  6
CONTINUOUS
 10
-166.830383300781
 20
-326.252414546917
 40
 5
  0
CIRCLE
 5
 1098
100
AcDbEntity
  8
Coupe_Sens_Horaire
100
AcDbCircle
 62
93
  6
CONTINUOUS
 10
-166.830383300781
 20
-298.539601625815
 40
 5
  0
CIRCLE
 5
 1099
100
AcDbEntity
  8
Coupe_Sens_Horaire
100
AcDbCircle
 62
93
  6
CONTINUOUS
 10
-166.830383300781
 20
-270.826788704713
 40
 5
  0
CIRCLE
 5
 1100
100
AcDbEntity
  8
Coupe_Sens_Horaire
100
AcDbCircle
 62
93
  6
CONTINUOUS
 10
-166.830383300781
 20
-243.11397578361
 40
 5
  0
CIRCLE
 5
 1101
100
AcDbEntity
  8
Coupe_Sens_Horaire
100
AcDbCircle
 62
93
  6
CONTINUOUS
 10
-166.830383300781
 20
-215.401162862508
 40
 5
  0
CIRCLE
 5
 1102
100
AcDbEntity
  8
Coupe_Sens_Horaire
100
AcDbCircle
 62
93
  6
CONTINUOUS
 10
-182.830383300781
 20
-409.390853137913
 40
 5
  0
CIRCLE
 5
 1103
100
AcDbEntity
  8
Coupe_Sens_Horaire
100
AcDbCircle
 62
93
  6
CONTINUOUS
 10
-182.830383300781
 20
-381.678040216811
 40
 5
  0
CIRCLE
 5
 1104
100
AcDbEntity
  8
Coupe_Sens_Horaire
100
AcDbCircle
 62
93
  6
CONTINUOUS
 10
-182.830383300781
 20
-353.965227295709
 40
 5
  0
CIRCLE
 5
 1105
100
AcDbEntity
  8
Coupe_Sens_Horaire
100
AcDbCircle
 62
93
  6
CONTINUOUS
 10
-182.830383300781
 20
-326.252414374607
 40
 5
  0
CIRCLE
 5
 1106
100
AcDbEntity
  8
Coupe_Sens_Horaire
100
AcDbCircle
 62
93
  6
CONTINUOUS
 10
-182.830383300781
 20
-298.539601453505
 40
 5
  0
CIRCLE
 5
 1107
100
AcDbEntity
  8
Coupe_Sens_Horaire
100
AcDbCircle
 62
93
  6
CONTINUOUS
 10
-182.830383300781
 20
-270.826788532403
 40
 5
  0
CIRCLE
 5
 1108
100
AcDbEntity
  8
Coupe_Sens_Horaire
100
AcDbCircle
 62
93
  6
CONTINUOUS
 10
-182.830383300781
 20
-243.1139756113
 40
 5
  0
CIRCLE
 5
 1109
100
AcDbEntity
  8
Coupe_Sens_Horaire
100
AcDbCircle
 62
93
  6
CONTINUOUS
 10
-182.830383300781
 20
-215.401162690198
 40
 5
  0
CIRCLE
 5
 1110
100
AcDbEntity
  8
Coupe_Sens_Horaire
100
AcDbCircle
 62
93
  6
CONTINUOUS
 10
-198.830383300781
 20
-409.390852965603
 40
 5
  0
CIRCLE
 5
 1111
100
AcDbEntity
  8
Coupe_Sens_Horaire
100
AcDbCircle
 62
93
  6
CONTINUOUS
 10
-198.830383300781
 20
-381.678040044501
 40
 5
  0
CIRCLE
 5
 1112
100
AcDbEntity
  8
Coupe_Sens_Horaire
100
AcDbCircle
 62
93
  6
CONTINUOUS
 10
-198.830383300781
 20
-353.965227123399
 40
 5
  0
CIRCLE
 5
 1113
100
AcDbEntity
  8
Coupe_Sens_Horaire
100
AcDbCircle
 62
93
  6
CONTINUOUS
 10
-198.830383300781
 20
-326.252414202297
 40
 5
  0
CIRCLE
 5
 1114
100
AcDbEntity
  8
Coupe_Sens_Horaire
100
AcDbCircle
 62
93
  6
CONTINUOUS
 10
-198.830383300781
 20
-298.539601281195
 40
 5
  0
CIRCLE
 5
 1115
100
AcDbEntity
  8
Coupe_Sens_Horaire
100
AcDbCircle
 62
93
  6
CONTINUOUS
 10
-198.830383300781
 20
-270.826788360092
 40
 5
  0
CIRCLE
 5
 1116
100
AcDbEntity
  8
Coupe_Sens_Horaire
100
AcDbCircle
 62
93
  6
CONTINUOUS
 10
-198.830383300781
 20
-243.11397543899
 40
 5
  0
CIRCLE
 5
 1117
100
AcDbEntity
  8
Coupe_Sens_Horaire
100
AcDbCircle
 62
93
  6
CONTINUOUS
 10
-198.830383300781
 20
-215.401162517888
 40
 5
  0
CIRCLE
 5
 1118
100
AcDbEntity
  8
Coupe_Sens_Horaire
100
AcDbCircle
 62
93
  6
CONTINUOUS
 10
-214.830383300781
 20
-409.390852793293
 40
 5
  0
CIRCLE
 5
 1119
100
AcDbEntity
  8
Coupe_Sens_Horaire
100
AcDbCircle
 62
93
  6
CONTINUOUS
 10
-214.830383300781
 20
-381.678039872191
 40
 5
  0
CIRCLE
 5
 1120
100
AcDbEntity
  8
Coupe_Sens_Horaire
100
AcDbCircle
 62
93
  6
CONTINUOUS
 10
-214.830383300781
 20
-353.965226951089
 40
 5
  0
CIRCLE
 5
 1121
100
AcDbEntity
  8
Coupe_Sens_Horaire
100
AcDbCircle
 62
93
  6
CONTINUOUS
 10
-214.830383300781
 20
-326.252414029987
 40
 5
  0
CIRCLE
 5
 1122
100
AcDbEntity
  8
Coupe_Sens_Horaire
100
AcDbCircle
 62
93
  6
CONTINUOUS
 10
-214.830383300781
 20
-298.539601108885
 40
 5
  0
CIRCLE
 5
 1123
100
AcDbEntity
  8
Coupe_Sens_Horaire
100
AcDbCircle
 62
93
  6
CONTINUOUS
 10
-214.830383300781
 20
-270.826788187783
 40
 5
  0
CIRCLE
 5
 1124
100
AcDbEntity
  8
Coupe_Sens_Horaire
100
AcDbCircle
 62
93
  6
CONTINUOUS
 10
-214.830383300781
 20
-243.11397526668
 40
 5
  0
CIRCLE
 5
 1125
100
AcDbEntity
  8
Coupe_Sens_Horaire
100
AcDbCircle
 62
93
  6
CONTINUOUS
 10
-214.830383300781
 20
-215.401162345578
 40
 5
  0
CIRCLE
 5
 1126
100
AcDbEntity
  8
Coupe_Sens_Horaire
100
AcDbCircle
 62
93
  6
CONTINUOUS
 10
-230.830383300781
 20
-409.390852620983
 40
 5
  0
CIRCLE
 5
 1127
100
AcDbEntity
  8
Coupe_Sens_Horaire
100
AcDbCircle
 62
93
  6
CONTINUOUS
 10
-230.830383300781
 20
-381.678039699881
 40
 5
  0
CIRCLE
 5
 1128
100
AcDbEntity
  8
Coupe_Sens_Horaire
100
AcDbCircle
 62
93
  6
CONTINUOUS
 10
-230.830383300781
 20
-353.965226778779
 40
 5
  0
CIRCLE
 5
 1129
100
AcDbEntity
  8
Coupe_Sens_Horaire
100
AcDbCircle
 62
93
  6
CONTINUOUS
 10
-230.830383300781
 20
-326.252413857677
 40
 5
  0
CIRCLE
 5
 1130
100
AcDbEntity
  8
Coupe_Sens_Horaire
100
AcDbCircle
 62
93
  6
CONTINUOUS
 10
-230.830383300781
 20
-298.539600936575
 40
 5
  0
CIRCLE
 5
 1131
100
AcDbEntity
  8
Coupe_Sens_Horaire
100
AcDbCircle
 62
93
  6
CONTINUOUS
 10
-230.830383300781
 20
-270.826788015472
 40
 5
  0
CIRCLE
 5
 1132
100
AcDbEntity
  8
Coupe_Sens_Horaire
100
AcDbCircle
 62
93
  6
CONTINUOUS
 10
-230.830383300781
 20
-243.11397509437
 40
 5
  0
CIRCLE
 5
 1133
100
AcDbEntity
  8
Coupe_Sens_Horaire
100
AcDbCircle
 62
93
  6
CONTINUOUS
 10
-230.830383300781
 20
-215.401162173268
 40
 5
  0
CIRCLE
 5
 1134
100
AcDbEntity
  8
Coupe_Sens_Horaire
100
AcDbCircle
 62
93
  6
CONTINUOUS
 10
-246.830383300781
 20
-409.390852448673
 40
 5
  0
CIRCLE
 5
 1135
100
AcDbEntity
  8
Coupe_Sens_Horaire
100
AcDbCircle
 62
93
  6
CONTINUOUS
 10
-246.830383300781
 20
-381.678039527571
 40
 5
  0
CIRCLE
 5
 1136
100
AcDbEntity
  8
Coupe_Sens_Horaire
100
AcDbCircle
 62
93
  6
CONTINUOUS
 10
-246.830383300781
 20
-353.965226606469
 40
 5
  0
CIRCLE
 5
 1137
100
AcDbEntity
  8
Coupe_Sens_Horaire
100
AcDbCircle
 62
93
  6
CONTINUOUS
 10
-246.830383300781
 20
-326.252413685367
 40
 5
  0
CIRCLE
 5
 1138
100
AcDbEntity
  8
Coupe_Sens_Horaire
100
AcDbCircle
 62
93
  6
CONTINUOUS
 10
-246.830383300781
 20
-298.539600764264
 40
 5
  0
CIRCLE
 5
 1139
100
AcDbEntity
  8
Coupe_Sens_Horaire
100
AcDbCircle
 62
93
  6
CONTINUOUS
 10
-246.830383300781
 20
-270.826787843162
 40
 5
  0
CIRCLE
 5
 1140
100
AcDbEntity
  8
Coupe_Sens_Horaire
100
AcDbCircle
 62
93
  6
CONTINUOUS
 10
-246.830383300781
 20
-243.11397492206
 40
 5
  0
CIRCLE
 5
 1141
100
AcDbEntity
  8
Coupe_Sens_Horaire
100
AcDbCircle
 62
93
  6
CONTINUOUS
 10
-246.830383300781
 20
-215.401162000958
 40
 5
  0
CIRCLE
 5
 1142
100
AcDbEntity
  8
Coupe_Sens_Horaire
100
AcDbCircle
 62
93
  6
CONTINUOUS
 10
-262.830383300781
 20
-409.390852276363
 40
 5
  0
CIRCLE
 5
 1143
100
AcDbEntity
  8
Coupe_Sens_Horaire
100
AcDbCircle
 62
93
  6
CONTINUOUS
 10
-262.830383300781
 20
-381.678039355261
 40
 5
  0
CIRCLE
 5
 1144
100
AcDbEntity
  8
Coupe_Sens_Horaire
100
AcDbCircle
 62
93
  6
CONTINUOUS
 10
-262.830383300781
 20
-353.965226434159
 40
 5
  0
CIRCLE
 5
 1145
100
AcDbEntity
  8
Coupe_Sens_Horaire
100
AcDbCircle
 62
93
  6
CONTINUOUS
 10
-262.830383300781
 20
-326.252413513056
 40
 5
  0
CIRCLE
 5
 1146
100
AcDbEntity
  8
Coupe_Sens_Horaire
100
AcDbCircle
 62
93
  6
CONTINUOUS
 10
-262.830383300781
 20
-298.539600591954
 40
 5
  0
CIRCLE
 5
 1147
100
AcDbEntity
  8
Coupe_Sens_Horaire
100
AcDbCircle
 62
93
  6
CONTINUOUS
 10
-262.830383300781
 20
-270.826787670852
 40
 5
  0
CIRCLE
 5
 1148
100
AcDbEntity
  8
Coupe_Sens_Horaire
100
AcDbCircle
 62
93
  6
CONTINUOUS
 10
-262.830383300781
 20
-243.11397474975
 40
 5
  0
CIRCLE
 5
 1149
100
AcDbEntity
  8
Coupe_Sens_Horaire
100
AcDbCircle
 62
93
  6
CONTINUOUS
 10
-262.830383300781
 20
-215.401161828648
 40
 5
  0
CIRCLE
 5
 1150
100
AcDbEntity
  8
Coupe_Sens_Horaire
100
AcDbCircle
 62
93
  6
CONTINUOUS
 10
-278.830383300781
 20
-409.390852104053
 40
 5
  0
CIRCLE
 5
 1151
100
AcDbEntity
  8
Coupe_Sens_Horaire
100
AcDbCircle
 62
93
  6
CONTINUOUS
 10
-278.830383300781
 20
-381.678039182951
 40
 5
  0
CIRCLE
 5
 1152
100
AcDbEntity
  8
Coupe_Sens_Horaire
100
AcDbCircle
 62
93
  6
CONTINUOUS
 10
-278.830383300781
 20
-353.965226261849
 40
 5
  0
CIRCLE
 5
 1153
100
AcDbEntity
  8
Coupe_Sens_Horaire
100
AcDbCircle
 62
93
  6
CONTINUOUS
 10
-278.830383300781
 20
-326.252413340746
 40
 5
  0
CIRCLE
 5
 1154
100
AcDbEntity
  8
Coupe_Sens_Horaire
100
AcDbCircle
 62
93
  6
CONTINUOUS
 10
-278.830383300781
 20
-298.539600419644
 40
 5
  0
CIRCLE
 5
 1155
100
AcDbEntity
  8
Coupe_Sens_Horaire
100
AcDbCircle
 62
93
  6
CONTINUOUS
 10
-278.830383300781
 20
-270.826787498542
 40
 5
  0
CIRCLE
 5
 1156
100
AcDbEntity
  8
Coupe_Sens_Horaire
100
AcDbCircle
 62
93
  6
CONTINUOUS
 10
-278.830383300781
 20
-243.11397457744
 40
 5
  0
CIRCLE
 5
 1157
100
AcDbEntity
  8
Coupe_Sens_Horaire
100
AcDbCircle
 62
93
  6
CONTINUOUS
 10
-278.830383300781
 20
-215.401161656338
 40
 5
  0
CIRCLE
 5
 1158
100
AcDbEntity
  8
Coupe_Sens_Horaire
100
AcDbCircle
 62
93
  6
CONTINUOUS
 10
-294.830383300781
 20
-409.390851931743
 40
 5
  0
CIRCLE
 5
 1159
100
AcDbEntity
  8
Coupe_Sens_Horaire
100
AcDbCircle
 62
93
  6
CONTINUOUS
 10
-294.830383300781
 20
-381.678039010641
 40
 5
  0
CIRCLE
 5
 1160
100
AcDbEntity
  8
Coupe_Sens_Horaire
100
AcDbCircle
 62
93
  6
CONTINUOUS
 10
-294.830383300781
 20
-353.965226089539
 40
 5
  0
CIRCLE
 5
 1161
100
AcDbEntity
  8
Coupe_Sens_Horaire
100
AcDbCircle
 62
93
  6
CONTINUOUS
 10
-294.830383300781
 20
-326.252413168437
 40
 5
  0
CIRCLE
 5
 1162
100
AcDbEntity
  8
Coupe_Sens_Horaire
100
AcDbCircle
 62
93
  6
CONTINUOUS
 10
-294.830383300781
 20
-298.539600247334
 40
 5
  0
CIRCLE
 5
 1163
100
AcDbEntity
  8
Coupe_Sens_Horaire
100
AcDbCircle
 62
93
  6
CONTINUOUS
 10
-294.830383300781
 20
-270.826787326232
 40
 5
  0
CIRCLE
 5
 1164
100
AcDbEntity
  8
Coupe_Sens_Horaire
100
AcDbCircle
 62
93
  6
CONTINUOUS
 10
-294.830383300781
 20
-243.11397440513
 40
 5
  0
CIRCLE
 5
 1165
100
AcDbEntity
  8
Coupe_Sens_Horaire
100
AcDbCircle
 62
93
  6
CONTINUOUS
 10
-294.830383300781
 20
-215.401161484028
 40
 5
  0
CIRCLE
 5
 1166
100
AcDbEntity
  8
Coupe_Sens_Horaire
100
AcDbCircle
 62
93
  6
CONTINUOUS
 10
-310.830383300781
 20
-409.390851759433
 40
 5
  0
CIRCLE
 5
 1167
100
AcDbEntity
  8
Coupe_Sens_Horaire
100
AcDbCircle
 62
93
  6
CONTINUOUS
 10
-310.830383300781
 20
-381.678038838331
 40
 5
  0
CIRCLE
 5
 1168
100
AcDbEntity
  8
Coupe_Sens_Horaire
100
AcDbCircle
 62
93
  6
CONTINUOUS
 10
-310.830383300781
 20
-353.965225917229
 40
 5
  0
CIRCLE
 5
 1169
100
AcDbEntity
  8
Coupe_Sens_Horaire
100
AcDbCircle
 62
93
  6
CONTINUOUS
 10
-310.830383300781
 20
-326.252412996126
 40
 5
  0
CIRCLE
 5
 1170
100
AcDbEntity
  8
Coupe_Sens_Horaire
100
AcDbCircle
 62
93
  6
CONTINUOUS
 10
-310.830383300781
 20
-298.539600075024
 40
 5
  0
CIRCLE
 5
 1171
100
AcDbEntity
  8
Coupe_Sens_Horaire
100
AcDbCircle
 62
93
  6
CONTINUOUS
 10
-310.830383300781
 20
-270.826787153922
 40
 5
  0
CIRCLE
 5
 1172
100
AcDbEntity
  8
Coupe_Sens_Horaire
100
AcDbCircle
 62
93
  6
CONTINUOUS
 10
-310.830383300781
 20
-243.11397423282
 40
 5
  0
CIRCLE
 5
 1173
100
AcDbEntity
  8
Coupe_Sens_Horaire
100
AcDbCircle
 62
93
  6
CONTINUOUS
 10
-310.830383300781
 20
-215.401161311718
 40
 5
  0
CIRCLE
 5
 1174
100
AcDbEntity
  8
Coupe_Sens_Horaire
100
AcDbCircle
 62
93
  6
CONTINUOUS
 10
-326.830383300781
 20
-409.390851587123
 40
 5
  0
CIRCLE
 5
 1175
100
AcDbEntity
  8
Coupe_Sens_Horaire
100
AcDbCircle
 62
93
  6
CONTINUOUS
 10
-326.830383300781
 20
-381.678038666021
 40
 5
  0
CIRCLE
 5
 1176
100
AcDbEntity
  8
Coupe_Sens_Horaire
100
AcDbCircle
 62
93
  6
CONTINUOUS
 10
-326.830383300781
 20
-353.965225744918
 40
 5
  0
CIRCLE
 5
 1177
100
AcDbEntity
  8
Coupe_Sens_Horaire
100
AcDbCircle
 62
93
  6
CONTINUOUS
 10
-326.830383300781
 20
-326.252412823816
 40
 5
  0
CIRCLE
 5
 1178
100
AcDbEntity
  8
Coupe_Sens_Horaire
100
AcDbCircle
 62
93
  6
CONTINUOUS
 10
-326.830383300781
 20
-298.539599902714
 40
 5
  0
CIRCLE
 5
 1179
100
AcDbEntity
  8
Coupe_Sens_Horaire
100
AcDbCircle
 62
93
  6
CONTINUOUS
 10
-326.830383300781
 20
-270.826786981612
 40
 5
  0
CIRCLE
 5
 1180
100
AcDbEntity
  8
Coupe_Sens_Horaire
100
AcDbCircle
 62
93
  6
CONTINUOUS
 10
-326.830383300781
 20
-243.11397406051
 40
 5
  0
CIRCLE
 5
 1181
100
AcDbEntity
  8
Coupe_Sens_Horaire
100
AcDbCircle
 62
93
  6
CONTINUOUS
 10
-326.830383300781
 20
-215.401161139408
 40
 5
  0
CIRCLE
 5
 1182
100
AcDbEntity
  8
Coupe_Sens_Horaire
100
AcDbCircle
 62
93
  6
CONTINUOUS
 10
-342.830383300781
 20
-409.390851414813
 40
 5
  0
CIRCLE
 5
 1183
100
AcDbEntity
  8
Coupe_Sens_Horaire
100
AcDbCircle
 62
93
  6
CONTINUOUS
 10
-342.830383300781
 20
-381.67803849371
 40
 5
  0
CIRCLE
 5
 1184
100
AcDbEntity
  8
Coupe_Sens_Horaire
100
AcDbCircle
 62
93
  6
CONTINUOUS
 10
-342.830383300781
 20
-353.965225572608
 40
 5
  0
CIRCLE
 5
 1185
100
AcDbEntity
  8
Coupe_Sens_Horaire
100
AcDbCircle
 62
93
  6
CONTINUOUS
 10
-342.830383300781
 20
-326.252412651506
 40
 5
  0
CIRCLE
 5
 1186
100
AcDbEntity
  8
Coupe_Sens_Horaire
100
AcDbCircle
 62
93
  6
CONTINUOUS
 10
-342.830383300781
 20
-298.539599730404
 40
 5
  0
CIRCLE
 5
 1187
100
AcDbEntity
  8
Coupe_Sens_Horaire
100
AcDbCircle
 62
93
  6
CONTINUOUS
 10
-342.830383300781
 20
-270.826786809302
 40
 5
  0
CIRCLE
 5
 1188
100
AcDbEntity
  8
Coupe_Sens_Horaire
100
AcDbCircle
 62
93
  6
CONTINUOUS
 10
-342.830383300781
 20
-243.1139738882
 40
 5
  0
CIRCLE
 5
 1189
100
AcDbEntity
  8
Coupe_Sens_Horaire
100
AcDbCircle
 62
93
  6
CONTINUOUS
 10
-342.830383300781
 20
-215.401160967098
 40
 5
  0
CIRCLE
 5
 1190
100
AcDbEntity
  8
Coupe_Sens_Horaire
100
AcDbCircle
 62
93
  6
CONTINUOUS
 10
-358.830383300781
 20
-409.390851242503
 40
 5
  0
CIRCLE
 5
 1191
100
AcDbEntity
  8
Coupe_Sens_Horaire
100
AcDbCircle
 62
93
  6
CONTINUOUS
 10
-358.830383300781
 20
-381.6780383214
 40
 5
  0
CIRCLE
 5
 1192
100
AcDbEntity
  8
Coupe_Sens_Horaire
100
AcDbCircle
 62
93
  6
CONTINUOUS
 10
-358.830383300781
 20
-353.965225400298
 40
 5
  0
CIRCLE
 5
 1193
100
AcDbEntity
  8
Coupe_Sens_Horaire
100
AcDbCircle
 62
93
  6
CONTINUOUS
 10
-358.830383300781
 20
-326.252412479196
 40
 5
  0
CIRCLE
 5
 1194
100
AcDbEntity
  8
Coupe_Sens_Horaire
100
AcDbCircle
 62
93
  6
CONTINUOUS
 10
-358.830383300781
 20
-298.539599558094
 40
 5
  0
CIRCLE
 5
 1195
100
AcDbEntity
  8
Coupe_Sens_Horaire
100
AcDbCircle
 62
93
  6
CONTINUOUS
 10
-358.830383300781
 20
-270.826786636992
 40
 5
  0
CIRCLE
 5
 1196
100
AcDbEntity
  8
Coupe_Sens_Horaire
100
AcDbCircle
 62
93
  6
CONTINUOUS
 10
-358.830383300781
 20
-243.11397371589
 40
 5
  0
CIRCLE
 5
 1197
100
AcDbEntity
  8
Coupe_Sens_Horaire
100
AcDbCircle
 62
93
  6
CONTINUOUS
 10
-358.830383300781
 20
-215.401160794788
 40
 5
  0
CIRCLE
 5
 1198
100
AcDbEntity
  8
Coupe_Sens_Horaire
100
AcDbCircle
 62
93
  6
CONTINUOUS
 10
-374.830383300781
 20
-409.390851070192
 40
 5
  0
CIRCLE
 5
 1199
100
AcDbEntity
  8
Coupe_Sens_Horaire
100
AcDbCircle
 62
93
  6
CONTINUOUS
 10
-374.830383300781
 20
-381.67803814909
 40
 5
  0
CIRCLE
 5
 1200
100
AcDbEntity
  8
Coupe_Sens_Horaire
100
AcDbCircle
 62
93
  6
CONTINUOUS
 10
-374.830383300781
 20
-353.965225227988
 40
 5
  0
CIRCLE
 5
 1201
100
AcDbEntity
  8
Coupe_Sens_Horaire
100
AcDbCircle
 62
93
  6
CONTINUOUS
 10
-374.830383300781
 20
-326.252412306886
 40
 5
  0
CIRCLE
 5
 1202
100
AcDbEntity
  8
Coupe_Sens_Horaire
100
AcDbCircle
 62
93
  6
CONTINUOUS
 10
-374.830383300781
 20
-298.539599385784
 40
 5
  0
CIRCLE
 5
 1203
100
AcDbEntity
  8
Coupe_Sens_Horaire
100
AcDbCircle
 62
93
  6
CONTINUOUS
 10
-374.830383300781
 20
-270.826786464682
 40
 5
  0
CIRCLE
 5
 1204
100
AcDbEntity
  8
Coupe_Sens_Horaire
100
AcDbCircle
 62
93
  6
CONTINUOUS
 10
-374.830383300781
 20
-243.11397354358
 40
 5
  0
CIRCLE
 5
 1205
100
AcDbEntity
  8
Coupe_Sens_Horaire
100
AcDbCircle
 62
93
  6
CONTINUOUS
 10
-374.830383300781
 20
-215.401160622478
 40
 5
  0
CIRCLE
 5
 1206
100
AcDbEntity
  8
Coupe_Sens_Horaire
100
AcDbCircle
 62
93
  6
CONTINUOUS
 10
-390.830383300781
 20
-409.390850897882
 40
 5
  0
CIRCLE
 5
 1207
100
AcDbEntity
  8
Coupe_Sens_Horaire
100
AcDbCircle
 62
93
  6
CONTINUOUS
 10
-390.830383300781
 20
-381.67803797678
 40
 5
  0
CIRCLE
 5
 1208
100
AcDbEntity
  8
Coupe_Sens_Horaire
100
AcDbCircle
 62
93
  6
CONTINUOUS
 10
-390.830383300781
 20
-353.965225055678
 40
 5
  0
CIRCLE
 5
 1209
100
AcDbEntity
  8
Coupe_Sens_Horaire
100
AcDbCircle
 62
93
  6
CONTINUOUS
 10
-390.830383300781
 20
-326.252412134576
 40
 5
  0
CIRCLE
 5
 1210
100
AcDbEntity
  8
Coupe_Sens_Horaire
100
AcDbCircle
 62
93
  6
CONTINUOUS
 10
-390.830383300781
 20
-298.539599213474
 40
 5
  0
CIRCLE
 5
 1211
100
AcDbEntity
  8
Coupe_Sens_Horaire
100
AcDbCircle
 62
93
  6
CONTINUOUS
 10
-390.830383300781
 20
-270.826786292372
 40
 5
  0
CIRCLE
 5
 1212
100
AcDbEntity
  8
Coupe_Sens_Horaire
100
AcDbCircle
 62
93
  6
CONTINUOUS
 10
-390.830383300781
 20
-243.11397337127
 40
 5
  0
CIRCLE
 5
 1213
100
AcDbEntity
  8
Coupe_Sens_Horaire
100
AcDbCircle
 62
93
  6
CONTINUOUS
 10
-390.830383300781
 20
-215.401160450168
 40
 5
  0
CIRCLE
 5
 1214
100
AcDbEntity
  8
Coupe_Sens_Horaire
100
AcDbCircle
 62
93
  6
CONTINUOUS
 10
-406.830383300781
 20
-409.390850725572
 40
 5
  0
CIRCLE
 5
 1215
100
AcDbEntity
  8
Coupe_Sens_Horaire
100
AcDbCircle
 62
93
  6
CONTINUOUS
 10
-406.830383300781
 20
-381.67803780447
 40
 5
  0
CIRCLE
 5
 1216
100
AcDbEntity
  8
Coupe_Sens_Horaire
100
AcDbCircle
 62
93
  6
CONTINUOUS
 10
-406.830383300781
 20
-353.965224883368
 40
 5
  0
CIRCLE
 5
 1217
100
AcDbEntity
  8
Coupe_Sens_Horaire
100
AcDbCircle
 62
93
  6
CONTINUOUS
 10
-406.830383300781
 20
-326.252411962266
 40
 5
  0
CIRCLE
 5
 1218
100
AcDbEntity
  8
Coupe_Sens_Horaire
100
AcDbCircle
 62
93
  6
CONTINUOUS
 10
-406.830383300781
 20
-298.539599041164
 40
 5
  0
CIRCLE
 5
 1219
100
AcDbEntity
  8
Coupe_Sens_Horaire
100
AcDbCircle
 62
93
  6
CONTINUOUS
 10
-406.830383300781
 20
-270.826786120062
 40
 5
  0
CIRCLE
 5
 1220
100
AcDbEntity
  8
Coupe_Sens_Horaire
100
AcDbCircle
 62
93
  6
CONTINUOUS
 10
-406.830383300781
 20
-243.11397319896
 40
 5
  0
CIRCLE
 5
 1221
100
AcDbEntity
  8
Coupe_Sens_Horaire
100
AcDbCircle
 62
93
  6
CONTINUOUS
 10
-406.830383300781
 20
-215.401160277858
 40
 5
  0
CIRCLE
 5
 1222
100
AcDbEntity
  8
Coupe_Sens_Horaire
100
AcDbCircle
 62
93
  6
CONTINUOUS
 10
-422.830383300781
 20
-409.390850553262
 40
 5
  0
CIRCLE
 5
 1223
100
AcDbEntity
  8
Coupe_Sens_Horaire
100
AcDbCircle
 62
93
  6
CONTINUOUS
 10
-422.830383300781
 20
-381.67803763216
 40
 5
  0
CIRCLE
 5
 1224
100
AcDbEntity
  8
Coupe_Sens_Horaire
100
AcDbCircle
 62
93
  6
CONTINUOUS
 10
-422.830383300781
 20
-353.965224711058
 40
 5
  0
CIRCLE
 5
 1225
100
AcDbEntity
  8
Coupe_Sens_Horaire
100
AcDbCircle
 62
93
  6
CONTINUOUS
 10
-422.830383300781
 20
-326.252411789956
 40
 5
  0
CIRCLE
 5
 1226
100
AcDbEntity
  8
Coupe_Sens_Horaire
100
AcDbCircle
 62
93
  6
CONTINUOUS
 10
-422.830383300781
 20
-298.539598868854
 40
 5
  0
CIRCLE
 5
 1227
100
AcDbEntity
  8
Coupe_Sens_Horaire
100
AcDbCircle
 62
93
  6
CONTINUOUS
 10
-422.830383300781
 20
-270.826785947752
 40
 5
  0
CIRCLE
 5
 1228
100
AcDbEntity
  8
Coupe_Sens_Horaire
100
AcDbCircle
 62
93
  6
CONTINUOUS
 10
-422.830383300781
 20
-243.11397302665
 40
 5
  0
CIRCLE
 5
 1229
100
AcDbEntity
  8
Coupe_Sens_Horaire
100
AcDbCircle
 62
93
  6
CONTINUOUS
 10
-422.830383300781
 20
-215.401160105548
 40
 5
  0
CIRCLE
 5
 1230
100
AcDbEntity
  8
Coupe_Sens_Horaire
100
AcDbCircle
 62
93
  6
CONTINUOUS
 10
-438.830383300781
 20
-409.390850380952
 40
 5
  0
CIRCLE
 5
 1231
100
AcDbEntity
  8
Coupe_Sens_Horaire
100
AcDbCircle
 62
93
  6
CONTINUOUS
 10
-438.830383300781
 20
-381.67803745985
 40
 5
  0
CIRCLE
 5
 1232
100
AcDbEntity
  8
Coupe_Sens_Horaire
100
AcDbCircle
 62
93
  6
CONTINUOUS
 10
-438.830383300781
 20
-353.965224538748
 40
 5
  0
CIRCLE
 5
 1233
100
AcDbEntity
  8
Coupe_Sens_Horaire
100
AcDbCircle
 62
93
  6
CONTINUOUS
 10
-438.830383300781
 20
-326.252411617646
 40
 5
  0
CIRCLE
 5
 1234
100
AcDbEntity
  8
Coupe_Sens_Horaire
100
AcDbCircle
 62
93
  6
CONTINUOUS
 10
-438.830383300781
 20
-298.539598696544
 40
 5
  0
CIRCLE
 5
 1235
100
AcDbEntity
  8
Coupe_Sens_Horaire
100
AcDbCircle
 62
93
  6
CONTINUOUS
 10
-438.830383300781
 20
-270.826785775442
 40
 5
  0
CIRCLE
 5
 1236
100
AcDbEntity
  8
Coupe_Sens_Horaire
100
AcDbCircle
 62
93
  6
CONTINUOUS
 10
-438.830383300781
 20
-243.113972854339
 40
 5
  0
CIRCLE
 5
 1237
100
AcDbEntity
  8
Coupe_Sens_Horaire
100
AcDbCircle
 62
93
  6
CONTINUOUS
 10
-438.830383300781
 20
-215.401159933237
 40
 5
  0
CIRCLE
 5
 1238
100
AcDbEntity
  8
Coupe_Sens_Horaire
100
AcDbCircle
 62
93
  6
CONTINUOUS
 10
-454.830383300781
 20
-409.390850208642
 40
 5
  0
CIRCLE
 5
 1239
100
AcDbEntity
  8
Coupe_Sens_Horaire
100
AcDbCircle
 62
93
  6
CONTINUOUS
 10
-454.830383300781
 20
-381.67803728754
 40
 5
  0
CIRCLE
 5
 1240
100
AcDbEntity
  8
Coupe_Sens_Horaire
100
AcDbCircle
 62
93
  6
CONTINUOUS
 10
-454.830383300781
 20
-353.965224366438
 40
 5
  0
CIRCLE
 5
 1241
100
AcDbEntity
  8
Coupe_Sens_Horaire
100
AcDbCircle
 62
93
  6
CONTINUOUS
 10
-454.830383300781
 20
-326.252411445336
 40
 5
  0
CIRCLE
 5
 1242
100
AcDbEntity
  8
Coupe_Sens_Horaire
100
AcDbCircle
 62
93
  6
CONTINUOUS
 10
-454.830383300781
 20
-298.539598524234
 40
 5
  0
CIRCLE
 5
 1243
100
AcDbEntity
  8
Coupe_Sens_Horaire
100
AcDbCircle
 62
93
  6
CONTINUOUS
 10
-454.830383300781
 20
-270.826785603132
 40
 5
  0
CIRCLE
 5
 1244
100
AcDbEntity
  8
Coupe_Sens_Horaire
100
AcDbCircle
 62
93
  6
CONTINUOUS
 10
-454.830383300781
 20
-243.113972682029
 40
 5
  0
CIRCLE
 5
 1245
100
AcDbEntity
  8
Coupe_Sens_Horaire
100
AcDbCircle
 62
93
  6
CONTINUOUS
 10
-454.830383300781
 20
-215.401159760927
 40
 5
  0
CIRCLE
 5
 1246
100
AcDbEntity
  8
Coupe_Sens_Horaire
100
AcDbCircle
 62
93
  6
CONTINUOUS
 10
-470.830383300781
 20
-409.390850036332
 40
 5
  0
CIRCLE
 5
 1247
100
AcDbEntity
  8
Coupe_Sens_Horaire
100
AcDbCircle
 62
93
  6
CONTINUOUS
 10
-470.830383300781
 20
-381.67803711523
 40
 5
  0
CIRCLE
 5
 1248
100
AcDbEntity
  8
Coupe_Sens_Horaire
100
AcDbCircle
 62
93
  6
CONTINUOUS
 10
-470.830383300781
 20
-353.965224194128
 40
 5
  0
CIRCLE
 5
 1249
100
AcDbEntity
  8
Coupe_Sens_Horaire
100
AcDbCircle
 62
93
  6
CONTINUOUS
 10
-470.830383300781
 20
-326.252411273026
 40
 5
  0
CIRCLE
 5
 1250
100
AcDbEntity
  8
Coupe_Sens_Horaire
100
AcDbCircle
 62
93
  6
CONTINUOUS
 10
-470.830383300781
 20
-298.539598351924
 40
 5
  0
CIRCLE
 5
 1251
100
AcDbEntity
  8
Coupe_Sens_Horaire
100
AcDbCircle
 62
93
  6
CONTINUOUS
 10
-470.830383300781
 20
-270.826785430822
 40
 5
  0
CIRCLE
 5
 1252
100
AcDbEntity
  8
Coupe_Sens_Horaire
100
AcDbCircle
 62
93
  6
CONTINUOUS
 10
-470.830383300781
 20
-243.11397250972
 40
 5
  0
CIRCLE
 5
 1253
100
AcDbEntity
  8
Coupe_Sens_Horaire
100
AcDbCircle
 62
93
  6
CONTINUOUS
 10
-470.830383300781
 20
-215.401159588617
 40
 5
  0
CIRCLE
 5
 1254
100
AcDbEntity
  8
Coupe_Sens_Horaire
100
AcDbCircle
 62
93
  6
CONTINUOUS
 10
-486.830383300781
 20
-409.390849864022
 40
 5
  0
CIRCLE
 5
 1255
100
AcDbEntity
  8
Coupe_Sens_Horaire
100
AcDbCircle
 62
93
  6
CONTINUOUS
 10
-486.830383300781
 20
-381.67803694292
 40
 5
  0
CIRCLE
 5
 1256
100
AcDbEntity
  8
Coupe_Sens_Horaire
100
AcDbCircle
 62
93
  6
CONTINUOUS
 10
-486.830383300781
 20
-353.965224021818
 40
 5
  0
CIRCLE
 5
 1257
100
AcDbEntity
  8
Coupe_Sens_Horaire
100
AcDbCircle
 62
93
  6
CONTINUOUS
 10
-486.830383300781
 20
-326.252411100716
 40
 5
  0
CIRCLE
 5
 1258
100
AcDbEntity
  8
Coupe_Sens_Horaire
100
AcDbCircle
 62
93
  6
CONTINUOUS
 10
-486.830383300781
 20
-298.539598179614
 40
 5
  0
CIRCLE
 5
 1259
100
AcDbEntity
  8
Coupe_Sens_Horaire
100
AcDbCircle
 62
93
  6
CONTINUOUS
 10
-486.830383300781
 20
-270.826785258512
 40
 5
  0
CIRCLE
 5
 1260
100
AcDbEntity
  8
Coupe_Sens_Horaire
100
AcDbCircle
 62
93
  6
CONTINUOUS
 10
-486.830383300781
 20
-243.11397233741
 40
 5
  0
CIRCLE
 5
 1261
100
AcDbEntity
  8
Coupe_Sens_Horaire
100
AcDbCircle
 62
93
  6
CONTINUOUS
 10
-486.830383300781
 20
-215.401159416307
 40
 5
  0
CIRCLE
 5
 1262
100
AcDbEntity
  8
Coupe_Sens_Horaire
100
AcDbCircle
 62
93
  6
CONTINUOUS
 10
-502.830383300781
 20
-409.390849691712
 40
 5
  0
CIRCLE
 5
 1263
100
AcDbEntity
  8
Coupe_Sens_Horaire
100
AcDbCircle
 62
93
  6
CONTINUOUS
 10
-502.830383300781
 20
-381.67803677061
 40
 5
  0
CIRCLE
 5
 1264
100
AcDbEntity
  8
Coupe_Sens_Horaire
100
AcDbCircle
 62
93
  6
CONTINUOUS
 10
-502.830383300781
 20
-353.965223849508
 40
 5
  0
CIRCLE
 5
 1265
100
AcDbEntity
  8
Coupe_Sens_Horaire
100
AcDbCircle
 62
93
  6
CONTINUOUS
 10
-502.830383300781
 20
-326.252410928406
 40
 5
  0
CIRCLE
 5
 1266
100
AcDbEntity
  8
Coupe_Sens_Horaire
100
AcDbCircle
 62
93
  6
CONTINUOUS
 10
-502.830383300781
 20
-298.539598007304
 40
 5
  0
CIRCLE
 5
 1267
100
AcDbEntity
  8
Coupe_Sens_Horaire
100
AcDbCircle
 62
93
  6
CONTINUOUS
 10
-502.830383300781
 20
-270.826785086202
 40
 5
  0
CIRCLE
 5
 1268
100
AcDbEntity
  8
Coupe_Sens_Horaire
100
AcDbCircle
 62
93
  6
CONTINUOUS
 10
-502.830383300781
 20
-243.113972165099
 40
 5
  0
CIRCLE
 5
 1269
100
AcDbEntity
  8
Coupe_Sens_Horaire
100
AcDbCircle
 62
93
  6
CONTINUOUS
 10
-502.830383300781
 20
-215.401159243997
 40
 5
  0
CIRCLE
 5
 1270
100
AcDbEntity
  8
Coupe_Sens_Horaire
100
AcDbCircle
 62
93
  6
CONTINUOUS
 10
-518.830383300781
 20
-409.390849519402
 40
 5
  0
CIRCLE
 5
 1271
100
AcDbEntity
  8
Coupe_Sens_Horaire
100
AcDbCircle
 62
93
  6
CONTINUOUS
 10
-518.830383300781
 20
-381.6780365983
 40
 5
  0
CIRCLE
 5
 1272
100
AcDbEntity
  8
Coupe_Sens_Horaire
100
AcDbCircle
 62
93
  6
CONTINUOUS
 10
-518.830383300781
 20
-353.965223677198
 40
 5
  0
CIRCLE
 5
 1273
100
AcDbEntity
  8
Coupe_Sens_Horaire
100
AcDbCircle
 62
93
  6
CONTINUOUS
 10
-518.830383300781
 20
-326.252410756096
 40
 5
  0
CIRCLE
 5
 1274
100
AcDbEntity
  8
Coupe_Sens_Horaire
100
AcDbCircle
 62
93
  6
CONTINUOUS
 10
-518.830383300781
 20
-298.539597834993
 40
 5
  0
CIRCLE
 5
 1275
100
AcDbEntity
  8
Coupe_Sens_Horaire
100
AcDbCircle
 62
93
  6
CONTINUOUS
 10
-518.830383300781
 20
-270.826784913891
 40
 5
  0
CIRCLE
 5
 1276
100
AcDbEntity
  8
Coupe_Sens_Horaire
100
AcDbCircle
 62
93
  6
CONTINUOUS
 10
-518.830383300781
 20
-243.113971992789
 40
 5
  0
CIRCLE
 5
 1277
100
AcDbEntity
  8
Coupe_Sens_Horaire
100
AcDbCircle
 62
93
  6
CONTINUOUS
 10
-518.830383300781
 20
-215.401159071687
 40
 5
  0
CIRCLE
 5
 1278
100
AcDbEntity
  8
Coupe_Sens_Horaire
100
AcDbCircle
 62
93
  6
CONTINUOUS
 10
-534.830383300781
 20
-409.390849347092
 40
 5
  0
CIRCLE
 5
 1279
100
AcDbEntity
  8
Coupe_Sens_Horaire
100
AcDbCircle
 62
93
  6
CONTINUOUS
 10
-534.830383300781
 20
-381.67803642599
 40
 5
  0
CIRCLE
 5
 1280
100
AcDbEntity
  8
Coupe_Sens_Horaire
100
AcDbCircle
 62
93
  6
CONTINUOUS
 10
-534.830383300781
 20
-353.965223504888
 40
 5
  0
CIRCLE
 5
 1281
100
AcDbEntity
  8
Coupe_Sens_Horaire
100
AcDbCircle
 62
93
  6
CONTINUOUS
 10
-534.830383300781
 20
-326.252410583786
 40
 5
  0
CIRCLE
 5
 1282
100
AcDbEntity
  8
Coupe_Sens_Horaire
100
AcDbCircle
 62
93
  6
CONTINUOUS
 10
-534.830383300781
 20
-298.539597662683
 40
 5
  0
CIRCLE
 5
 1283
100
AcDbEntity
  8
Coupe_Sens_Horaire
100
AcDbCircle
 62
93
  6
CONTINUOUS
 10
-534.830383300781
 20
-270.826784741581
 40
 5
  0
CIRCLE
 5
 1284
100
AcDbEntity
  8
Coupe_Sens_Horaire
100
AcDbCircle
 62
93
  6
CONTINUOUS
 10
-534.830383300781
 20
-243.113971820479
 40
 5
  0
CIRCLE
 5
 1285
100
AcDbEntity
  8
Coupe_Sens_Horaire
100
AcDbCircle
 62
93
  6
CONTINUOUS
 10
-534.830383300781
 20
-215.401158899377
 40
 5
  0
CIRCLE
 5
 1286
100
AcDbEntity
  8
Coupe_Sens_Horaire
100
AcDbCircle
 62
93
  6
CONTINUOUS
 10
-550.830383300781
 20
-409.390849174782
 40
 5
  0
CIRCLE
 5
 1287
100
AcDbEntity
  8
Coupe_Sens_Horaire
100
AcDbCircle
 62
93
  6
CONTINUOUS
 10
-550.830383300781
 20
-381.67803625368
 40
 5
  0
CIRCLE
 5
 1288
100
AcDbEntity
  8
Coupe_Sens_Horaire
100
AcDbCircle
 62
93
  6
CONTINUOUS
 10
-550.830383300781
 20
-353.965223332578
 40
 5
  0
CIRCLE
 5
 1289
100
AcDbEntity
  8
Coupe_Sens_Horaire
100
AcDbCircle
 62
93
  6
CONTINUOUS
 10
-550.830383300781
 20
-326.252410411476
 40
 5
  0
CIRCLE
 5
 1290
100
AcDbEntity
  8
Coupe_Sens_Horaire
100
AcDbCircle
 62
93
  6
CONTINUOUS
 10
-550.830383300781
 20
-298.539597490374
 40
 5
  0
CIRCLE
 5
 1291
100
AcDbEntity
  8
Coupe_Sens_Horaire
100
AcDbCircle
 62
93
  6
CONTINUOUS
 10
-550.830383300781
 20
-270.826784569271
 40
 5
  0
CIRCLE
 5
 1292
100
AcDbEntity
  8
Coupe_Sens_Horaire
100
AcDbCircle
 62
93
  6
CONTINUOUS
 10
-550.830383300781
 20
-243.113971648169
 40
 5
  0
CIRCLE
 5
 1293
100
AcDbEntity
  8
Coupe_Sens_Horaire
100
AcDbCircle
 62
93
  6
CONTINUOUS
 10
-550.830383300781
 20
-215.401158727067
 40
 5
  0
CIRCLE
 5
 1294
100
AcDbEntity
  8
Coupe_Sens_Horaire
100
AcDbCircle
 62
93
  6
CONTINUOUS
 10
-566.830383300781
 20
-409.390849002472
 40
 5
  0
CIRCLE
 5
 1295
100
AcDbEntity
  8
Coupe_Sens_Horaire
100
AcDbCircle
 62
93
  6
CONTINUOUS
 10
-566.830383300781
 20
-381.67803608137
 40
 5
  0
CIRCLE
 5
 1296
100
AcDbEntity
  8
Coupe_Sens_Horaire
100
AcDbCircle
 62
93
  6
CONTINUOUS
 10
-566.830383300781
 20
-353.965223160268
 40
 5
  0
CIRCLE
 5
 1297
100
AcDbEntity
  8
Coupe_Sens_Horaire
100
AcDbCircle
 62
93
  6
CONTINUOUS
 10
-566.830383300781
 20
-326.252410239166
 40
 5
  0
CIRCLE
 5
 1298
100
AcDbEntity
  8
Coupe_Sens_Horaire
100
AcDbCircle
 62
93
  6
CONTINUOUS
 10
-566.830383300781
 20
-298.539597318063
 40
 5
  0
CIRCLE
 5
 1299
100
AcDbEntity
  8
Coupe_Sens_Horaire
100
AcDbCircle
 62
93
  6
CONTINUOUS
 10
-566.830383300781
 20
-270.826784396961
 40
 5
  0
CIRCLE
 5
 1300
100
AcDbEntity
  8
Coupe_Sens_Horaire
100
AcDbCircle
 62
93
  6
CONTINUOUS
 10
-566.830383300781
 20
-243.113971475859
 40
 5
  0
CIRCLE
 5
 1301
100
AcDbEntity
  8
Coupe_Sens_Horaire
100
AcDbCircle
 62
93
  6
CONTINUOUS
 10
-566.830383300781
 20
-215.401158554757
 40
 5
  0
CIRCLE
 5
 1302
100
AcDbEntity
  8
Coupe_Sens_Horaire
100
AcDbCircle
 62
93
  6
CONTINUOUS
 10
 1.16961684844409
 20
-395.534448658928
 40
 5
  0
CIRCLE
 5
 1303
100
AcDbEntity
  8
Coupe_Sens_Horaire
100
AcDbCircle
 62
93
  6
CONTINUOUS
 10
 1.16961684844409
 20
-367.821635737826
 40
 5
  0
CIRCLE
 5
 1304
100
AcDbEntity
  8
Coupe_Sens_Horaire
100
AcDbCircle
 62
93
  6
CONTINUOUS
 10
 1.16961684844409
 20
-340.108822816724
 40
 5
  0
CIRCLE
 5
 1305
100
AcDbEntity
  8
Coupe_Sens_Horaire
100
AcDbCircle
 62
93
  6
CONTINUOUS
 10
 1.16961684844409
 20
-312.396009895621
 40
 5
  0
CIRCLE
 5
 1306
100
AcDbEntity
  8
Coupe_Sens_Horaire
100
AcDbCircle
 62
93
  6
CONTINUOUS
 10
 1.16961684844409
 20
-284.683196974519
 40
 5
  0
CIRCLE
 5
 1307
100
AcDbEntity
  8
Coupe_Sens_Horaire
100
AcDbCircle
 62
93
  6
CONTINUOUS
 10
 1.16961684844409
 20
-256.970384053417
 40
 5
  0
CIRCLE
 5
 1308
100
AcDbEntity
  8
Coupe_Sens_Horaire
100
AcDbCircle
 62
93
  6
CONTINUOUS
 10
 1.16961684844409
 20
-229.257571132315
 40
 5
  0
CIRCLE
 5
 1309
100
AcDbEntity
  8
Coupe_Sens_Horaire
100
AcDbCircle
 62
93
  6
CONTINUOUS
 10
-14.8303831515559
 20
-395.534448486618
 40
 5
  0
CIRCLE
 5
 1310
100
AcDbEntity
  8
Coupe_Sens_Horaire
100
AcDbCircle
 62
93
  6
CONTINUOUS
 10
-14.8303831515559
 20
-367.821635565516
 40
 5
  0
CIRCLE
 5
 1311
100
AcDbEntity
  8
Coupe_Sens_Horaire
100
AcDbCircle
 62
93
  6
CONTINUOUS
 10
-14.8303831515559
 20
-340.108822644413
 40
 5
  0
CIRCLE
 5
 1312
100
AcDbEntity
  8
Coupe_Sens_Horaire
100
AcDbCircle
 62
93
  6
CONTINUOUS
 10
-14.8303831515559
 20
-312.396009723311
 40
 5
  0
CIRCLE
 5
 1313
100
AcDbEntity
  8
Coupe_Sens_Horaire
100
AcDbCircle
 62
93
  6
CONTINUOUS
 10
-14.8303831515559
 20
-284.683196802209
 40
 5
  0
CIRCLE
 5
 1314
100
AcDbEntity
  8
Coupe_Sens_Horaire
100
AcDbCircle
 62
93
  6
CONTINUOUS
 10
-14.8303831515559
 20
-256.970383881107
 40
 5
  0
CIRCLE
 5
 1315
100
AcDbEntity
  8
Coupe_Sens_Horaire
100
AcDbCircle
 62
93
  6
CONTINUOUS
 10
-14.8303831515559
 20
-229.257570960005
 40
 5
  0
CIRCLE
 5
 1316
100
AcDbEntity
  8
Coupe_Sens_Horaire
100
AcDbCircle
 62
93
  6
CONTINUOUS
 10
-30.8303831515559
 20
-395.534448314308
 40
 5
  0
CIRCLE
 5
 1317
100
AcDbEntity
  8
Coupe_Sens_Horaire
100
AcDbCircle
 62
93
  6
CONTINUOUS
 10
-30.8303831515559
 20
-367.821635393205
 40
 5
  0
CIRCLE
 5
 1318
100
AcDbEntity
  8
Coupe_Sens_Horaire
100
AcDbCircle
 62
93
  6
CONTINUOUS
 10
-30.8303831515559
 20
-340.108822472103
 40
 5
  0
CIRCLE
 5
 1319
100
AcDbEntity
  8
Coupe_Sens_Horaire
100
AcDbCircle
 62
93
  6
CONTINUOUS
 10
-30.8303831515559
 20
-312.396009551001
 40
 5
  0
CIRCLE
 5
 1320
100
AcDbEntity
  8
Coupe_Sens_Horaire
100
AcDbCircle
 62
93
  6
CONTINUOUS
 10
-30.8303831515559
 20
-284.683196629899
 40
 5
  0
CIRCLE
 5
 1321
100
AcDbEntity
  8
Coupe_Sens_Horaire
100
AcDbCircle
 62
93
  6
CONTINUOUS
 10
-30.8303831515559
 20
-256.970383708797
 40
 5
  0
CIRCLE
 5
 1322
100
AcDbEntity
  8
Coupe_Sens_Horaire
100
AcDbCircle
 62
93
  6
CONTINUOUS
 10
-30.8303831515559
 20
-229.257570787695
 40
 5
  0
CIRCLE
 5
 1323
100
AcDbEntity
  8
Coupe_Sens_Horaire
100
AcDbCircle
 62
93
  6
CONTINUOUS
 10
-46.8303831515559
 20
-395.534448141997
 40
 5
  0
CIRCLE
 5
 1324
100
AcDbEntity
  8
Coupe_Sens_Horaire
100
AcDbCircle
 62
93
  6
CONTINUOUS
 10
-46.8303831515559
 20
-367.821635220895
 40
 5
  0
CIRCLE
 5
 1325
100
AcDbEntity
  8
Coupe_Sens_Horaire
100
AcDbCircle
 62
93
  6
CONTINUOUS
 10
-46.8303831515559
 20
-340.108822299793
 40
 5
  0
CIRCLE
 5
 1326
100
AcDbEntity
  8
Coupe_Sens_Horaire
100
AcDbCircle
 62
93
  6
CONTINUOUS
 10
-46.8303831515559
 20
-312.396009378691
 40
 5
  0
CIRCLE
 5
 1327
100
AcDbEntity
  8
Coupe_Sens_Horaire
100
AcDbCircle
 62
93
  6
CONTINUOUS
 10
-46.8303831515559
 20
-284.683196457589
 40
 5
  0
CIRCLE
 5
 1328
100
AcDbEntity
  8
Coupe_Sens_Horaire
100
AcDbCircle
 62
93
  6
CONTINUOUS
 10
-46.8303831515559
 20
-256.970383536487
 40
 5
  0
CIRCLE
 5
 1329
100
AcDbEntity
  8
Coupe_Sens_Horaire
100
AcDbCircle
 62
93
  6
CONTINUOUS
 10
-46.8303831515559
 20
-229.257570615385
 40
 5
  0
CIRCLE
 5
 1330
100
AcDbEntity
  8
Coupe_Sens_Horaire
100
AcDbCircle
 62
93
  6
CONTINUOUS
 10
-62.8303831515559
 20
-395.534447969687
 40
 5
  0
CIRCLE
 5
 1331
100
AcDbEntity
  8
Coupe_Sens_Horaire
100
AcDbCircle
 62
93
  6
CONTINUOUS
 10
-62.8303831515559
 20
-367.821635048585
 40
 5
  0
CIRCLE
 5
 1332
100
AcDbEntity
  8
Coupe_Sens_Horaire
100
AcDbCircle
 62
93
  6
CONTINUOUS
 10
-62.8303831515559
 20
-340.108822127483
 40
 5
  0
CIRCLE
 5
 1333
100
AcDbEntity
  8
Coupe_Sens_Horaire
100
AcDbCircle
 62
93
  6
CONTINUOUS
 10
-62.8303831515559
 20
-312.396009206381
 40
 5
  0
CIRCLE
 5
 1334
100
AcDbEntity
  8
Coupe_Sens_Horaire
100
AcDbCircle
 62
93
  6
CONTINUOUS
 10
-62.8303831515559
 20
-284.683196285279
 40
 5
  0
CIRCLE
 5
 1335
100
AcDbEntity
  8
Coupe_Sens_Horaire
100
AcDbCircle
 62
93
  6
CONTINUOUS
 10
-62.8303831515559
 20
-256.970383364177
 40
 5
  0
CIRCLE
 5
 1336
100
AcDbEntity
  8
Coupe_Sens_Horaire
100
AcDbCircle
 62
93
  6
CONTINUOUS
 10
-62.8303831515559
 20
-229.257570443075
 40
 5
  0
CIRCLE
 5
 1337
100
AcDbEntity
  8
Coupe_Sens_Horaire
100
AcDbCircle
 62
93
  6
CONTINUOUS
 10
-78.8303831515564
 20
-395.534447797378
 40
 5
  0
CIRCLE
 5
 1338
100
AcDbEntity
  8
Coupe_Sens_Horaire
100
AcDbCircle
 62
93
  6
CONTINUOUS
 10
-78.8303831515564
 20
-367.821634876275
 40
 5
  0
CIRCLE
 5
 1339
100
AcDbEntity
  8
Coupe_Sens_Horaire
100
AcDbCircle
 62
93
  6
CONTINUOUS
 10
-78.8303831515564
 20
-340.108821955173
 40
 5
  0
CIRCLE
 5
 1340
100
AcDbEntity
  8
Coupe_Sens_Horaire
100
AcDbCircle
 62
93
  6
CONTINUOUS
 10
-78.8303831515564
 20
-312.396009034071
 40
 5
  0
CIRCLE
 5
 1341
100
AcDbEntity
  8
Coupe_Sens_Horaire
100
AcDbCircle
 62
93
  6
CONTINUOUS
 10
-78.8303831515564
 20
-284.683196112969
 40
 5
  0
CIRCLE
 5
 1342
100
AcDbEntity
  8
Coupe_Sens_Horaire
100
AcDbCircle
 62
93
  6
CONTINUOUS
 10
-78.8303831515564
 20
-256.970383191867
 40
 5
  0
CIRCLE
 5
 1343
100
AcDbEntity
  8
Coupe_Sens_Horaire
100
AcDbCircle
 62
93
  6
CONTINUOUS
 10
-78.8303831515564
 20
-229.257570270765
 40
 5
  0
CIRCLE
 5
 1344
100
AcDbEntity
  8
Coupe_Sens_Horaire
100
AcDbCircle
 62
93
  6
CONTINUOUS
 10
-94.8303831515564
 20
-395.534447625067
 40
 5
  0
CIRCLE
 5
 1345
100
AcDbEntity
  8
Coupe_Sens_Horaire
100
AcDbCircle
 62
93
  6
CONTINUOUS
 10
-94.8303831515564
 20
-367.821634703965
 40
 5
  0
CIRCLE
 5
 1346
100
AcDbEntity
  8
Coupe_Sens_Horaire
100
AcDbCircle
 62
93
  6
CONTINUOUS
 10
-94.8303831515564
 20
-340.108821782863
 40
 5
  0
CIRCLE
 5
 1347
100
AcDbEntity
  8
Coupe_Sens_Horaire
100
AcDbCircle
 62
93
  6
CONTINUOUS
 10
-94.8303831515564
 20
-312.396008861761
 40
 5
  0
CIRCLE
 5
 1348
100
AcDbEntity
  8
Coupe_Sens_Horaire
100
AcDbCircle
 62
93
  6
CONTINUOUS
 10
-94.8303831515564
 20
-284.683195940659
 40
 5
  0
CIRCLE
 5
 1349
100
AcDbEntity
  8
Coupe_Sens_Horaire
100
AcDbCircle
 62
93
  6
CONTINUOUS
 10
-94.8303831515564
 20
-256.970383019557
 40
 5
  0
CIRCLE
 5
 1350
100
AcDbEntity
  8
Coupe_Sens_Horaire
100
AcDbCircle
 62
93
  6
CONTINUOUS
 10
-94.8303831515564
 20
-229.257570098455
 40
 5
  0
CIRCLE
 5
 1351
100
AcDbEntity
  8
Coupe_Sens_Horaire
100
AcDbCircle
 62
93
  6
CONTINUOUS
 10
-110.830383151556
 20
-395.534447452757
 40
 5
  0
CIRCLE
 5
 1352
100
AcDbEntity
  8
Coupe_Sens_Horaire
100
AcDbCircle
 62
93
  6
CONTINUOUS
 10
-110.830383151556
 20
-367.821634531655
 40
 5
  0
CIRCLE
 5
 1353
100
AcDbEntity
  8
Coupe_Sens_Horaire
100
AcDbCircle
 62
93
  6
CONTINUOUS
 10
-110.830383151556
 20
-340.108821610553
 40
 5
  0
CIRCLE
 5
 1354
100
AcDbEntity
  8
Coupe_Sens_Horaire
100
AcDbCircle
 62
93
  6
CONTINUOUS
 10
-110.830383151556
 20
-312.396008689451
 40
 5
  0
CIRCLE
 5
 1355
100
AcDbEntity
  8
Coupe_Sens_Horaire
100
AcDbCircle
 62
93
  6
CONTINUOUS
 10
-110.830383151556
 20
-284.683195768349
 40
 5
  0
CIRCLE
 5
 1356
100
AcDbEntity
  8
Coupe_Sens_Horaire
100
AcDbCircle
 62
93
  6
CONTINUOUS
 10
-110.830383151556
 20
-256.970382847247
 40
 5
  0
CIRCLE
 5
 1357
100
AcDbEntity
  8
Coupe_Sens_Horaire
100
AcDbCircle
 62
93
  6
CONTINUOUS
 10
-110.830383151556
 20
-229.257569926145
 40
 5
  0
CIRCLE
 5
 1358
100
AcDbEntity
  8
Coupe_Sens_Horaire
100
AcDbCircle
 62
93
  6
CONTINUOUS
 10
-126.830383151556
 20
-395.534447280447
 40
 5
  0
CIRCLE
 5
 1359
100
AcDbEntity
  8
Coupe_Sens_Horaire
100
AcDbCircle
 62
93
  6
CONTINUOUS
 10
-126.830383151556
 20
-367.821634359345
 40
 5
  0
CIRCLE
 5
 1360
100
AcDbEntity
  8
Coupe_Sens_Horaire
100
AcDbCircle
 62
93
  6
CONTINUOUS
 10
-126.830383151556
 20
-340.108821438243
 40
 5
  0
CIRCLE
 5
 1361
100
AcDbEntity
  8
Coupe_Sens_Horaire
100
AcDbCircle
 62
93
  6
CONTINUOUS
 10
-126.830383151556
 20
-312.396008517141
 40
 5
  0
CIRCLE
 5
 1362
100
AcDbEntity
  8
Coupe_Sens_Horaire
100
AcDbCircle
 62
93
  6
CONTINUOUS
 10
-126.830383151556
 20
-284.683195596039
 40
 5
  0
CIRCLE
 5
 1363
100
AcDbEntity
  8
Coupe_Sens_Horaire
100
AcDbCircle
 62
93
  6
CONTINUOUS
 10
-126.830383151556
 20
-256.970382674937
 40
 5
  0
CIRCLE
 5
 1364
100
AcDbEntity
  8
Coupe_Sens_Horaire
100
AcDbCircle
 62
93
  6
CONTINUOUS
 10
-126.830383151556
 20
-229.257569753835
 40
 5
  0
CIRCLE
 5
 1365
100
AcDbEntity
  8
Coupe_Sens_Horaire
100
AcDbCircle
 62
93
  6
CONTINUOUS
 10
-142.830383151556
 20
-395.534447108137
 40
 5
  0
CIRCLE
 5
 1366
100
AcDbEntity
  8
Coupe_Sens_Horaire
100
AcDbCircle
 62
93
  6
CONTINUOUS
 10
-142.830383151556
 20
-367.821634187035
 40
 5
  0
CIRCLE
 5
 1367
100
AcDbEntity
  8
Coupe_Sens_Horaire
100
AcDbCircle
 62
93
  6
CONTINUOUS
 10
-142.830383151556
 20
-340.108821265933
 40
 5
  0
CIRCLE
 5
 1368
100
AcDbEntity
  8
Coupe_Sens_Horaire
100
AcDbCircle
 62
93
  6
CONTINUOUS
 10
-142.830383151556
 20
-312.396008344831
 40
 5
  0
CIRCLE
 5
 1369
100
AcDbEntity
  8
Coupe_Sens_Horaire
100
AcDbCircle
 62
93
  6
CONTINUOUS
 10
-142.830383151556
 20
-284.683195423729
 40
 5
  0
CIRCLE
 5
 1370
100
AcDbEntity
  8
Coupe_Sens_Horaire
100
AcDbCircle
 62
93
  6
CONTINUOUS
 10
-142.830383151556
 20
-256.970382502627
 40
 5
  0
CIRCLE
 5
 1371
100
AcDbEntity
  8
Coupe_Sens_Horaire
100
AcDbCircle
 62
93
  6
CONTINUOUS
 10
-142.830383151556
 20
-229.257569581525
 40
 5
  0
CIRCLE
 5
 1372
100
AcDbEntity
  8
Coupe_Sens_Horaire
100
AcDbCircle
 62
93
  6
CONTINUOUS
 10
-158.830383151556
 20
-395.534446935827
 40
 5
  0
CIRCLE
 5
 1373
100
AcDbEntity
  8
Coupe_Sens_Horaire
100
AcDbCircle
 62
93
  6
CONTINUOUS
 10
-158.830383151556
 20
-367.821634014725
 40
 5
  0
CIRCLE
 5
 1374
100
AcDbEntity
  8
Coupe_Sens_Horaire
100
AcDbCircle
 62
93
  6
CONTINUOUS
 10
-158.830383151556
 20
-340.108821093623
 40
 5
  0
CIRCLE
 5
 1375
100
AcDbEntity
  8
Coupe_Sens_Horaire
100
AcDbCircle
 62
93
  6
CONTINUOUS
 10
-158.830383151556
 20
-312.396008172521
 40
 5
  0
CIRCLE
 5
 1376
100
AcDbEntity
  8
Coupe_Sens_Horaire
100
AcDbCircle
 62
93
  6
CONTINUOUS
 10
-158.830383151556
 20
-284.683195251419
 40
 5
  0
CIRCLE
 5
 1377
100
AcDbEntity
  8
Coupe_Sens_Horaire
100
AcDbCircle
 62
93
  6
CONTINUOUS
 10
-158.830383151556
 20
-256.970382330317
 40
 5
  0
CIRCLE
 5
 1378
100
AcDbEntity
  8
Coupe_Sens_Horaire
100
AcDbCircle
 62
93
  6
CONTINUOUS
 10
-158.830383151556
 20
-229.257569409215
 40
 5
  0
CIRCLE
 5
 1379
100
AcDbEntity
  8
Coupe_Sens_Horaire
100
AcDbCircle
 62
93
  6
CONTINUOUS
 10
-174.830383151556
 20
-395.534446763517
 40
 5
  0
CIRCLE
 5
 1380
100
AcDbEntity
  8
Coupe_Sens_Horaire
100
AcDbCircle
 62
93
  6
CONTINUOUS
 10
-174.830383151556
 20
-367.821633842415
 40
 5
  0
CIRCLE
 5
 1381
100
AcDbEntity
  8
Coupe_Sens_Horaire
100
AcDbCircle
 62
93
  6
CONTINUOUS
 10
-174.830383151556
 20
-340.108820921313
 40
 5
  0
CIRCLE
 5
 1382
100
AcDbEntity
  8
Coupe_Sens_Horaire
100
AcDbCircle
 62
93
  6
CONTINUOUS
 10
-174.830383151556
 20
-312.396008000211
 40
 5
  0
CIRCLE
 5
 1383
100
AcDbEntity
  8
Coupe_Sens_Horaire
100
AcDbCircle
 62
93
  6
CONTINUOUS
 10
-174.830383151556
 20
-284.683195079109
 40
 5
  0
CIRCLE
 5
 1384
100
AcDbEntity
  8
Coupe_Sens_Horaire
100
AcDbCircle
 62
93
  6
CONTINUOUS
 10
-174.830383151556
 20
-256.970382158007
 40
 5
  0
CIRCLE
 5
 1385
100
AcDbEntity
  8
Coupe_Sens_Horaire
100
AcDbCircle
 62
93
  6
CONTINUOUS
 10
-174.830383151556
 20
-229.257569236904
 40
 5
  0
CIRCLE
 5
 1386
100
AcDbEntity
  8
Coupe_Sens_Horaire
100
AcDbCircle
 62
93
  6
CONTINUOUS
 10
-190.830383151556
 20
-395.534446591207
 40
 5
  0
CIRCLE
 5
 1387
100
AcDbEntity
  8
Coupe_Sens_Horaire
100
AcDbCircle
 62
93
  6
CONTINUOUS
 10
-190.830383151556
 20
-367.821633670105
 40
 5
  0
CIRCLE
 5
 1388
100
AcDbEntity
  8
Coupe_Sens_Horaire
100
AcDbCircle
 62
93
  6
CONTINUOUS
 10
-190.830383151556
 20
-340.108820749003
 40
 5
  0
CIRCLE
 5
 1389
100
AcDbEntity
  8
Coupe_Sens_Horaire
100
AcDbCircle
 62
93
  6
CONTINUOUS
 10
-190.830383151556
 20
-312.396007827901
 40
 5
  0
CIRCLE
 5
 1390
100
AcDbEntity
  8
Coupe_Sens_Horaire
100
AcDbCircle
 62
93
  6
CONTINUOUS
 10
-190.830383151556
 20
-284.683194906799
 40
 5
  0
CIRCLE
 5
 1391
100
AcDbEntity
  8
Coupe_Sens_Horaire
100
AcDbCircle
 62
93
  6
CONTINUOUS
 10
-190.830383151556
 20
-256.970381985697
 40
 5
  0
CIRCLE
 5
 1392
100
AcDbEntity
  8
Coupe_Sens_Horaire
100
AcDbCircle
 62
93
  6
CONTINUOUS
 10
-190.830383151556
 20
-229.257569064594
 40
 5
  0
CIRCLE
 5
 1393
100
AcDbEntity
  8
Coupe_Sens_Horaire
100
AcDbCircle
 62
93
  6
CONTINUOUS
 10
-206.830383151556
 20
-395.534446418897
 40
 5
  0
CIRCLE
 5
 1394
100
AcDbEntity
  8
Coupe_Sens_Horaire
100
AcDbCircle
 62
93
  6
CONTINUOUS
 10
-206.830383151556
 20
-367.821633497795
 40
 5
  0
CIRCLE
 5
 1395
100
AcDbEntity
  8
Coupe_Sens_Horaire
100
AcDbCircle
 62
93
  6
CONTINUOUS
 10
-206.830383151556
 20
-340.108820576693
 40
 5
  0
CIRCLE
 5
 1396
100
AcDbEntity
  8
Coupe_Sens_Horaire
100
AcDbCircle
 62
93
  6
CONTINUOUS
 10
-206.830383151556
 20
-312.396007655591
 40
 5
  0
CIRCLE
 5
 1397
100
AcDbEntity
  8
Coupe_Sens_Horaire
100
AcDbCircle
 62
93
  6
CONTINUOUS
 10
-206.830383151556
 20
-284.683194734489
 40
 5
  0
CIRCLE
 5
 1398
100
AcDbEntity
  8
Coupe_Sens_Horaire
100
AcDbCircle
 62
93
  6
CONTINUOUS
 10
-206.830383151556
 20
-256.970381813386
 40
 5
  0
CIRCLE
 5
 1399
100
AcDbEntity
  8
Coupe_Sens_Horaire
100
AcDbCircle
 62
93
  6
CONTINUOUS
 10
-206.830383151556
 20
-229.257568892284
 40
 5
  0
CIRCLE
 5
 1400
100
AcDbEntity
  8
Coupe_Sens_Horaire
100
AcDbCircle
 62
93
  6
CONTINUOUS
 10
-222.830383151556
 20
-395.534446246587
 40
 5
  0
CIRCLE
 5
 1401
100
AcDbEntity
  8
Coupe_Sens_Horaire
100
AcDbCircle
 62
93
  6
CONTINUOUS
 10
-222.830383151556
 20
-367.821633325485
 40
 5
  0
CIRCLE
 5
 1402
100
AcDbEntity
  8
Coupe_Sens_Horaire
100
AcDbCircle
 62
93
  6
CONTINUOUS
 10
-222.830383151556
 20
-340.108820404383
 40
 5
  0
CIRCLE
 5
 1403
100
AcDbEntity
  8
Coupe_Sens_Horaire
100
AcDbCircle
 62
93
  6
CONTINUOUS
 10
-222.830383151556
 20
-312.396007483281
 40
 5
  0
CIRCLE
 5
 1404
100
AcDbEntity
  8
Coupe_Sens_Horaire
100
AcDbCircle
 62
93
  6
CONTINUOUS
 10
-222.830383151556
 20
-284.683194562178
 40
 5
  0
CIRCLE
 5
 1405
100
AcDbEntity
  8
Coupe_Sens_Horaire
100
AcDbCircle
 62
93
  6
CONTINUOUS
 10
-222.830383151556
 20
-256.970381641076
 40
 5
  0
CIRCLE
 5
 1406
100
AcDbEntity
  8
Coupe_Sens_Horaire
100
AcDbCircle
 62
93
  6
CONTINUOUS
 10
-222.830383151556
 20
-229.257568719974
 40
 5
  0
CIRCLE
 5
 1407
100
AcDbEntity
  8
Coupe_Sens_Horaire
100
AcDbCircle
 62
93
  6
CONTINUOUS
 10
-238.830383151556
 20
-395.534446074277
 40
 5
  0
CIRCLE
 5
 1408
100
AcDbEntity
  8
Coupe_Sens_Horaire
100
AcDbCircle
 62
93
  6
CONTINUOUS
 10
-238.830383151556
 20
-367.821633153175
 40
 5
  0
CIRCLE
 5
 1409
100
AcDbEntity
  8
Coupe_Sens_Horaire
100
AcDbCircle
 62
93
  6
CONTINUOUS
 10
-238.830383151556
 20
-340.108820232073
 40
 5
  0
CIRCLE
 5
 1410
100
AcDbEntity
  8
Coupe_Sens_Horaire
100
AcDbCircle
 62
93
  6
CONTINUOUS
 10
-238.830383151556
 20
-312.39600731097
 40
 5
  0
CIRCLE
 5
 1411
100
AcDbEntity
  8
Coupe_Sens_Horaire
100
AcDbCircle
 62
93
  6
CONTINUOUS
 10
-238.830383151556
 20
-284.683194389868
 40
 5
  0
CIRCLE
 5
 1412
100
AcDbEntity
  8
Coupe_Sens_Horaire
100
AcDbCircle
 62
93
  6
CONTINUOUS
 10
-238.830383151556
 20
-256.970381468766
 40
 5
  0
CIRCLE
 5
 1413
100
AcDbEntity
  8
Coupe_Sens_Horaire
100
AcDbCircle
 62
93
  6
CONTINUOUS
 10
-238.830383151556
 20
-229.257568547664
 40
 5
  0
CIRCLE
 5
 1414
100
AcDbEntity
  8
Coupe_Sens_Horaire
100
AcDbCircle
 62
93
  6
CONTINUOUS
 10
-254.830383151556
 20
-395.534445901967
 40
 5
  0
CIRCLE
 5
 1415
100
AcDbEntity
  8
Coupe_Sens_Horaire
100
AcDbCircle
 62
93
  6
CONTINUOUS
 10
-254.830383151556
 20
-367.821632980865
 40
 5
  0
CIRCLE
 5
 1416
100
AcDbEntity
  8
Coupe_Sens_Horaire
100
AcDbCircle
 62
93
  6
CONTINUOUS
 10
-254.830383151556
 20
-340.108820059763
 40
 5
  0
CIRCLE
 5
 1417
100
AcDbEntity
  8
Coupe_Sens_Horaire
100
AcDbCircle
 62
93
  6
CONTINUOUS
 10
-254.830383151556
 20
-312.396007138661
 40
 5
  0
CIRCLE
 5
 1418
100
AcDbEntity
  8
Coupe_Sens_Horaire
100
AcDbCircle
 62
93
  6
CONTINUOUS
 10
-254.830383151556
 20
-284.683194217558
 40
 5
  0
CIRCLE
 5
 1419
100
AcDbEntity
  8
Coupe_Sens_Horaire
100
AcDbCircle
 62
93
  6
CONTINUOUS
 10
-254.830383151556
 20
-256.970381296456
 40
 5
  0
CIRCLE
 5
 1420
100
AcDbEntity
  8
Coupe_Sens_Horaire
100
AcDbCircle
 62
93
  6
CONTINUOUS
 10
-254.830383151556
 20
-229.257568375354
 40
 5
  0
CIRCLE
 5
 1421
100
AcDbEntity
  8
Coupe_Sens_Horaire
100
AcDbCircle
 62
93
  6
CONTINUOUS
 10
-270.830383151556
 20
-395.534445729657
 40
 5
  0
CIRCLE
 5
 1422
100
AcDbEntity
  8
Coupe_Sens_Horaire
100
AcDbCircle
 62
93
  6
CONTINUOUS
 10
-270.830383151556
 20
-367.821632808555
 40
 5
  0
CIRCLE
 5
 1423
100
AcDbEntity
  8
Coupe_Sens_Horaire
100
AcDbCircle
 62
93
  6
CONTINUOUS
 10
-270.830383151556
 20
-340.108819887453
 40
 5
  0
CIRCLE
 5
 1424
100
AcDbEntity
  8
Coupe_Sens_Horaire
100
AcDbCircle
 62
93
  6
CONTINUOUS
 10
-270.830383151556
 20
-312.396006966351
 40
 5
  0
CIRCLE
 5
 1425
100
AcDbEntity
  8
Coupe_Sens_Horaire
100
AcDbCircle
 62
93
  6
CONTINUOUS
 10
-270.830383151556
 20
-284.683194045248
 40
 5
  0
CIRCLE
 5
 1426
100
AcDbEntity
  8
Coupe_Sens_Horaire
100
AcDbCircle
 62
93
  6
CONTINUOUS
 10
-270.830383151556
 20
-256.970381124146
 40
 5
  0
CIRCLE
 5
 1427
100
AcDbEntity
  8
Coupe_Sens_Horaire
100
AcDbCircle
 62
93
  6
CONTINUOUS
 10
-270.830383151556
 20
-229.257568203044
 40
 5
  0
CIRCLE
 5
 1428
100
AcDbEntity
  8
Coupe_Sens_Horaire
100
AcDbCircle
 62
93
  6
CONTINUOUS
 10
-286.830383151556
 20
-395.534445557347
 40
 5
  0
CIRCLE
 5
 1429
100
AcDbEntity
  8
Coupe_Sens_Horaire
100
AcDbCircle
 62
93
  6
CONTINUOUS
 10
-286.830383151556
 20
-367.821632636245
 40
 5
  0
CIRCLE
 5
 1430
100
AcDbEntity
  8
Coupe_Sens_Horaire
100
AcDbCircle
 62
93
  6
CONTINUOUS
 10
-286.830383151556
 20
-340.108819715143
 40
 5
  0
CIRCLE
 5
 1431
100
AcDbEntity
  8
Coupe_Sens_Horaire
100
AcDbCircle
 62
93
  6
CONTINUOUS
 10
-286.830383151556
 20
-312.39600679404
 40
 5
  0
CIRCLE
 5
 1432
100
AcDbEntity
  8
Coupe_Sens_Horaire
100
AcDbCircle
 62
93
  6
CONTINUOUS
 10
-286.830383151556
 20
-284.683193872938
 40
 5
  0
CIRCLE
 5
 1433
100
AcDbEntity
  8
Coupe_Sens_Horaire
100
AcDbCircle
 62
93
  6
CONTINUOUS
 10
-286.830383151556
 20
-256.970380951836
 40
 5
  0
CIRCLE
 5
 1434
100
AcDbEntity
  8
Coupe_Sens_Horaire
100
AcDbCircle
 62
93
  6
CONTINUOUS
 10
-286.830383151556
 20
-229.257568030734
 40
 5
  0
CIRCLE
 5
 1435
100
AcDbEntity
  8
Coupe_Sens_Horaire
100
AcDbCircle
 62
93
  6
CONTINUOUS
 10
-302.830383151556
 20
-395.534445385037
 40
 5
  0
CIRCLE
 5
 1436
100
AcDbEntity
  8
Coupe_Sens_Horaire
100
AcDbCircle
 62
93
  6
CONTINUOUS
 10
-302.830383151556
 20
-367.821632463934
 40
 5
  0
CIRCLE
 5
 1437
100
AcDbEntity
  8
Coupe_Sens_Horaire
100
AcDbCircle
 62
93
  6
CONTINUOUS
 10
-302.830383151556
 20
-340.108819542832
 40
 5
  0
CIRCLE
 5
 1438
100
AcDbEntity
  8
Coupe_Sens_Horaire
100
AcDbCircle
 62
93
  6
CONTINUOUS
 10
-302.830383151556
 20
-312.39600662173
 40
 5
  0
CIRCLE
 5
 1439
100
AcDbEntity
  8
Coupe_Sens_Horaire
100
AcDbCircle
 62
93
  6
CONTINUOUS
 10
-302.830383151556
 20
-284.683193700628
 40
 5
  0
CIRCLE
 5
 1440
100
AcDbEntity
  8
Coupe_Sens_Horaire
100
AcDbCircle
 62
93
  6
CONTINUOUS
 10
-302.830383151556
 20
-256.970380779526
 40
 5
  0
CIRCLE
 5
 1441
100
AcDbEntity
  8
Coupe_Sens_Horaire
100
AcDbCircle
 62
93
  6
CONTINUOUS
 10
-302.830383151556
 20
-229.257567858424
 40
 5
  0
CIRCLE
 5
 1442
100
AcDbEntity
  8
Coupe_Sens_Horaire
100
AcDbCircle
 62
93
  6
CONTINUOUS
 10
-318.830383151556
 20
-395.534445212727
 40
 5
  0
CIRCLE
 5
 1443
100
AcDbEntity
  8
Coupe_Sens_Horaire
100
AcDbCircle
 62
93
  6
CONTINUOUS
 10
-318.830383151556
 20
-367.821632291624
 40
 5
  0
CIRCLE
 5
 1444
100
AcDbEntity
  8
Coupe_Sens_Horaire
100
AcDbCircle
 62
93
  6
CONTINUOUS
 10
-318.830383151556
 20
-340.108819370522
 40
 5
  0
CIRCLE
 5
 1445
100
AcDbEntity
  8
Coupe_Sens_Horaire
100
AcDbCircle
 62
93
  6
CONTINUOUS
 10
-318.830383151556
 20
-312.39600644942
 40
 5
  0
CIRCLE
 5
 1446
100
AcDbEntity
  8
Coupe_Sens_Horaire
100
AcDbCircle
 62
93
  6
CONTINUOUS
 10
-318.830383151556
 20
-284.683193528318
 40
 5
  0
CIRCLE
 5
 1447
100
AcDbEntity
  8
Coupe_Sens_Horaire
100
AcDbCircle
 62
93
  6
CONTINUOUS
 10
-318.830383151556
 20
-256.970380607216
 40
 5
  0
CIRCLE
 5
 1448
100
AcDbEntity
  8
Coupe_Sens_Horaire
100
AcDbCircle
 62
93
  6
CONTINUOUS
 10
-318.830383151556
 20
-229.257567686114
 40
 5
  0
CIRCLE
 5
 1449
100
AcDbEntity
  8
Coupe_Sens_Horaire
100
AcDbCircle
 62
93
  6
CONTINUOUS
 10
-334.830383151556
 20
-395.534445040417
 40
 5
  0
CIRCLE
 5
 1450
100
AcDbEntity
  8
Coupe_Sens_Horaire
100
AcDbCircle
 62
93
  6
CONTINUOUS
 10
-334.830383151556
 20
-367.821632119315
 40
 5
  0
CIRCLE
 5
 1451
100
AcDbEntity
  8
Coupe_Sens_Horaire
100
AcDbCircle
 62
93
  6
CONTINUOUS
 10
-334.830383151556
 20
-340.108819198212
 40
 5
  0
CIRCLE
 5
 1452
100
AcDbEntity
  8
Coupe_Sens_Horaire
100
AcDbCircle
 62
93
  6
CONTINUOUS
 10
-334.830383151556
 20
-312.39600627711
 40
 5
  0
CIRCLE
 5
 1453
100
AcDbEntity
  8
Coupe_Sens_Horaire
100
AcDbCircle
 62
93
  6
CONTINUOUS
 10
-334.830383151556
 20
-284.683193356008
 40
 5
  0
CIRCLE
 5
 1454
100
AcDbEntity
  8
Coupe_Sens_Horaire
100
AcDbCircle
 62
93
  6
CONTINUOUS
 10
-334.830383151556
 20
-256.970380434906
 40
 5
  0
CIRCLE
 5
 1455
100
AcDbEntity
  8
Coupe_Sens_Horaire
100
AcDbCircle
 62
93
  6
CONTINUOUS
 10
-334.830383151556
 20
-229.257567513804
 40
 5
  0
CIRCLE
 5
 1456
100
AcDbEntity
  8
Coupe_Sens_Horaire
100
AcDbCircle
 62
93
  6
CONTINUOUS
 10
-350.830383151556
 20
-395.534444868107
 40
 5
  0
CIRCLE
 5
 1457
100
AcDbEntity
  8
Coupe_Sens_Horaire
100
AcDbCircle
 62
93
  6
CONTINUOUS
 10
-350.830383151556
 20
-367.821631947004
 40
 5
  0
CIRCLE
 5
 1458
100
AcDbEntity
  8
Coupe_Sens_Horaire
100
AcDbCircle
 62
93
  6
CONTINUOUS
 10
-350.830383151556
 20
-340.108819025902
 40
 5
  0
CIRCLE
 5
 1459
100
AcDbEntity
  8
Coupe_Sens_Horaire
100
AcDbCircle
 62
93
  6
CONTINUOUS
 10
-350.830383151556
 20
-312.3960061048
 40
 5
  0
CIRCLE
 5
 1460
100
AcDbEntity
  8
Coupe_Sens_Horaire
100
AcDbCircle
 62
93
  6
CONTINUOUS
 10
-350.830383151556
 20
-284.683193183698
 40
 5
  0
CIRCLE
 5
 1461
100
AcDbEntity
  8
Coupe_Sens_Horaire
100
AcDbCircle
 62
93
  6
CONTINUOUS
 10
-350.830383151556
 20
-256.970380262596
 40
 5
  0
CIRCLE
 5
 1462
100
AcDbEntity
  8
Coupe_Sens_Horaire
100
AcDbCircle
 62
93
  6
CONTINUOUS
 10
-350.830383151556
 20
-229.257567341494
 40
 5
  0
CIRCLE
 5
 1463
100
AcDbEntity
  8
Coupe_Sens_Horaire
100
AcDbCircle
 62
93
  6
CONTINUOUS
 10
-366.830383151556
 20
-395.534444695797
 40
 5
  0
CIRCLE
 5
 1464
100
AcDbEntity
  8
Coupe_Sens_Horaire
100
AcDbCircle
 62
93
  6
CONTINUOUS
 10
-366.830383151556
 20
-367.821631774694
 40
 5
  0
CIRCLE
 5
 1465
100
AcDbEntity
  8
Coupe_Sens_Horaire
100
AcDbCircle
 62
93
  6
CONTINUOUS
 10
-366.830383151556
 20
-340.108818853592
 40
 5
  0
CIRCLE
 5
 1466
100
AcDbEntity
  8
Coupe_Sens_Horaire
100
AcDbCircle
 62
93
  6
CONTINUOUS
 10
-366.830383151556
 20
-312.39600593249
 40
 5
  0
CIRCLE
 5
 1467
100
AcDbEntity
  8
Coupe_Sens_Horaire
100
AcDbCircle
 62
93
  6
CONTINUOUS
 10
-366.830383151556
 20
-284.683193011388
 40
 5
  0
CIRCLE
 5
 1468
100
AcDbEntity
  8
Coupe_Sens_Horaire
100
AcDbCircle
 62
93
  6
CONTINUOUS
 10
-366.830383151556
 20
-256.970380090286
 40
 5
  0
CIRCLE
 5
 1469
100
AcDbEntity
  8
Coupe_Sens_Horaire
100
AcDbCircle
 62
93
  6
CONTINUOUS
 10
-366.830383151556
 20
-229.257567169184
 40
 5
  0
CIRCLE
 5
 1470
100
AcDbEntity
  8
Coupe_Sens_Horaire
100
AcDbCircle
 62
93
  6
CONTINUOUS
 10
-382.830383151556
 20
-395.534444523486
 40
 5
  0
CIRCLE
 5
 1471
100
AcDbEntity
  8
Coupe_Sens_Horaire
100
AcDbCircle
 62
93
  6
CONTINUOUS
 10
-382.830383151556
 20
-367.821631602384
 40
 5
  0
CIRCLE
 5
 1472
100
AcDbEntity
  8
Coupe_Sens_Horaire
100
AcDbCircle
 62
93
  6
CONTINUOUS
 10
-382.830383151556
 20
-340.108818681282
 40
 5
  0
CIRCLE
 5
 1473
100
AcDbEntity
  8
Coupe_Sens_Horaire
100
AcDbCircle
 62
93
  6
CONTINUOUS
 10
-382.830383151556
 20
-312.39600576018
 40
 5
  0
CIRCLE
 5
 1474
100
AcDbEntity
  8
Coupe_Sens_Horaire
100
AcDbCircle
 62
93
  6
CONTINUOUS
 10
-382.830383151556
 20
-284.683192839078
 40
 5
  0
CIRCLE
 5
 1475
100
AcDbEntity
  8
Coupe_Sens_Horaire
100
AcDbCircle
 62
93
  6
CONTINUOUS
 10
-382.830383151556
 20
-256.970379917976
 40
 5
  0
CIRCLE
 5
 1476
100
AcDbEntity
  8
Coupe_Sens_Horaire
100
AcDbCircle
 62
93
  6
CONTINUOUS
 10
-382.830383151556
 20
-229.257566996874
 40
 5
  0
CIRCLE
 5
 1477
100
AcDbEntity
  8
Coupe_Sens_Horaire
100
AcDbCircle
 62
93
  6
CONTINUOUS
 10
-398.830383151556
 20
-395.534444351176
 40
 5
  0
CIRCLE
 5
 1478
100
AcDbEntity
  8
Coupe_Sens_Horaire
100
AcDbCircle
 62
93
  6
CONTINUOUS
 10
-398.830383151556
 20
-367.821631430074
 40
 5
  0
CIRCLE
 5
 1479
100
AcDbEntity
  8
Coupe_Sens_Horaire
100
AcDbCircle
 62
93
  6
CONTINUOUS
 10
-398.830383151556
 20
-340.108818508972
 40
 5
  0
CIRCLE
 5
 1480
100
AcDbEntity
  8
Coupe_Sens_Horaire
100
AcDbCircle
 62
93
  6
CONTINUOUS
 10
-398.830383151556
 20
-312.39600558787
 40
 5
  0
CIRCLE
 5
 1481
100
AcDbEntity
  8
Coupe_Sens_Horaire
100
AcDbCircle
 62
93
  6
CONTINUOUS
 10
-398.830383151556
 20
-284.683192666768
 40
 5
  0
CIRCLE
 5
 1482
100
AcDbEntity
  8
Coupe_Sens_Horaire
100
AcDbCircle
 62
93
  6
CONTINUOUS
 10
-398.830383151556
 20
-256.970379745666
 40
 5
  0
CIRCLE
 5
 1483
100
AcDbEntity
  8
Coupe_Sens_Horaire
100
AcDbCircle
 62
93
  6
CONTINUOUS
 10
-398.830383151556
 20
-229.257566824564
 40
 5
  0
CIRCLE
 5
 1484
100
AcDbEntity
  8
Coupe_Sens_Horaire
100
AcDbCircle
 62
93
  6
CONTINUOUS
 10
-414.830383151556
 20
-395.534444178866
 40
 5
  0
CIRCLE
 5
 1485
100
AcDbEntity
  8
Coupe_Sens_Horaire
100
AcDbCircle
 62
93
  6
CONTINUOUS
 10
-414.830383151556
 20
-367.821631257764
 40
 5
  0
CIRCLE
 5
 1486
100
AcDbEntity
  8
Coupe_Sens_Horaire
100
AcDbCircle
 62
93
  6
CONTINUOUS
 10
-414.830383151556
 20
-340.108818336662
 40
 5
  0
CIRCLE
 5
 1487
100
AcDbEntity
  8
Coupe_Sens_Horaire
100
AcDbCircle
 62
93
  6
CONTINUOUS
 10
-414.830383151556
 20
-312.39600541556
 40
 5
  0
CIRCLE
 5
 1488
100
AcDbEntity
  8
Coupe_Sens_Horaire
100
AcDbCircle
 62
93
  6
CONTINUOUS
 10
-414.830383151556
 20
-284.683192494458
 40
 5
  0
CIRCLE
 5
 1489
100
AcDbEntity
  8
Coupe_Sens_Horaire
100
AcDbCircle
 62
93
  6
CONTINUOUS
 10
-414.830383151556
 20
-256.970379573356
 40
 5
  0
CIRCLE
 5
 1490
100
AcDbEntity
  8
Coupe_Sens_Horaire
100
AcDbCircle
 62
93
  6
CONTINUOUS
 10
-414.830383151556
 20
-229.257566652254
 40
 5
  0
CIRCLE
 5
 1491
100
AcDbEntity
  8
Coupe_Sens_Horaire
100
AcDbCircle
 62
93
  6
CONTINUOUS
 10
-430.830383151556
 20
-395.534444006556
 40
 5
  0
CIRCLE
 5
 1492
100
AcDbEntity
  8
Coupe_Sens_Horaire
100
AcDbCircle
 62
93
  6
CONTINUOUS
 10
-430.830383151556
 20
-367.821631085454
 40
 5
  0
CIRCLE
 5
 1493
100
AcDbEntity
  8
Coupe_Sens_Horaire
100
AcDbCircle
 62
93
  6
CONTINUOUS
 10
-430.830383151556
 20
-340.108818164352
 40
 5
  0
CIRCLE
 5
 1494
100
AcDbEntity
  8
Coupe_Sens_Horaire
100
AcDbCircle
 62
93
  6
CONTINUOUS
 10
-430.830383151556
 20
-312.39600524325
 40
 5
  0
CIRCLE
 5
 1495
100
AcDbEntity
  8
Coupe_Sens_Horaire
100
AcDbCircle
 62
93
  6
CONTINUOUS
 10
-430.830383151556
 20
-284.683192322148
 40
 5
  0
CIRCLE
 5
 1496
100
AcDbEntity
  8
Coupe_Sens_Horaire
100
AcDbCircle
 62
93
  6
CONTINUOUS
 10
-430.830383151556
 20
-256.970379401046
 40
 5
  0
CIRCLE
 5
 1497
100
AcDbEntity
  8
Coupe_Sens_Horaire
100
AcDbCircle
 62
93
  6
CONTINUOUS
 10
-430.830383151556
 20
-229.257566479944
 40
 5
  0
CIRCLE
 5
 1498
100
AcDbEntity
  8
Coupe_Sens_Horaire
100
AcDbCircle
 62
93
  6
CONTINUOUS
 10
-446.830383151556
 20
-395.534443834246
 40
 5
  0
CIRCLE
 5
 1499
100
AcDbEntity
  8
Coupe_Sens_Horaire
100
AcDbCircle
 62
93
  6
CONTINUOUS
 10
-446.830383151556
 20
-367.821630913144
 40
 5
  0
CIRCLE
 5
 1500
100
AcDbEntity
  8
Coupe_Sens_Horaire
100
AcDbCircle
 62
93
  6
CONTINUOUS
 10
-446.830383151556
 20
-340.108817992042
 40
 5
  0
CIRCLE
 5
 1501
100
AcDbEntity
  8
Coupe_Sens_Horaire
100
AcDbCircle
 62
93
  6
CONTINUOUS
 10
-446.830383151556
 20
-312.39600507094
 40
 5
  0
CIRCLE
 5
 1502
100
AcDbEntity
  8
Coupe_Sens_Horaire
100
AcDbCircle
 62
93
  6
CONTINUOUS
 10
-446.830383151556
 20
-284.683192149838
 40
 5
  0
CIRCLE
 5
 1503
100
AcDbEntity
  8
Coupe_Sens_Horaire
100
AcDbCircle
 62
93
  6
CONTINUOUS
 10
-446.830383151556
 20
-256.970379228736
 40
 5
  0
CIRCLE
 5
 1504
100
AcDbEntity
  8
Coupe_Sens_Horaire
100
AcDbCircle
 62
93
  6
CONTINUOUS
 10
-446.830383151556
 20
-229.257566307634
 40
 5
  0
CIRCLE
 5
 1505
100
AcDbEntity
  8
Coupe_Sens_Horaire
100
AcDbCircle
 62
93
  6
CONTINUOUS
 10
-462.830383151556
 20
-395.534443661936
 40
 5
  0
CIRCLE
 5
 1506
100
AcDbEntity
  8
Coupe_Sens_Horaire
100
AcDbCircle
 62
93
  6
CONTINUOUS
 10
-462.830383151556
 20
-367.821630740834
 40
 5
  0
CIRCLE
 5
 1507
100
AcDbEntity
  8
Coupe_Sens_Horaire
100
AcDbCircle
 62
93
  6
CONTINUOUS
 10
-462.830383151556
 20
-340.108817819732
 40
 5
  0
CIRCLE
 5
 1508
100
AcDbEntity
  8
Coupe_Sens_Horaire
100
AcDbCircle
 62
93
  6
CONTINUOUS
 10
-462.830383151556
 20
-312.39600489863
 40
 5
  0
CIRCLE
 5
 1509
100
AcDbEntity
  8
Coupe_Sens_Horaire
100
AcDbCircle
 62
93
  6
CONTINUOUS
 10
-462.830383151556
 20
-284.683191977528
 40
 5
  0
CIRCLE
 5
 1510
100
AcDbEntity
  8
Coupe_Sens_Horaire
100
AcDbCircle
 62
93
  6
CONTINUOUS
 10
-462.830383151556
 20
-256.970379056426
 40
 5
  0
CIRCLE
 5
 1511
100
AcDbEntity
  8
Coupe_Sens_Horaire
100
AcDbCircle
 62
93
  6
CONTINUOUS
 10
-462.830383151556
 20
-229.257566135323
 40
 5
  0
CIRCLE
 5
 1512
100
AcDbEntity
  8
Coupe_Sens_Horaire
100
AcDbCircle
 62
93
  6
CONTINUOUS
 10
-478.830383151556
 20
-395.534443489626
 40
 5
  0
CIRCLE
 5
 1513
100
AcDbEntity
  8
Coupe_Sens_Horaire
100
AcDbCircle
 62
93
  6
CONTINUOUS
 10
-478.830383151556
 20
-367.821630568524
 40
 5
  0
CIRCLE
 5
 1514
100
AcDbEntity
  8
Coupe_Sens_Horaire
100
AcDbCircle
 62
93
  6
CONTINUOUS
 10
-478.830383151556
 20
-340.108817647422
 40
 5
  0
CIRCLE
 5
 1515
100
AcDbEntity
  8
Coupe_Sens_Horaire
100
AcDbCircle
 62
93
  6
CONTINUOUS
 10
-478.830383151556
 20
-312.39600472632
 40
 5
  0
CIRCLE
 5
 1516
100
AcDbEntity
  8
Coupe_Sens_Horaire
100
AcDbCircle
 62
93
  6
CONTINUOUS
 10
-478.830383151556
 20
-284.683191805218
 40
 5
  0
CIRCLE
 5
 1517
100
AcDbEntity
  8
Coupe_Sens_Horaire
100
AcDbCircle
 62
93
  6
CONTINUOUS
 10
-478.830383151556
 20
-256.970378884115
 40
 5
  0
CIRCLE
 5
 1518
100
AcDbEntity
  8
Coupe_Sens_Horaire
100
AcDbCircle
 62
93
  6
CONTINUOUS
 10
-478.830383151556
 20
-229.257565963013
 40
 5
  0
CIRCLE
 5
 1519
100
AcDbEntity
  8
Coupe_Sens_Horaire
100
AcDbCircle
 62
93
  6
CONTINUOUS
 10
-494.830383151556
 20
-395.534443317316
 40
 5
  0
CIRCLE
 5
 1520
100
AcDbEntity
  8
Coupe_Sens_Horaire
100
AcDbCircle
 62
93
  6
CONTINUOUS
 10
-494.830383151556
 20
-367.821630396214
 40
 5
  0
CIRCLE
 5
 1521
100
AcDbEntity
  8
Coupe_Sens_Horaire
100
AcDbCircle
 62
93
  6
CONTINUOUS
 10
-494.830383151556
 20
-340.108817475112
 40
 5
  0
CIRCLE
 5
 1522
100
AcDbEntity
  8
Coupe_Sens_Horaire
100
AcDbCircle
 62
93
  6
CONTINUOUS
 10
-494.830383151556
 20
-312.39600455401
 40
 5
  0
CIRCLE
 5
 1523
100
AcDbEntity
  8
Coupe_Sens_Horaire
100
AcDbCircle
 62
93
  6
CONTINUOUS
 10
-494.830383151556
 20
-284.683191632908
 40
 5
  0
CIRCLE
 5
 1524
100
AcDbEntity
  8
Coupe_Sens_Horaire
100
AcDbCircle
 62
93
  6
CONTINUOUS
 10
-494.830383151556
 20
-256.970378711805
 40
 5
  0
CIRCLE
 5
 1525
100
AcDbEntity
  8
Coupe_Sens_Horaire
100
AcDbCircle
 62
93
  6
CONTINUOUS
 10
-494.830383151556
 20
-229.257565790703
 40
 5
  0
CIRCLE
 5
 1526
100
AcDbEntity
  8
Coupe_Sens_Horaire
100
AcDbCircle
 62
93
  6
CONTINUOUS
 10
-510.830383151556
 20
-395.534443145006
 40
 5
  0
CIRCLE
 5
 1527
100
AcDbEntity
  8
Coupe_Sens_Horaire
100
AcDbCircle
 62
93
  6
CONTINUOUS
 10
-510.830383151556
 20
-367.821630223904
 40
 5
  0
CIRCLE
 5
 1528
100
AcDbEntity
  8
Coupe_Sens_Horaire
100
AcDbCircle
 62
93
  6
CONTINUOUS
 10
-510.830383151556
 20
-340.108817302802
 40
 5
  0
CIRCLE
 5
 1529
100
AcDbEntity
  8
Coupe_Sens_Horaire
100
AcDbCircle
 62
93
  6
CONTINUOUS
 10
-510.830383151556
 20
-312.3960043817
 40
 5
  0
CIRCLE
 5
 1530
100
AcDbEntity
  8
Coupe_Sens_Horaire
100
AcDbCircle
 62
93
  6
CONTINUOUS
 10
-510.830383151556
 20
-284.683191460598
 40
 5
  0
CIRCLE
 5
 1531
100
AcDbEntity
  8
Coupe_Sens_Horaire
100
AcDbCircle
 62
93
  6
CONTINUOUS
 10
-510.830383151556
 20
-256.970378539496
 40
 5
  0
CIRCLE
 5
 1532
100
AcDbEntity
  8
Coupe_Sens_Horaire
100
AcDbCircle
 62
93
  6
CONTINUOUS
 10
-510.830383151556
 20
-229.257565618393
 40
 5
  0
CIRCLE
 5
 1533
100
AcDbEntity
  8
Coupe_Sens_Horaire
100
AcDbCircle
 62
93
  6
CONTINUOUS
 10
-526.830383151556
 20
-395.534442972696
 40
 5
  0
CIRCLE
 5
 1534
100
AcDbEntity
  8
Coupe_Sens_Horaire
100
AcDbCircle
 62
93
  6
CONTINUOUS
 10
-526.830383151556
 20
-367.821630051594
 40
 5
  0
CIRCLE
 5
 1535
100
AcDbEntity
  8
Coupe_Sens_Horaire
100
AcDbCircle
 62
93
  6
CONTINUOUS
 10
-526.830383151556
 20
-340.108817130492
 40
 5
  0
CIRCLE
 5
 1536
100
AcDbEntity
  8
Coupe_Sens_Horaire
100
AcDbCircle
 62
93
  6
CONTINUOUS
 10
-526.830383151556
 20
-312.39600420939
 40
 5
  0
CIRCLE
 5
 1537
100
AcDbEntity
  8
Coupe_Sens_Horaire
100
AcDbCircle
 62
93
  6
CONTINUOUS
 10
-526.830383151556
 20
-284.683191288287
 40
 5
  0
CIRCLE
 5
 1538
100
AcDbEntity
  8
Coupe_Sens_Horaire
100
AcDbCircle
 62
93
  6
CONTINUOUS
 10
-526.830383151556
 20
-256.970378367185
 40
 5
  0
CIRCLE
 5
 1539
100
AcDbEntity
  8
Coupe_Sens_Horaire
100
AcDbCircle
 62
93
  6
CONTINUOUS
 10
-526.830383151556
 20
-229.257565446083
 40
 5
  0
CIRCLE
 5
 1540
100
AcDbEntity
  8
Coupe_Sens_Horaire
100
AcDbCircle
 62
93
  6
CONTINUOUS
 10
-542.830383151556
 20
-395.534442800386
 40
 5
  0
CIRCLE
 5
 1541
100
AcDbEntity
  8
Coupe_Sens_Horaire
100
AcDbCircle
 62
93
  6
CONTINUOUS
 10
-542.830383151556
 20
-367.821629879284
 40
 5
  0
CIRCLE
 5
 1542
100
AcDbEntity
  8
Coupe_Sens_Horaire
100
AcDbCircle
 62
93
  6
CONTINUOUS
 10
-542.830383151556
 20
-340.108816958182
 40
 5
  0
CIRCLE
 5
 1543
100
AcDbEntity
  8
Coupe_Sens_Horaire
100
AcDbCircle
 62
93
  6
CONTINUOUS
 10
-542.830383151556
 20
-312.39600403708
 40
 5
  0
CIRCLE
 5
 1544
100
AcDbEntity
  8
Coupe_Sens_Horaire
100
AcDbCircle
 62
93
  6
CONTINUOUS
 10
-542.830383151556
 20
-284.683191115977
 40
 5
  0
CIRCLE
 5
 1545
100
AcDbEntity
  8
Coupe_Sens_Horaire
100
AcDbCircle
 62
93
  6
CONTINUOUS
 10
-542.830383151556
 20
-256.970378194875
 40
 5
  0
CIRCLE
 5
 1546
100
AcDbEntity
  8
Coupe_Sens_Horaire
100
AcDbCircle
 62
93
  6
CONTINUOUS
 10
-542.830383151556
 20
-229.257565273773
 40
 5
  0
CIRCLE
 5
 1547
100
AcDbEntity
  8
Coupe_Sens_Horaire
100
AcDbCircle
 62
93
  6
CONTINUOUS
 10
-558.830383151556
 20
-395.534442628076
 40
 5
  0
CIRCLE
 5
 1548
100
AcDbEntity
  8
Coupe_Sens_Horaire
100
AcDbCircle
 62
93
  6
CONTINUOUS
 10
-558.830383151556
 20
-367.821629706974
 40
 5
  0
CIRCLE
 5
 1549
100
AcDbEntity
  8
Coupe_Sens_Horaire
100
AcDbCircle
 62
93
  6
CONTINUOUS
 10
-558.830383151556
 20
-340.108816785872
 40
 5
  0
CIRCLE
 5
 1550
100
AcDbEntity
  8
Coupe_Sens_Horaire
100
AcDbCircle
 62
93
  6
CONTINUOUS
 10
-558.830383151556
 20
-312.396003864769
 40
 5
  0
CIRCLE
 5
 1551
100
AcDbEntity
  8
Coupe_Sens_Horaire
100
AcDbCircle
 62
93
  6
CONTINUOUS
 10
-558.830383151556
 20
-284.683190943667
 40
 5
  0
CIRCLE
 5
 1552
100
AcDbEntity
  8
Coupe_Sens_Horaire
100
AcDbCircle
 62
93
  6
CONTINUOUS
 10
-558.830383151556
 20
-256.970378022565
 40
 5
  0
CIRCLE
 5
 1553
100
AcDbEntity
  8
Coupe_Sens_Horaire
100
AcDbCircle
 62
93
  6
CONTINUOUS
 10
-558.830383151556
 20
-229.257565101463
 40
 5
  0
CIRCLE
 5
 1554
100
AcDbEntity
  8
Coupe_Sens_Horaire
100
AcDbCircle
 62
93
  6
CONTINUOUS
 10
 17.1696166992192
 20
-395.534448831238
 40
 5
  0
CIRCLE
 5
 1555
100
AcDbEntity
  8
Coupe_Sens_Horaire
100
AcDbCircle
 62
93
  6
CONTINUOUS
 10
 17.1696166992192
 20
-367.821635910136
 40
 5
  0
CIRCLE
 5
 1556
100
AcDbEntity
  8
Coupe_Sens_Horaire
100
AcDbCircle
 62
93
  6
CONTINUOUS
 10
 17.1696166992192
 20
-340.108822989034
 40
 5
  0
CIRCLE
 5
 1557
100
AcDbEntity
  8
Coupe_Sens_Horaire
100
AcDbCircle
 62
93
  6
CONTINUOUS
 10
 17.1696166992192
 20
-312.396010067931
 40
 5
  0
CIRCLE
 5
 1558
100
AcDbEntity
  8
Coupe_Sens_Horaire
100
AcDbCircle
 62
93
  6
CONTINUOUS
 10
 17.1696166992192
 20
-284.683197146829
 40
 5
  0
CIRCLE
 5
 1559
100
AcDbEntity
  8
Coupe_Sens_Horaire
100
AcDbCircle
 62
93
  6
CONTINUOUS
 10
 17.1696166992192
 20
-256.970384225727
 40
 5
  0
CIRCLE
 5
 1560
100
AcDbEntity
  8
Coupe_Sens_Horaire
100
AcDbCircle
 62
93
  6
CONTINUOUS
 10
 17.1696166992192
 20
-229.257571304625
 40
 5
  0
CIRCLE
 5
 1561
100
AcDbEntity
  8
Coupe_Sens_Horaire
100
AcDbCircle
 62
93
  6
CONTINUOUS
 10
 33.1696166992192
 20
-450.960074673442
 40
 5
  0
CIRCLE
 5
 1562
100
AcDbEntity
  8
Coupe_Sens_Horaire
100
AcDbCircle
 62
93
  6
CONTINUOUS
 10
 49.1696166992192
 20
-450.960074673442
 40
 5
  0
CIRCLE
 5
 1563
100
AcDbEntity
  8
Coupe_Sens_Horaire
100
AcDbCircle
 62
93
  6
CONTINUOUS
 10
 65.1696166992192
 20
-450.960074673442
 40
 5
  0
CIRCLE
 5
 1564
100
AcDbEntity
  8
Coupe_Sens_Horaire
100
AcDbCircle
 62
93
  6
CONTINUOUS
 10
 81.1696166992192
 20
-450.960074673442
 40
 5
  0
CIRCLE
 5
 1565
100
AcDbEntity
  8
Coupe_Sens_Horaire
100
AcDbCircle
 62
93
  6
CONTINUOUS
 10
 97.1696166992192
 20
-450.960074673442
 40
 5
  0
CIRCLE
 5
 1566
100
AcDbEntity
  8
Coupe_Sens_Horaire
100
AcDbCircle
 62
93
  6
CONTINUOUS
 10
 113.169616699219
 20
-450.960074673442
 40
 5
  0
CIRCLE
 5
 1567
100
AcDbEntity
  8
Coupe_Sens_Horaire
100
AcDbCircle
 62
93
  6
CONTINUOUS
 10
 129.169616699219
 20
-450.960074673442
 40
 5
  0
CIRCLE
 5
 1568
100
AcDbEntity
  8
Coupe_Sens_Horaire
100
AcDbCircle
 62
93
  6
CONTINUOUS
 10
 145.169616699219
 20
-450.960074673442
 40
 5
  0
CIRCLE
 5
 1569
100
AcDbEntity
  8
Coupe_Sens_Horaire
100
AcDbCircle
 62
93
  6
CONTINUOUS
 10
 161.169616699219
 20
-450.960074673442
 40
 5
  0
CIRCLE
 5
 1570
100
AcDbEntity
  8
Coupe_Sens_Horaire
100
AcDbCircle
 62
93
  6
CONTINUOUS
 10
 177.169616699219
 20
-450.960074673442
 40
 5
  0
CIRCLE
 5
 1571
100
AcDbEntity
  8
Coupe_Sens_Horaire
100
AcDbCircle
 62
93
  6
CONTINUOUS
 10
 193.169616699219
 20
-450.960074673442
 40
 5
  0
CIRCLE
 5
 1572
100
AcDbEntity
  8
Coupe_Sens_Horaire
100
AcDbCircle
 62
93
  6
CONTINUOUS
 10
 209.169616699219
 20
-450.960074673442
 40
 5
  0
CIRCLE
 5
 1573
100
AcDbEntity
  8
Coupe_Sens_Horaire
100
AcDbCircle
 62
93
  6
CONTINUOUS
 10
 225.169616699219
 20
-450.960074673442
 40
 5
  0
CIRCLE
 5
 1574
100
AcDbEntity
  8
Coupe_Sens_Horaire
100
AcDbCircle
 62
93
  6
CONTINUOUS
 10
 241.169616699219
 20
-450.960074673442
 40
 5
  0
CIRCLE
 5
 1575
100
AcDbEntity
  8
Coupe_Sens_Horaire
100
AcDbCircle
 62
93
  6
CONTINUOUS
 10
 257.169616699219
 20
-450.960074673442
 40
 5
  0
CIRCLE
 5
 1576
100
AcDbEntity
  8
Coupe_Sens_Horaire
100
AcDbCircle
 62
93
  6
CONTINUOUS
 10
 273.169616699219
 20
-450.960074673442
 40
 5
  0
CIRCLE
 5
 1577
100
AcDbEntity
  8
Coupe_Sens_Horaire
100
AcDbCircle
 62
93
  6
CONTINUOUS
 10
 289.169616699219
 20
-450.960074673442
 40
 5
  0
CIRCLE
 5
 1578
100
AcDbEntity
  8
Coupe_Sens_Horaire
100
AcDbCircle
 62
93
  6
CONTINUOUS
 10
 305.169616699219
 20
-450.960074673442
 40
 5
  0
CIRCLE
 5
 1579
100
AcDbEntity
  8
Coupe_Sens_Horaire
100
AcDbCircle
 62
93
  6
CONTINUOUS
 10
 321.169616699219
 20
-450.960074673442
 40
 5
  0
CIRCLE
 5
 1580
100
AcDbEntity
  8
Coupe_Sens_Horaire
100
AcDbCircle
 62
93
  6
CONTINUOUS
 10
 337.169616699219
 20
-450.960074673442
 40
 5
  0
CIRCLE
 5
 1581
100
AcDbEntity
  8
Coupe_Sens_Horaire
100
AcDbCircle
 62
93
  6
CONTINUOUS
 10
 353.169616699219
 20
-450.960074673442
 40
 5
  0
CIRCLE
 5
 1582
100
AcDbEntity
  8
Coupe_Sens_Horaire
100
AcDbCircle
 62
93
  6
CONTINUOUS
 10
 369.169616699219
 20
-450.960074673442
 40
 5
  0
CIRCLE
 5
 1583
100
AcDbEntity
  8
Coupe_Sens_Horaire
100
AcDbCircle
 62
93
  6
CONTINUOUS
 10
 385.169616699219
 20
-450.960074673442
 40
 5
  0
CIRCLE
 5
 1584
100
AcDbEntity
  8
Coupe_Sens_Horaire
100
AcDbCircle
 62
93
  6
CONTINUOUS
 10
 401.169616699219
 20
-450.960074673442
 40
 5
  0
CIRCLE
 5
 1585
100
AcDbEntity
  8
Coupe_Sens_Horaire
100
AcDbCircle
 62
93
  6
CONTINUOUS
 10
 417.169616699219
 20
-450.960074673442
 40
 5
  0
CIRCLE
 5
 1586
100
AcDbEntity
  8
Coupe_Sens_Horaire
100
AcDbCircle
 62
93
  6
CONTINUOUS
 10
 433.169616699219
 20
-450.960074673442
 40
 5
  0
CIRCLE
 5
 1587
100
AcDbEntity
  8
Coupe_Sens_Horaire
100
AcDbCircle
 62
93
  6
CONTINUOUS
 10
 449.169616699219
 20
-450.960074673442
 40
 5
  0
CIRCLE
 5
 1588
100
AcDbEntity
  8
Coupe_Sens_Horaire
100
AcDbCircle
 62
93
  6
CONTINUOUS
 10
 465.169616699219
 20
-450.960074673442
 40
 5
  0
CIRCLE
 5
 1589
100
AcDbEntity
  8
Coupe_Sens_Horaire
100
AcDbCircle
 62
93
  6
CONTINUOUS
 10
 481.169616699219
 20
-450.960074673442
 40
 5
  0
CIRCLE
 5
 1590
100
AcDbEntity
  8
Coupe_Sens_Horaire
100
AcDbCircle
 62
93
  6
CONTINUOUS
 10
 497.169616699219
 20
-450.960074673442
 40
 5
  0
CIRCLE
 5
 1591
100
AcDbEntity
  8
Coupe_Sens_Horaire
100
AcDbCircle
 62
93
  6
CONTINUOUS
 10
 513.169616699219
 20
-450.960074673442
 40
 5
  0
CIRCLE
 5
 1592
100
AcDbEntity
  8
Coupe_Sens_Horaire
100
AcDbCircle
 62
93
  6
CONTINUOUS
 10
 529.169616699219
 20
-450.960074673442
 40
 5
  0
CIRCLE
 5
 1593
100
AcDbEntity
  8
Coupe_Sens_Horaire
100
AcDbCircle
 62
93
  6
CONTINUOUS
 10
 545.169616699219
 20
-450.960074673442
 40
 5
  0
CIRCLE
 5
 1594
100
AcDbEntity
  8
Coupe_Sens_Horaire
100
AcDbCircle
 62
93
  6
CONTINUOUS
 10
 561.169616699219
 20
-450.960074673442
 40
 5
  0
CIRCLE
 5
 1595
100
AcDbEntity
  8
Coupe_Sens_Horaire
100
AcDbCircle
 62
93
  6
CONTINUOUS
 10
 577.169616699219
 20
-450.960074673442
 40
 5
  0
CIRCLE
 5
 1596
100
AcDbEntity
  8
Coupe_Sens_Horaire
100
AcDbCircle
 62
93
  6
CONTINUOUS
 10
 593.169616699219
 20
-450.960074673442
 40
 5
  0
CIRCLE
 5
 1597
100
AcDbEntity
  8
Coupe_Sens_Horaire
100
AcDbCircle
 62
93
  6
CONTINUOUS
 10
 1.16961684844409
 20
-450.960074845752
 40
 5
  0
CIRCLE
 5
 1598
100
AcDbEntity
  8
Coupe_Sens_Horaire
100
AcDbCircle
 62
93
  6
CONTINUOUS
 10
-14.8303831515559
 20
-450.960075018062
 40
 5
  0
CIRCLE
 5
 1599
100
AcDbEntity
  8
Coupe_Sens_Horaire
100
AcDbCircle
 62
93
  6
CONTINUOUS
 10
-30.8303831515559
 20
-450.960075190372
 40
 5
  0
CIRCLE
 5
 1600
100
AcDbEntity
  8
Coupe_Sens_Horaire
100
AcDbCircle
 62
93
  6
CONTINUOUS
 10
-46.8303831515559
 20
-450.960075362682
 40
 5
  0
CIRCLE
 5
 1601
100
AcDbEntity
  8
Coupe_Sens_Horaire
100
AcDbCircle
 62
93
  6
CONTINUOUS
 10
-62.8303831515559
 20
-450.960075534992
 40
 5
  0
CIRCLE
 5
 1602
100
AcDbEntity
  8
Coupe_Sens_Horaire
100
AcDbCircle
 62
93
  6
CONTINUOUS
 10
-78.8303831515564
 20
-450.960075707302
 40
 5
  0
CIRCLE
 5
 1603
100
AcDbEntity
  8
Coupe_Sens_Horaire
100
AcDbCircle
 62
93
  6
CONTINUOUS
 10
-94.8303831515564
 20
-450.960075879612
 40
 5
  0
CIRCLE
 5
 1604
100
AcDbEntity
  8
Coupe_Sens_Horaire
100
AcDbCircle
 62
93
  6
CONTINUOUS
 10
-110.830383151556
 20
-450.960076051922
 40
 5
  0
CIRCLE
 5
 1605
100
AcDbEntity
  8
Coupe_Sens_Horaire
100
AcDbCircle
 62
93
  6
CONTINUOUS
 10
-126.830383151556
 20
-450.960076224232
 40
 5
  0
CIRCLE
 5
 1606
100
AcDbEntity
  8
Coupe_Sens_Horaire
100
AcDbCircle
 62
93
  6
CONTINUOUS
 10
-142.830383151556
 20
-450.960076396542
 40
 5
  0
CIRCLE
 5
 1607
100
AcDbEntity
  8
Coupe_Sens_Horaire
100
AcDbCircle
 62
93
  6
CONTINUOUS
 10
-158.830383151556
 20
-450.960076568852
 40
 5
  0
CIRCLE
 5
 1608
100
AcDbEntity
  8
Coupe_Sens_Horaire
100
AcDbCircle
 62
93
  6
CONTINUOUS
 10
-174.830383151556
 20
-450.960076741162
 40
 5
  0
CIRCLE
 5
 1609
100
AcDbEntity
  8
Coupe_Sens_Horaire
100
AcDbCircle
 62
93
  6
CONTINUOUS
 10
-190.830383151556
 20
-450.960076913472
 40
 5
  0
CIRCLE
 5
 1610
100
AcDbEntity
  8
Coupe_Sens_Horaire
100
AcDbCircle
 62
93
  6
CONTINUOUS
 10
-206.830383151556
 20
-450.960077085783
 40
 5
  0
CIRCLE
 5
 1611
100
AcDbEntity
  8
Coupe_Sens_Horaire
100
AcDbCircle
 62
93
  6
CONTINUOUS
 10
-222.830383151556
 20
-450.960077258093
 40
 5
  0
CIRCLE
 5
 1612
100
AcDbEntity
  8
Coupe_Sens_Horaire
100
AcDbCircle
 62
93
  6
CONTINUOUS
 10
-238.830383151556
 20
-450.960077430403
 40
 5
  0
CIRCLE
 5
 1613
100
AcDbEntity
  8
Coupe_Sens_Horaire
100
AcDbCircle
 62
93
  6
CONTINUOUS
 10
-254.830383151556
 20
-450.960077602713
 40
 5
  0
CIRCLE
 5
 1614
100
AcDbEntity
  8
Coupe_Sens_Horaire
100
AcDbCircle
 62
93
  6
CONTINUOUS
 10
-270.830383151556
 20
-450.960077775023
 40
 5
  0
CIRCLE
 5
 1615
100
AcDbEntity
  8
Coupe_Sens_Horaire
100
AcDbCircle
 62
93
  6
CONTINUOUS
 10
-286.830383151556
 20
-450.960077947333
 40
 5
  0
CIRCLE
 5
 1616
100
AcDbEntity
  8
Coupe_Sens_Horaire
100
AcDbCircle
 62
93
  6
CONTINUOUS
 10
-302.830383151556
 20
-450.960078119643
 40
 5
  0
CIRCLE
 5
 1617
100
AcDbEntity
  8
Coupe_Sens_Horaire
100
AcDbCircle
 62
93
  6
CONTINUOUS
 10
-318.830383151556
 20
-450.960078291953
 40
 5
  0
CIRCLE
 5
 1618
100
AcDbEntity
  8
Coupe_Sens_Horaire
100
AcDbCircle
 62
93
  6
CONTINUOUS
 10
-334.830383151556
 20
-450.960078464263
 40
 5
  0
CIRCLE
 5
 1619
100
AcDbEntity
  8
Coupe_Sens_Horaire
100
AcDbCircle
 62
93
  6
CONTINUOUS
 10
-350.830383151556
 20
-450.960078636573
 40
 5
  0
CIRCLE
 5
 1620
100
AcDbEntity
  8
Coupe_Sens_Horaire
100
AcDbCircle
 62
93
  6
CONTINUOUS
 10
-366.830383151556
 20
-450.960078808883
 40
 5
  0
CIRCLE
 5
 1621
100
AcDbEntity
  8
Coupe_Sens_Horaire
100
AcDbCircle
 62
93
  6
CONTINUOUS
 10
-382.830383151556
 20
-450.960078981193
 40
 5
  0
CIRCLE
 5
 1622
100
AcDbEntity
  8
Coupe_Sens_Horaire
100
AcDbCircle
 62
93
  6
CONTINUOUS
 10
-398.830383151556
 20
-450.960079153503
 40
 5
  0
CIRCLE
 5
 1623
100
AcDbEntity
  8
Coupe_Sens_Horaire
100
AcDbCircle
 62
93
  6
CONTINUOUS
 10
-414.830383151556
 20
-450.960079325814
 40
 5
  0
CIRCLE
 5
 1624
100
AcDbEntity
  8
Coupe_Sens_Horaire
100
AcDbCircle
 62
93
  6
CONTINUOUS
 10
-430.830383151556
 20
-450.960079498123
 40
 5
  0
CIRCLE
 5
 1625
100
AcDbEntity
  8
Coupe_Sens_Horaire
100
AcDbCircle
 62
93
  6
CONTINUOUS
 10
-446.830383151556
 20
-450.960079670433
 40
 5
  0
CIRCLE
 5
 1626
100
AcDbEntity
  8
Coupe_Sens_Horaire
100
AcDbCircle
 62
93
  6
CONTINUOUS
 10
-462.830383151556
 20
-450.960079842744
 40
 5
  0
CIRCLE
 5
 1627
100
AcDbEntity
  8
Coupe_Sens_Horaire
100
AcDbCircle
 62
93
  6
CONTINUOUS
 10
-478.830383151556
 20
-450.960080015054
 40
 5
  0
CIRCLE
 5
 1628
100
AcDbEntity
  8
Coupe_Sens_Horaire
100
AcDbCircle
 62
93
  6
CONTINUOUS
 10
-494.830383151556
 20
-450.960080187364
 40
 5
  0
CIRCLE
 5
 1629
100
AcDbEntity
  8
Coupe_Sens_Horaire
100
AcDbCircle
 62
93
  6
CONTINUOUS
 10
-510.830383151556
 20
-450.960080359674
 40
 5
  0
CIRCLE
 5
 1630
100
AcDbEntity
  8
Coupe_Sens_Horaire
100
AcDbCircle
 62
93
  6
CONTINUOUS
 10
-526.830383151556
 20
-450.960080531984
 40
 5
  0
CIRCLE
 5
 1631
100
AcDbEntity
  8
Coupe_Sens_Horaire
100
AcDbCircle
 62
93
  6
CONTINUOUS
 10
-542.830383151556
 20
-450.960080704294
 40
 5
  0
CIRCLE
 5
 1632
100
AcDbEntity
  8
Coupe_Sens_Horaire
100
AcDbCircle
 62
93
  6
CONTINUOUS
 10
-558.830383151556
 20
-450.960080876604
 40
 5
  0
CIRCLE
 5
 1633
100
AcDbEntity
  8
Coupe_Sens_Horaire
100
AcDbCircle
 62
93
  6
CONTINUOUS
 10
 17.1696166992192
 20
-450.960074673442
 40
 5
  0
CIRCLE
 5
 1634
100
AcDbEntity
  8
Coupe_Sens_Horaire
100
AcDbCircle
 62
93
  6
CONTINUOUS
 10
 25.1696166992192
 20
-464.816481133993
 40
 5
  0
CIRCLE
 5
 1635
100
AcDbEntity
  8
Coupe_Sens_Horaire
100
AcDbCircle
 62
93
  6
CONTINUOUS
 10
 25.1696166992192
 20
-492.529294055095
 40
 5
  0
CIRCLE
 5
 1636
100
AcDbEntity
  8
Coupe_Sens_Horaire
100
AcDbCircle
 62
93
  6
CONTINUOUS
 10
 25.1696166992192
 20
-520.242106976197
 40
 5
  0
CIRCLE
 5
 1637
100
AcDbEntity
  8
Coupe_Sens_Horaire
100
AcDbCircle
 62
93
  6
CONTINUOUS
 10
 25.1696166992192
 20
-547.954919897299
 40
 5
  0
CIRCLE
 5
 1638
100
AcDbEntity
  8
Coupe_Sens_Horaire
100
AcDbCircle
 62
93
  6
CONTINUOUS
 10
 25.1696166992192
 20
-575.667732818401
 40
 5
  0
CIRCLE
 5
 1639
100
AcDbEntity
  8
Coupe_Sens_Horaire
100
AcDbCircle
 62
93
  6
CONTINUOUS
 10
 25.1696166992192
 20
-603.380545739503
 40
 5
  0
CIRCLE
 5
 1640
100
AcDbEntity
  8
Coupe_Sens_Horaire
100
AcDbCircle
 62
93
  6
CONTINUOUS
 10
 25.1696166992192
 20
-631.093358660606
 40
 5
  0
CIRCLE
 5
 1641
100
AcDbEntity
  8
Coupe_Sens_Horaire
100
AcDbCircle
 62
93
  6
CONTINUOUS
 10
 25.1696166992192
 20
-658.806171581708
 40
 5
  0
CIRCLE
 5
 1642
100
AcDbEntity
  8
Coupe_Sens_Horaire
100
AcDbCircle
 62
93
  6
CONTINUOUS
 10
 41.1696166992192
 20
-464.816481133993
 40
 5
  0
CIRCLE
 5
 1643
100
AcDbEntity
  8
Coupe_Sens_Horaire
100
AcDbCircle
 62
93
  6
CONTINUOUS
 10
 41.1696166992192
 20
-492.529294055095
 40
 5
  0
CIRCLE
 5
 1644
100
AcDbEntity
  8
Coupe_Sens_Horaire
100
AcDbCircle
 62
93
  6
CONTINUOUS
 10
 41.1696166992192
 20
-520.242106976197
 40
 5
  0
CIRCLE
 5
 1645
100
AcDbEntity
  8
Coupe_Sens_Horaire
100
AcDbCircle
 62
93
  6
CONTINUOUS
 10
 41.1696166992192
 20
-547.954919897299
 40
 5
  0
CIRCLE
 5
 1646
100
AcDbEntity
  8
Coupe_Sens_Horaire
100
AcDbCircle
 62
93
  6
CONTINUOUS
 10
 41.1696166992192
 20
-575.667732818401
 40
 5
  0
CIRCLE
 5
 1647
100
AcDbEntity
  8
Coupe_Sens_Horaire
100
AcDbCircle
 62
93
  6
CONTINUOUS
 10
 41.1696166992192
 20
-603.380545739503
 40
 5
  0
CIRCLE
 5
 1648
100
AcDbEntity
  8
Coupe_Sens_Horaire
100
AcDbCircle
 62
93
  6
CONTINUOUS
 10
 41.1696166992192
 20
-631.093358660606
 40
 5
  0
CIRCLE
 5
 1649
100
AcDbEntity
  8
Coupe_Sens_Horaire
100
AcDbCircle
 62
93
  6
CONTINUOUS
 10
 41.1696166992192
 20
-658.806171581708
 40
 5
  0
CIRCLE
 5
 1650
100
AcDbEntity
  8
Coupe_Sens_Horaire
100
AcDbCircle
 62
93
  6
CONTINUOUS
 10
 57.1696166992192
 20
-464.816481133993
 40
 5
  0
CIRCLE
 5
 1651
100
AcDbEntity
  8
Coupe_Sens_Horaire
100
AcDbCircle
 62
93
  6
CONTINUOUS
 10
 57.1696166992192
 20
-492.529294055095
 40
 5
  0
CIRCLE
 5
 1652
100
AcDbEntity
  8
Coupe_Sens_Horaire
100
AcDbCircle
 62
93
  6
CONTINUOUS
 10
 57.1696166992192
 20
-520.242106976197
 40
 5
  0
CIRCLE
 5
 1653
100
AcDbEntity
  8
Coupe_Sens_Horaire
100
AcDbCircle
 62
93
  6
CONTINUOUS
 10
 57.1696166992192
 20
-547.954919897299
 40
 5
  0
CIRCLE
 5
 1654
100
AcDbEntity
  8
Coupe_Sens_Horaire
100
AcDbCircle
 62
93
  6
CONTINUOUS
 10
 57.1696166992192
 20
-575.667732818401
 40
 5
  0
CIRCLE
 5
 1655
100
AcDbEntity
  8
Coupe_Sens_Horaire
100
AcDbCircle
 62
93
  6
CONTINUOUS
 10
 57.1696166992192
 20
-603.380545739503
 40
 5
  0
CIRCLE
 5
 1656
100
AcDbEntity
  8
Coupe_Sens_Horaire
100
AcDbCircle
 62
93
  6
CONTINUOUS
 10
 57.1696166992192
 20
-631.093358660606
 40
 5
  0
CIRCLE
 5
 1657
100
AcDbEntity
  8
Coupe_Sens_Horaire
100
AcDbCircle
 62
93
  6
CONTINUOUS
 10
 57.1696166992192
 20
-658.806171581708
 40
 5
  0
CIRCLE
 5
 1658
100
AcDbEntity
  8
Coupe_Sens_Horaire
100
AcDbCircle
 62
93
  6
CONTINUOUS
 10
 73.1696166992192
 20
-464.816481133993
 40
 5
  0
CIRCLE
 5
 1659
100
AcDbEntity
  8
Coupe_Sens_Horaire
100
AcDbCircle
 62
93
  6
CONTINUOUS
 10
 73.1696166992192
 20
-492.529294055095
 40
 5
  0
CIRCLE
 5
 1660
100
AcDbEntity
  8
Coupe_Sens_Horaire
100
AcDbCircle
 62
93
  6
CONTINUOUS
 10
 73.1696166992192
 20
-520.242106976197
 40
 5
  0
CIRCLE
 5
 1661
100
AcDbEntity
  8
Coupe_Sens_Horaire
100
AcDbCircle
 62
93
  6
CONTINUOUS
 10
 73.1696166992192
 20
-547.954919897299
 40
 5
  0
CIRCLE
 5
 1662
100
AcDbEntity
  8
Coupe_Sens_Horaire
100
AcDbCircle
 62
93
  6
CONTINUOUS
 10
 73.1696166992192
 20
-575.667732818401
 40
 5
  0
CIRCLE
 5
 1663
100
AcDbEntity
  8
Coupe_Sens_Horaire
100
AcDbCircle
 62
93
  6
CONTINUOUS
 10
 73.1696166992192
 20
-603.380545739503
 40
 5
  0
CIRCLE
 5
 1664
100
AcDbEntity
  8
Coupe_Sens_Horaire
100
AcDbCircle
 62
93
  6
CONTINUOUS
 10
 73.1696166992192
 20
-631.093358660606
 40
 5
  0
CIRCLE
 5
 1665
100
AcDbEntity
  8
Coupe_Sens_Horaire
100
AcDbCircle
 62
93
  6
CONTINUOUS
 10
 73.1696166992192
 20
-658.806171581708
 40
 5
  0
CIRCLE
 5
 1666
100
AcDbEntity
  8
Coupe_Sens_Horaire
100
AcDbCircle
 62
93
  6
CONTINUOUS
 10
 89.1696166992192
 20
-464.816481133993
 40
 5
  0
CIRCLE
 5
 1667
100
AcDbEntity
  8
Coupe_Sens_Horaire
100
AcDbCircle
 62
93
  6
CONTINUOUS
 10
 89.1696166992192
 20
-492.529294055095
 40
 5
  0
CIRCLE
 5
 1668
100
AcDbEntity
  8
Coupe_Sens_Horaire
100
AcDbCircle
 62
93
  6
CONTINUOUS
 10
 89.1696166992192
 20
-520.242106976197
 40
 5
  0
CIRCLE
 5
 1669
100
AcDbEntity
  8
Coupe_Sens_Horaire
100
AcDbCircle
 62
93
  6
CONTINUOUS
 10
 89.1696166992192
 20
-547.954919897299
 40
 5
  0
CIRCLE
 5
 1670
100
AcDbEntity
  8
Coupe_Sens_Horaire
100
AcDbCircle
 62
93
  6
CONTINUOUS
 10
 89.1696166992192
 20
-575.667732818401
 40
 5
  0
CIRCLE
 5
 1671
100
AcDbEntity
  8
Coupe_Sens_Horaire
100
AcDbCircle
 62
93
  6
CONTINUOUS
 10
 89.1696166992192
 20
-603.380545739503
 40
 5
  0
CIRCLE
 5
 1672
100
AcDbEntity
  8
Coupe_Sens_Horaire
100
AcDbCircle
 62
93
  6
CONTINUOUS
 10
 89.1696166992192
 20
-631.093358660606
 40
 5
  0
CIRCLE
 5
 1673
100
AcDbEntity
  8
Coupe_Sens_Horaire
100
AcDbCircle
 62
93
  6
CONTINUOUS
 10
 89.1696166992192
 20
-658.806171581708
 40
 5
  0
CIRCLE
 5
 1674
100
AcDbEntity
  8
Coupe_Sens_Horaire
100
AcDbCircle
 62
93
  6
CONTINUOUS
 10
 105.169616699219
 20
-464.816481133993
 40
 5
  0
CIRCLE
 5
 1675
100
AcDbEntity
  8
Coupe_Sens_Horaire
100
AcDbCircle
 62
93
  6
CONTINUOUS
 10
 105.169616699219
 20
-492.529294055095
 40
 5
  0
CIRCLE
 5
 1676
100
AcDbEntity
  8
Coupe_Sens_Horaire
100
AcDbCircle
 62
93
  6
CONTINUOUS
 10
 105.169616699219
 20
-520.242106976197
 40
 5
  0
CIRCLE
 5
 1677
100
AcDbEntity
  8
Coupe_Sens_Horaire
100
AcDbCircle
 62
93
  6
CONTINUOUS
 10
 105.169616699219
 20
-547.954919897299
 40
 5
  0
CIRCLE
 5
 1678
100
AcDbEntity
  8
Coupe_Sens_Horaire
100
AcDbCircle
 62
93
  6
CONTINUOUS
 10
 105.169616699219
 20
-575.667732818401
 40
 5
  0
CIRCLE
 5
 1679
100
AcDbEntity
  8
Coupe_Sens_Horaire
100
AcDbCircle
 62
93
  6
CONTINUOUS
 10
 105.169616699219
 20
-603.380545739503
 40
 5
  0
CIRCLE
 5
 1680
100
AcDbEntity
  8
Coupe_Sens_Horaire
100
AcDbCircle
 62
93
  6
CONTINUOUS
 10
 105.169616699219
 20
-631.093358660606
 40
 5
  0
CIRCLE
 5
 1681
100
AcDbEntity
  8
Coupe_Sens_Horaire
100
AcDbCircle
 62
93
  6
CONTINUOUS
 10
 105.169616699219
 20
-658.806171581708
 40
 5
  0
CIRCLE
 5
 1682
100
AcDbEntity
  8
Coupe_Sens_Horaire
100
AcDbCircle
 62
93
  6
CONTINUOUS
 10
 121.169616699219
 20
-464.816481133993
 40
 5
  0
CIRCLE
 5
 1683
100
AcDbEntity
  8
Coupe_Sens_Horaire
100
AcDbCircle
 62
93
  6
CONTINUOUS
 10
 121.169616699219
 20
-492.529294055095
 40
 5
  0
CIRCLE
 5
 1684
100
AcDbEntity
  8
Coupe_Sens_Horaire
100
AcDbCircle
 62
93
  6
CONTINUOUS
 10
 121.169616699219
 20
-520.242106976197
 40
 5
  0
CIRCLE
 5
 1685
100
AcDbEntity
  8
Coupe_Sens_Horaire
100
AcDbCircle
 62
93
  6
CONTINUOUS
 10
 121.169616699219
 20
-547.954919897299
 40
 5
  0
CIRCLE
 5
 1686
100
AcDbEntity
  8
Coupe_Sens_Horaire
100
AcDbCircle
 62
93
  6
CONTINUOUS
 10
 121.169616699219
 20
-575.667732818401
 40
 5
  0
CIRCLE
 5
 1687
100
AcDbEntity
  8
Coupe_Sens_Horaire
100
AcDbCircle
 62
93
  6
CONTINUOUS
 10
 121.169616699219
 20
-603.380545739503
 40
 5
  0
CIRCLE
 5
 1688
100
AcDbEntity
  8
Coupe_Sens_Horaire
100
AcDbCircle
 62
93
  6
CONTINUOUS
 10
 121.169616699219
 20
-631.093358660606
 40
 5
  0
CIRCLE
 5
 1689
100
AcDbEntity
  8
Coupe_Sens_Horaire
100
AcDbCircle
 62
93
  6
CONTINUOUS
 10
 121.169616699219
 20
-658.806171581708
 40
 5
  0
CIRCLE
 5
 1690
100
AcDbEntity
  8
Coupe_Sens_Horaire
100
AcDbCircle
 62
93
  6
CONTINUOUS
 10
 137.169616699219
 20
-464.816481133993
 40
 5
  0
CIRCLE
 5
 1691
100
AcDbEntity
  8
Coupe_Sens_Horaire
100
AcDbCircle
 62
93
  6
CONTINUOUS
 10
 137.169616699219
 20
-492.529294055095
 40
 5
  0
CIRCLE
 5
 1692
100
AcDbEntity
  8
Coupe_Sens_Horaire
100
AcDbCircle
 62
93
  6
CONTINUOUS
 10
 137.169616699219
 20
-520.242106976197
 40
 5
  0
CIRCLE
 5
 1693
100
AcDbEntity
  8
Coupe_Sens_Horaire
100
AcDbCircle
 62
93
  6
CONTINUOUS
 10
 137.169616699219
 20
-547.954919897299
 40
 5
  0
CIRCLE
 5
 1694
100
AcDbEntity
  8
Coupe_Sens_Horaire
100
AcDbCircle
 62
93
  6
CONTINUOUS
 10
 137.169616699219
 20
-575.667732818401
 40
 5
  0
CIRCLE
 5
 1695
100
AcDbEntity
  8
Coupe_Sens_Horaire
100
AcDbCircle
 62
93
  6
CONTINUOUS
 10
 137.169616699219
 20
-603.380545739503
 40
 5
  0
CIRCLE
 5
 1696
100
AcDbEntity
  8
Coupe_Sens_Horaire
100
AcDbCircle
 62
93
  6
CONTINUOUS
 10
 137.169616699219
 20
-631.093358660606
 40
 5
  0
CIRCLE
 5
 1697
100
AcDbEntity
  8
Coupe_Sens_Horaire
100
AcDbCircle
 62
93
  6
CONTINUOUS
 10
 137.169616699219
 20
-658.806171581708
 40
 5
  0
CIRCLE
 5
 1698
100
AcDbEntity
  8
Coupe_Sens_Horaire
100
AcDbCircle
 62
93
  6
CONTINUOUS
 10
 153.169616699219
 20
-464.816481133993
 40
 5
  0
CIRCLE
 5
 1699
100
AcDbEntity
  8
Coupe_Sens_Horaire
100
AcDbCircle
 62
93
  6
CONTINUOUS
 10
 153.169616699219
 20
-492.529294055095
 40
 5
  0
CIRCLE
 5
 1700
100
AcDbEntity
  8
Coupe_Sens_Horaire
100
AcDbCircle
 62
93
  6
CONTINUOUS
 10
 153.169616699219
 20
-520.242106976197
 40
 5
  0
CIRCLE
 5
 1701
100
AcDbEntity
  8
Coupe_Sens_Horaire
100
AcDbCircle
 62
93
  6
CONTINUOUS
 10
 153.169616699219
 20
-547.954919897299
 40
 5
  0
CIRCLE
 5
 1702
100
AcDbEntity
  8
Coupe_Sens_Horaire
100
AcDbCircle
 62
93
  6
CONTINUOUS
 10
 153.169616699219
 20
-575.667732818401
 40
 5
  0
CIRCLE
 5
 1703
100
AcDbEntity
  8
Coupe_Sens_Horaire
100
AcDbCircle
 62
93
  6
CONTINUOUS
 10
 153.169616699219
 20
-603.380545739503
 40
 5
  0
CIRCLE
 5
 1704
100
AcDbEntity
  8
Coupe_Sens_Horaire
100
AcDbCircle
 62
93
  6
CONTINUOUS
 10
 153.169616699219
 20
-631.093358660606
 40
 5
  0
CIRCLE
 5
 1705
100
AcDbEntity
  8
Coupe_Sens_Horaire
100
AcDbCircle
 62
93
  6
CONTINUOUS
 10
 153.169616699219
 20
-658.806171581708
 40
 5
  0
CIRCLE
 5
 1706
100
AcDbEntity
  8
Coupe_Sens_Horaire
100
AcDbCircle
 62
93
  6
CONTINUOUS
 10
 169.169616699219
 20
-464.816481133993
 40
 5
  0
CIRCLE
 5
 1707
100
AcDbEntity
  8
Coupe_Sens_Horaire
100
AcDbCircle
 62
93
  6
CONTINUOUS
 10
 169.169616699219
 20
-492.529294055095
 40
 5
  0
CIRCLE
 5
 1708
100
AcDbEntity
  8
Coupe_Sens_Horaire
100
AcDbCircle
 62
93
  6
CONTINUOUS
 10
 169.169616699219
 20
-520.242106976197
 40
 5
  0
CIRCLE
 5
 1709
100
AcDbEntity
  8
Coupe_Sens_Horaire
100
AcDbCircle
 62
93
  6
CONTINUOUS
 10
 169.169616699219
 20
-547.954919897299
 40
 5
  0
CIRCLE
 5
 1710
100
AcDbEntity
  8
Coupe_Sens_Horaire
100
AcDbCircle
 62
93
  6
CONTINUOUS
 10
 169.169616699219
 20
-575.667732818401
 40
 5
  0
CIRCLE
 5
 1711
100
AcDbEntity
  8
Coupe_Sens_Horaire
100
AcDbCircle
 62
93
  6
CONTINUOUS
 10
 169.169616699219
 20
-603.380545739503
 40
 5
  0
CIRCLE
 5
 1712
100
AcDbEntity
  8
Coupe_Sens_Horaire
100
AcDbCircle
 62
93
  6
CONTINUOUS
 10
 169.169616699219
 20
-631.093358660606
 40
 5
  0
CIRCLE
 5
 1713
100
AcDbEntity
  8
Coupe_Sens_Horaire
100
AcDbCircle
 62
93
  6
CONTINUOUS
 10
 169.169616699219
 20
-658.806171581708
 40
 5
  0
CIRCLE
 5
 1714
100
AcDbEntity
  8
Coupe_Sens_Horaire
100
AcDbCircle
 62
93
  6
CONTINUOUS
 10
 185.169616699219
 20
-464.816481133993
 40
 5
  0
CIRCLE
 5
 1715
100
AcDbEntity
  8
Coupe_Sens_Horaire
100
AcDbCircle
 62
93
  6
CONTINUOUS
 10
 185.169616699219
 20
-492.529294055095
 40
 5
  0
CIRCLE
 5
 1716
100
AcDbEntity
  8
Coupe_Sens_Horaire
100
AcDbCircle
 62
93
  6
CONTINUOUS
 10
 185.169616699219
 20
-520.242106976197
 40
 5
  0
CIRCLE
 5
 1717
100
AcDbEntity
  8
Coupe_Sens_Horaire
100
AcDbCircle
 62
93
  6
CONTINUOUS
 10
 185.169616699219
 20
-547.954919897299
 40
 5
  0
CIRCLE
 5
 1718
100
AcDbEntity
  8
Coupe_Sens_Horaire
100
AcDbCircle
 62
93
  6
CONTINUOUS
 10
 185.169616699219
 20
-575.667732818401
 40
 5
  0
CIRCLE
 5
 1719
100
AcDbEntity
  8
Coupe_Sens_Horaire
100
AcDbCircle
 62
93
  6
CONTINUOUS
 10
 185.169616699219
 20
-603.380545739503
 40
 5
  0
CIRCLE
 5
 1720
100
AcDbEntity
  8
Coupe_Sens_Horaire
100
AcDbCircle
 62
93
  6
CONTINUOUS
 10
 185.169616699219
 20
-631.093358660606
 40
 5
  0
CIRCLE
 5
 1721
100
AcDbEntity
  8
Coupe_Sens_Horaire
100
AcDbCircle
 62
93
  6
CONTINUOUS
 10
 185.169616699219
 20
-658.806171581708
 40
 5
  0
CIRCLE
 5
 1722
100
AcDbEntity
  8
Coupe_Sens_Horaire
100
AcDbCircle
 62
93
  6
CONTINUOUS
 10
 201.169616699219
 20
-464.816481133993
 40
 5
  0
CIRCLE
 5
 1723
100
AcDbEntity
  8
Coupe_Sens_Horaire
100
AcDbCircle
 62
93
  6
CONTINUOUS
 10
 201.169616699219
 20
-492.529294055095
 40
 5
  0
CIRCLE
 5
 1724
100
AcDbEntity
  8
Coupe_Sens_Horaire
100
AcDbCircle
 62
93
  6
CONTINUOUS
 10
 201.169616699219
 20
-520.242106976197
 40
 5
  0
CIRCLE
 5
 1725
100
AcDbEntity
  8
Coupe_Sens_Horaire
100
AcDbCircle
 62
93
  6
CONTINUOUS
 10
 201.169616699219
 20
-547.954919897299
 40
 5
  0
CIRCLE
 5
 1726
100
AcDbEntity
  8
Coupe_Sens_Horaire
100
AcDbCircle
 62
93
  6
CONTINUOUS
 10
 201.169616699219
 20
-575.667732818401
 40
 5
  0
CIRCLE
 5
 1727
100
AcDbEntity
  8
Coupe_Sens_Horaire
100
AcDbCircle
 62
93
  6
CONTINUOUS
 10
 201.169616699219
 20
-603.380545739503
 40
 5
  0
CIRCLE
 5
 1728
100
AcDbEntity
  8
Coupe_Sens_Horaire
100
AcDbCircle
 62
93
  6
CONTINUOUS
 10
 201.169616699219
 20
-631.093358660606
 40
 5
  0
CIRCLE
 5
 1729
100
AcDbEntity
  8
Coupe_Sens_Horaire
100
AcDbCircle
 62
93
  6
CONTINUOUS
 10
 201.169616699219
 20
-658.806171581708
 40
 5
  0
CIRCLE
 5
 1730
100
AcDbEntity
  8
Coupe_Sens_Horaire
100
AcDbCircle
 62
93
  6
CONTINUOUS
 10
 217.169616699219
 20
-464.816481133993
 40
 5
  0
CIRCLE
 5
 1731
100
AcDbEntity
  8
Coupe_Sens_Horaire
100
AcDbCircle
 62
93
  6
CONTINUOUS
 10
 217.169616699219
 20
-492.529294055095
 40
 5
  0
CIRCLE
 5
 1732
100
AcDbEntity
  8
Coupe_Sens_Horaire
100
AcDbCircle
 62
93
  6
CONTINUOUS
 10
 217.169616699219
 20
-520.242106976197
 40
 5
  0
CIRCLE
 5
 1733
100
AcDbEntity
  8
Coupe_Sens_Horaire
100
AcDbCircle
 62
93
  6
CONTINUOUS
 10
 217.169616699219
 20
-547.954919897299
 40
 5
  0
CIRCLE
 5
 1734
100
AcDbEntity
  8
Coupe_Sens_Horaire
100
AcDbCircle
 62
93
  6
CONTINUOUS
 10
 217.169616699219
 20
-575.667732818401
 40
 5
  0
CIRCLE
 5
 1735
100
AcDbEntity
  8
Coupe_Sens_Horaire
100
AcDbCircle
 62
93
  6
CONTINUOUS
 10
 217.169616699219
 20
-603.380545739503
 40
 5
  0
CIRCLE
 5
 1736
100
AcDbEntity
  8
Coupe_Sens_Horaire
100
AcDbCircle
 62
93
  6
CONTINUOUS
 10
 217.169616699219
 20
-631.093358660606
 40
 5
  0
CIRCLE
 5
 1737
100
AcDbEntity
  8
Coupe_Sens_Horaire
100
AcDbCircle
 62
93
  6
CONTINUOUS
 10
 217.169616699219
 20
-658.806171581708
 40
 5
  0
CIRCLE
 5
 1738
100
AcDbEntity
  8
Coupe_Sens_Horaire
100
AcDbCircle
 62
93
  6
CONTINUOUS
 10
 233.169616699219
 20
-464.816481133993
 40
 5
  0
CIRCLE
 5
 1739
100
AcDbEntity
  8
Coupe_Sens_Horaire
100
AcDbCircle
 62
93
  6
CONTINUOUS
 10
 233.169616699219
 20
-492.529294055095
 40
 5
  0
CIRCLE
 5
 1740
100
AcDbEntity
  8
Coupe_Sens_Horaire
100
AcDbCircle
 62
93
  6
CONTINUOUS
 10
 233.169616699219
 20
-520.242106976197
 40
 5
  0
CIRCLE
 5
 1741
100
AcDbEntity
  8
Coupe_Sens_Horaire
100
AcDbCircle
 62
93
  6
CONTINUOUS
 10
 233.169616699219
 20
-547.954919897299
 40
 5
  0
CIRCLE
 5
 1742
100
AcDbEntity
  8
Coupe_Sens_Horaire
100
AcDbCircle
 62
93
  6
CONTINUOUS
 10
 233.169616699219
 20
-575.667732818401
 40
 5
  0
CIRCLE
 5
 1743
100
AcDbEntity
  8
Coupe_Sens_Horaire
100
AcDbCircle
 62
93
  6
CONTINUOUS
 10
 233.169616699219
 20
-603.380545739503
 40
 5
  0
CIRCLE
 5
 1744
100
AcDbEntity
  8
Coupe_Sens_Horaire
100
AcDbCircle
 62
93
  6
CONTINUOUS
 10
 233.169616699219
 20
-631.093358660606
 40
 5
  0
CIRCLE
 5
 1745
100
AcDbEntity
  8
Coupe_Sens_Horaire
100
AcDbCircle
 62
93
  6
CONTINUOUS
 10
 233.169616699219
 20
-658.806171581708
 40
 5
  0
CIRCLE
 5
 1746
100
AcDbEntity
  8
Coupe_Sens_Horaire
100
AcDbCircle
 62
93
  6
CONTINUOUS
 10
 249.169616699219
 20
-464.816481133993
 40
 5
  0
CIRCLE
 5
 1747
100
AcDbEntity
  8
Coupe_Sens_Horaire
100
AcDbCircle
 62
93
  6
CONTINUOUS
 10
 249.169616699219
 20
-492.529294055095
 40
 5
  0
CIRCLE
 5
 1748
100
AcDbEntity
  8
Coupe_Sens_Horaire
100
AcDbCircle
 62
93
  6
CONTINUOUS
 10
 249.169616699219
 20
-520.242106976197
 40
 5
  0
CIRCLE
 5
 1749
100
AcDbEntity
  8
Coupe_Sens_Horaire
100
AcDbCircle
 62
93
  6
CONTINUOUS
 10
 249.169616699219
 20
-547.954919897299
 40
 5
  0
CIRCLE
 5
 1750
100
AcDbEntity
  8
Coupe_Sens_Horaire
100
AcDbCircle
 62
93
  6
CONTINUOUS
 10
 249.169616699219
 20
-575.667732818401
 40
 5
  0
CIRCLE
 5
 1751
100
AcDbEntity
  8
Coupe_Sens_Horaire
100
AcDbCircle
 62
93
  6
CONTINUOUS
 10
 249.169616699219
 20
-603.380545739503
 40
 5
  0
CIRCLE
 5
 1752
100
AcDbEntity
  8
Coupe_Sens_Horaire
100
AcDbCircle
 62
93
  6
CONTINUOUS
 10
 249.169616699219
 20
-631.093358660606
 40
 5
  0
CIRCLE
 5
 1753
100
AcDbEntity
  8
Coupe_Sens_Horaire
100
AcDbCircle
 62
93
  6
CONTINUOUS
 10
 249.169616699219
 20
-658.806171581708
 40
 5
  0
CIRCLE
 5
 1754
100
AcDbEntity
  8
Coupe_Sens_Horaire
100
AcDbCircle
 62
93
  6
CONTINUOUS
 10
 265.169616699219
 20
-464.816481133993
 40
 5
  0
CIRCLE
 5
 1755
100
AcDbEntity
  8
Coupe_Sens_Horaire
100
AcDbCircle
 62
93
  6
CONTINUOUS
 10
 265.169616699219
 20
-492.529294055095
 40
 5
  0
CIRCLE
 5
 1756
100
AcDbEntity
  8
Coupe_Sens_Horaire
100
AcDbCircle
 62
93
  6
CONTINUOUS
 10
 265.169616699219
 20
-520.242106976197
 40
 5
  0
CIRCLE
 5
 1757
100
AcDbEntity
  8
Coupe_Sens_Horaire
100
AcDbCircle
 62
93
  6
CONTINUOUS
 10
 265.169616699219
 20
-547.954919897299
 40
 5
  0
CIRCLE
 5
 1758
100
AcDbEntity
  8
Coupe_Sens_Horaire
100
AcDbCircle
 62
93
  6
CONTINUOUS
 10
 265.169616699219
 20
-575.667732818401
 40
 5
  0
CIRCLE
 5
 1759
100
AcDbEntity
  8
Coupe_Sens_Horaire
100
AcDbCircle
 62
93
  6
CONTINUOUS
 10
 265.169616699219
 20
-603.380545739503
 40
 5
  0
CIRCLE
 5
 1760
100
AcDbEntity
  8
Coupe_Sens_Horaire
100
AcDbCircle
 62
93
  6
CONTINUOUS
 10
 265.169616699219
 20
-631.093358660606
 40
 5
  0
CIRCLE
 5
 1761
100
AcDbEntity
  8
Coupe_Sens_Horaire
100
AcDbCircle
 62
93
  6
CONTINUOUS
 10
 265.169616699219
 20
-658.806171581708
 40
 5
  0
CIRCLE
 5
 1762
100
AcDbEntity
  8
Coupe_Sens_Horaire
100
AcDbCircle
 62
93
  6
CONTINUOUS
 10
 281.169616699219
 20
-464.816481133993
 40
 5
  0
CIRCLE
 5
 1763
100
AcDbEntity
  8
Coupe_Sens_Horaire
100
AcDbCircle
 62
93
  6
CONTINUOUS
 10
 281.169616699219
 20
-492.529294055095
 40
 5
  0
CIRCLE
 5
 1764
100
AcDbEntity
  8
Coupe_Sens_Horaire
100
AcDbCircle
 62
93
  6
CONTINUOUS
 10
 281.169616699219
 20
-520.242106976197
 40
 5
  0
CIRCLE
 5
 1765
100
AcDbEntity
  8
Coupe_Sens_Horaire
100
AcDbCircle
 62
93
  6
CONTINUOUS
 10
 281.169616699219
 20
-547.954919897299
 40
 5
  0
CIRCLE
 5
 1766
100
AcDbEntity
  8
Coupe_Sens_Horaire
100
AcDbCircle
 62
93
  6
CONTINUOUS
 10
 281.169616699219
 20
-603.380545739503
 40
 5
  0
CIRCLE
 5
 1767
100
AcDbEntity
  8
Coupe_Sens_Horaire
100
AcDbCircle
 62
93
  6
CONTINUOUS
 10
 281.169616699219
 20
-631.093358660606
 40
 5
  0
CIRCLE
 5
 1768
100
AcDbEntity
  8
Coupe_Sens_Horaire
100
AcDbCircle
 62
93
  6
CONTINUOUS
 10
 281.169616699219
 20
-658.806171581708
 40
 5
  0
CIRCLE
 5
 1769
100
AcDbEntity
  8
Coupe_Sens_Horaire
100
AcDbCircle
 62
93
  6
CONTINUOUS
 10
 297.169616699219
 20
-464.816481133993
 40
 5
  0
CIRCLE
 5
 1770
100
AcDbEntity
  8
Coupe_Sens_Horaire
100
AcDbCircle
 62
93
  6
CONTINUOUS
 10
 297.169616699219
 20
-492.529294055095
 40
 5
  0
CIRCLE
 5
 1771
100
AcDbEntity
  8
Coupe_Sens_Horaire
100
AcDbCircle
 62
93
  6
CONTINUOUS
 10
 297.169616699219
 20
-520.242106976197
 40
 5
  0
CIRCLE
 5
 1772
100
AcDbEntity
  8
Coupe_Sens_Horaire
100
AcDbCircle
 62
93
  6
CONTINUOUS
 10
 297.169616699219
 20
-547.954919897299
 40
 5
  0
CIRCLE
 5
 1773
100
AcDbEntity
  8
Coupe_Sens_Horaire
100
AcDbCircle
 62
93
  6
CONTINUOUS
 10
 297.169616699219
 20
-603.380545739503
 40
 5
  0
CIRCLE
 5
 1774
100
AcDbEntity
  8
Coupe_Sens_Horaire
100
AcDbCircle
 62
93
  6
CONTINUOUS
 10
 297.169616699219
 20
-631.093358660606
 40
 5
  0
CIRCLE
 5
 1775
100
AcDbEntity
  8
Coupe_Sens_Horaire
100
AcDbCircle
 62
93
  6
CONTINUOUS
 10
 297.169616699219
 20
-658.806171581708
 40
 5
  0
CIRCLE
 5
 1776
100
AcDbEntity
  8
Coupe_Sens_Horaire
100
AcDbCircle
 62
93
  6
CONTINUOUS
 10
 313.169616699219
 20
-464.816481133993
 40
 5
  0
CIRCLE
 5
 1777
100
AcDbEntity
  8
Coupe_Sens_Horaire
100
AcDbCircle
 62
93
  6
CONTINUOUS
 10
 313.169616699219
 20
-492.529294055095
 40
 5
  0
CIRCLE
 5
 1778
100
AcDbEntity
  8
Coupe_Sens_Horaire
100
AcDbCircle
 62
93
  6
CONTINUOUS
 10
 313.169616699219
 20
-520.242106976197
 40
 5
  0
CIRCLE
 5
 1779
100
AcDbEntity
  8
Coupe_Sens_Horaire
100
AcDbCircle
 62
93
  6
CONTINUOUS
 10
 313.169616699219
 20
-547.954919897299
 40
 5
  0
CIRCLE
 5
 1780
100
AcDbEntity
  8
Coupe_Sens_Horaire
100
AcDbCircle
 62
93
  6
CONTINUOUS
 10
 313.169616699219
 20
-603.380545739503
 40
 5
  0
CIRCLE
 5
 1781
100
AcDbEntity
  8
Coupe_Sens_Horaire
100
AcDbCircle
 62
93
  6
CONTINUOUS
 10
 313.169616699219
 20
-631.093358660606
 40
 5
  0
CIRCLE
 5
 1782
100
AcDbEntity
  8
Coupe_Sens_Horaire
100
AcDbCircle
 62
93
  6
CONTINUOUS
 10
 313.169616699219
 20
-658.806171581708
 40
 5
  0
CIRCLE
 5
 1783
100
AcDbEntity
  8
Coupe_Sens_Horaire
100
AcDbCircle
 62
93
  6
CONTINUOUS
 10
 329.169616699219
 20
-464.816481133993
 40
 5
  0
CIRCLE
 5
 1784
100
AcDbEntity
  8
Coupe_Sens_Horaire
100
AcDbCircle
 62
93
  6
CONTINUOUS
 10
 329.169616699219
 20
-492.529294055095
 40
 5
  0
CIRCLE
 5
 1785
100
AcDbEntity
  8
Coupe_Sens_Horaire
100
AcDbCircle
 62
93
  6
CONTINUOUS
 10
 329.169616699219
 20
-520.242106976197
 40
 5
  0
CIRCLE
 5
 1786
100
AcDbEntity
  8
Coupe_Sens_Horaire
100
AcDbCircle
 62
93
  6
CONTINUOUS
 10
 329.169616699219
 20
-547.954919897299
 40
 5
  0
CIRCLE
 5
 1787
100
AcDbEntity
  8
Coupe_Sens_Horaire
100
AcDbCircle
 62
93
  6
CONTINUOUS
 10
 329.169616699219
 20
-575.667732818401
 40
 5
  0
CIRCLE
 5
 1788
100
AcDbEntity
  8
Coupe_Sens_Horaire
100
AcDbCircle
 62
93
  6
CONTINUOUS
 10
 329.169616699219
 20
-603.380545739503
 40
 5
  0
CIRCLE
 5
 1789
100
AcDbEntity
  8
Coupe_Sens_Horaire
100
AcDbCircle
 62
93
  6
CONTINUOUS
 10
 329.169616699219
 20
-631.093358660606
 40
 5
  0
CIRCLE
 5
 1790
100
AcDbEntity
  8
Coupe_Sens_Horaire
100
AcDbCircle
 62
93
  6
CONTINUOUS
 10
 329.169616699219
 20
-658.806171581708
 40
 5
  0
CIRCLE
 5
 1791
100
AcDbEntity
  8
Coupe_Sens_Horaire
100
AcDbCircle
 62
93
  6
CONTINUOUS
 10
 345.169616699219
 20
-464.816481133993
 40
 5
  0
CIRCLE
 5
 1792
100
AcDbEntity
  8
Coupe_Sens_Horaire
100
AcDbCircle
 62
93
  6
CONTINUOUS
 10
 345.169616699219
 20
-492.529294055095
 40
 5
  0
CIRCLE
 5
 1793
100
AcDbEntity
  8
Coupe_Sens_Horaire
100
AcDbCircle
 62
93
  6
CONTINUOUS
 10
 345.169616699219
 20
-520.242106976197
 40
 5
  0
CIRCLE
 5
 1794
100
AcDbEntity
  8
Coupe_Sens_Horaire
100
AcDbCircle
 62
93
  6
CONTINUOUS
 10
 345.169616699219
 20
-547.954919897299
 40
 5
  0
CIRCLE
 5
 1795
100
AcDbEntity
  8
Coupe_Sens_Horaire
100
AcDbCircle
 62
93
  6
CONTINUOUS
 10
 345.169616699219
 20
-575.667732818401
 40
 5
  0
CIRCLE
 5
 1796
100
AcDbEntity
  8
Coupe_Sens_Horaire
100
AcDbCircle
 62
93
  6
CONTINUOUS
 10
 345.169616699219
 20
-603.380545739503
 40
 5
  0
CIRCLE
 5
 1797
100
AcDbEntity
  8
Coupe_Sens_Horaire
100
AcDbCircle
 62
93
  6
CONTINUOUS
 10
 345.169616699219
 20
-631.093358660606
 40
 5
  0
CIRCLE
 5
 1798
100
AcDbEntity
  8
Coupe_Sens_Horaire
100
AcDbCircle
 62
93
  6
CONTINUOUS
 10
 345.169616699219
 20
-658.806171581708
 40
 5
  0
CIRCLE
 5
 1799
100
AcDbEntity
  8
Coupe_Sens_Horaire
100
AcDbCircle
 62
93
  6
CONTINUOUS
 10
 361.169616699219
 20
-464.816481133993
 40
 5
  0
CIRCLE
 5
 1800
100
AcDbEntity
  8
Coupe_Sens_Horaire
100
AcDbCircle
 62
93
  6
CONTINUOUS
 10
 361.169616699219
 20
-492.529294055095
 40
 5
  0
CIRCLE
 5
 1801
100
AcDbEntity
  8
Coupe_Sens_Horaire
100
AcDbCircle
 62
93
  6
CONTINUOUS
 10
 361.169616699219
 20
-520.242106976197
 40
 5
  0
CIRCLE
 5
 1802
100
AcDbEntity
  8
Coupe_Sens_Horaire
100
AcDbCircle
 62
93
  6
CONTINUOUS
 10
 361.169616699219
 20
-547.954919897299
 40
 5
  0
CIRCLE
 5
 1803
100
AcDbEntity
  8
Coupe_Sens_Horaire
100
AcDbCircle
 62
93
  6
CONTINUOUS
 10
 361.169616699219
 20
-575.667732818401
 40
 5
  0
CIRCLE
 5
 1804
100
AcDbEntity
  8
Coupe_Sens_Horaire
100
AcDbCircle
 62
93
  6
CONTINUOUS
 10
 361.169616699219
 20
-603.380545739503
 40
 5
  0
CIRCLE
 5
 1805
100
AcDbEntity
  8
Coupe_Sens_Horaire
100
AcDbCircle
 62
93
  6
CONTINUOUS
 10
 361.169616699219
 20
-631.093358660606
 40
 5
  0
CIRCLE
 5
 1806
100
AcDbEntity
  8
Coupe_Sens_Horaire
100
AcDbCircle
 62
93
  6
CONTINUOUS
 10
 361.169616699219
 20
-658.806171581708
 40
 5
  0
CIRCLE
 5
 1807
100
AcDbEntity
  8
Coupe_Sens_Horaire
100
AcDbCircle
 62
93
  6
CONTINUOUS
 10
 377.169616699219
 20
-464.816481133993
 40
 5
  0
CIRCLE
 5
 1808
100
AcDbEntity
  8
Coupe_Sens_Horaire
100
AcDbCircle
 62
93
  6
CONTINUOUS
 10
 377.169616699219
 20
-492.529294055095
 40
 5
  0
CIRCLE
 5
 1809
100
AcDbEntity
  8
Coupe_Sens_Horaire
100
AcDbCircle
 62
93
  6
CONTINUOUS
 10
 377.169616699219
 20
-520.242106976197
 40
 5
  0
CIRCLE
 5
 1810
100
AcDbEntity
  8
Coupe_Sens_Horaire
100
AcDbCircle
 62
93
  6
CONTINUOUS
 10
 377.169616699219
 20
-547.954919897299
 40
 5
  0
CIRCLE
 5
 1811
100
AcDbEntity
  8
Coupe_Sens_Horaire
100
AcDbCircle
 62
93
  6
CONTINUOUS
 10
 377.169616699219
 20
-575.667732818401
 40
 5
  0
CIRCLE
 5
 1812
100
AcDbEntity
  8
Coupe_Sens_Horaire
100
AcDbCircle
 62
93
  6
CONTINUOUS
 10
 377.169616699219
 20
-603.380545739503
 40
 5
  0
CIRCLE
 5
 1813
100
AcDbEntity
  8
Coupe_Sens_Horaire
100
AcDbCircle
 62
93
  6
CONTINUOUS
 10
 377.169616699219
 20
-631.093358660606
 40
 5
  0
CIRCLE
 5
 1814
100
AcDbEntity
  8
Coupe_Sens_Horaire
100
AcDbCircle
 62
93
  6
CONTINUOUS
 10
 377.169616699219
 20
-658.806171581708
 40
 5
  0
CIRCLE
 5
 1815
100
AcDbEntity
  8
Coupe_Sens_Horaire
100
AcDbCircle
 62
93
  6
CONTINUOUS
 10
 393.169616699219
 20
-464.816481133993
 40
 5
  0
CIRCLE
 5
 1816
100
AcDbEntity
  8
Coupe_Sens_Horaire
100
AcDbCircle
 62
93
  6
CONTINUOUS
 10
 393.169616699219
 20
-492.529294055095
 40
 5
  0
CIRCLE
 5
 1817
100
AcDbEntity
  8
Coupe_Sens_Horaire
100
AcDbCircle
 62
93
  6
CONTINUOUS
 10
 393.169616699219
 20
-520.242106976197
 40
 5
  0
CIRCLE
 5
 1818
100
AcDbEntity
  8
Coupe_Sens_Horaire
100
AcDbCircle
 62
93
  6
CONTINUOUS
 10
 393.169616699219
 20
-547.954919897299
 40
 5
  0
CIRCLE
 5
 1819
100
AcDbEntity
  8
Coupe_Sens_Horaire
100
AcDbCircle
 62
93
  6
CONTINUOUS
 10
 393.169616699219
 20
-575.667732818401
 40
 5
  0
CIRCLE
 5
 1820
100
AcDbEntity
  8
Coupe_Sens_Horaire
100
AcDbCircle
 62
93
  6
CONTINUOUS
 10
 393.169616699219
 20
-603.380545739503
 40
 5
  0
CIRCLE
 5
 1821
100
AcDbEntity
  8
Coupe_Sens_Horaire
100
AcDbCircle
 62
93
  6
CONTINUOUS
 10
 393.169616699219
 20
-631.093358660606
 40
 5
  0
CIRCLE
 5
 1822
100
AcDbEntity
  8
Coupe_Sens_Horaire
100
AcDbCircle
 62
93
  6
CONTINUOUS
 10
 393.169616699219
 20
-658.806171581708
 40
 5
  0
CIRCLE
 5
 1823
100
AcDbEntity
  8
Coupe_Sens_Horaire
100
AcDbCircle
 62
93
  6
CONTINUOUS
 10
 409.169616699219
 20
-464.816481133993
 40
 5
  0
CIRCLE
 5
 1824
100
AcDbEntity
  8
Coupe_Sens_Horaire
100
AcDbCircle
 62
93
  6
CONTINUOUS
 10
 409.169616699219
 20
-492.529294055095
 40
 5
  0
CIRCLE
 5
 1825
100
AcDbEntity
  8
Coupe_Sens_Horaire
100
AcDbCircle
 62
93
  6
CONTINUOUS
 10
 409.169616699219
 20
-520.242106976197
 40
 5
  0
CIRCLE
 5
 1826
100
AcDbEntity
  8
Coupe_Sens_Horaire
100
AcDbCircle
 62
93
  6
CONTINUOUS
 10
 409.169616699219
 20
-547.954919897299
 40
 5
  0
CIRCLE
 5
 1827
100
AcDbEntity
  8
Coupe_Sens_Horaire
100
AcDbCircle
 62
93
  6
CONTINUOUS
 10
 409.169616699219
 20
-575.667732818401
 40
 5
  0
CIRCLE
 5
 1828
100
AcDbEntity
  8
Coupe_Sens_Horaire
100
AcDbCircle
 62
93
  6
CONTINUOUS
 10
 409.169616699219
 20
-603.380545739503
 40
 5
  0
CIRCLE
 5
 1829
100
AcDbEntity
  8
Coupe_Sens_Horaire
100
AcDbCircle
 62
93
  6
CONTINUOUS
 10
 409.169616699219
 20
-631.093358660606
 40
 5
  0
CIRCLE
 5
 1830
100
AcDbEntity
  8
Coupe_Sens_Horaire
100
AcDbCircle
 62
93
  6
CONTINUOUS
 10
 409.169616699219
 20
-658.806171581708
 40
 5
  0
CIRCLE
 5
 1831
100
AcDbEntity
  8
Coupe_Sens_Horaire
100
AcDbCircle
 62
93
  6
CONTINUOUS
 10
 425.169616699219
 20
-464.816481133993
 40
 5
  0
CIRCLE
 5
 1832
100
AcDbEntity
  8
Coupe_Sens_Horaire
100
AcDbCircle
 62
93
  6
CONTINUOUS
 10
 425.169616699219
 20
-492.529294055095
 40
 5
  0
CIRCLE
 5
 1833
100
AcDbEntity
  8
Coupe_Sens_Horaire
100
AcDbCircle
 62
93
  6
CONTINUOUS
 10
 425.169616699219
 20
-520.242106976197
 40
 5
  0
CIRCLE
 5
 1834
100
AcDbEntity
  8
Coupe_Sens_Horaire
100
AcDbCircle
 62
93
  6
CONTINUOUS
 10
 425.169616699219
 20
-547.954919897299
 40
 5
  0
CIRCLE
 5
 1835
100
AcDbEntity
  8
Coupe_Sens_Horaire
100
AcDbCircle
 62
93
  6
CONTINUOUS
 10
 425.169616699219
 20
-575.667732818401
 40
 5
  0
CIRCLE
 5
 1836
100
AcDbEntity
  8
Coupe_Sens_Horaire
100
AcDbCircle
 62
93
  6
CONTINUOUS
 10
 425.169616699219
 20
-603.380545739503
 40
 5
  0
CIRCLE
 5
 1837
100
AcDbEntity
  8
Coupe_Sens_Horaire
100
AcDbCircle
 62
93
  6
CONTINUOUS
 10
 425.169616699219
 20
-631.093358660606
 40
 5
  0
CIRCLE
 5
 1838
100
AcDbEntity
  8
Coupe_Sens_Horaire
100
AcDbCircle
 62
93
  6
CONTINUOUS
 10
 425.169616699219
 20
-658.806171581708
 40
 5
  0
CIRCLE
 5
 1839
100
AcDbEntity
  8
Coupe_Sens_Horaire
100
AcDbCircle
 62
93
  6
CONTINUOUS
 10
 441.169616699219
 20
-464.816481133993
 40
 5
  0
CIRCLE
 5
 1840
100
AcDbEntity
  8
Coupe_Sens_Horaire
100
AcDbCircle
 62
93
  6
CONTINUOUS
 10
 441.169616699219
 20
-492.529294055095
 40
 5
  0
CIRCLE
 5
 1841
100
AcDbEntity
  8
Coupe_Sens_Horaire
100
AcDbCircle
 62
93
  6
CONTINUOUS
 10
 441.169616699219
 20
-520.242106976197
 40
 5
  0
CIRCLE
 5
 1842
100
AcDbEntity
  8
Coupe_Sens_Horaire
100
AcDbCircle
 62
93
  6
CONTINUOUS
 10
 441.169616699219
 20
-547.954919897299
 40
 5
  0
CIRCLE
 5
 1843
100
AcDbEntity
  8
Coupe_Sens_Horaire
100
AcDbCircle
 62
93
  6
CONTINUOUS
 10
 441.169616699219
 20
-575.667732818401
 40
 5
  0
CIRCLE
 5
 1844
100
AcDbEntity
  8
Coupe_Sens_Horaire
100
AcDbCircle
 62
93
  6
CONTINUOUS
 10
 441.169616699219
 20
-603.380545739503
 40
 5
  0
CIRCLE
 5
 1845
100
AcDbEntity
  8
Coupe_Sens_Horaire
100
AcDbCircle
 62
93
  6
CONTINUOUS
 10
 441.169616699219
 20
-631.093358660606
 40
 5
  0
CIRCLE
 5
 1846
100
AcDbEntity
  8
Coupe_Sens_Horaire
100
AcDbCircle
 62
93
  6
CONTINUOUS
 10
 441.169616699219
 20
-658.806171581708
 40
 5
  0
CIRCLE
 5
 1847
100
AcDbEntity
  8
Coupe_Sens_Horaire
100
AcDbCircle
 62
93
  6
CONTINUOUS
 10
 457.169616699219
 20
-464.816481133993
 40
 5
  0
CIRCLE
 5
 1848
100
AcDbEntity
  8
Coupe_Sens_Horaire
100
AcDbCircle
 62
93
  6
CONTINUOUS
 10
 457.169616699219
 20
-492.529294055095
 40
 5
  0
CIRCLE
 5
 1849
100
AcDbEntity
  8
Coupe_Sens_Horaire
100
AcDbCircle
 62
93
  6
CONTINUOUS
 10
 457.169616699219
 20
-520.242106976197
 40
 5
  0
CIRCLE
 5
 1850
100
AcDbEntity
  8
Coupe_Sens_Horaire
100
AcDbCircle
 62
93
  6
CONTINUOUS
 10
 457.169616699219
 20
-547.954919897299
 40
 5
  0
CIRCLE
 5
 1851
100
AcDbEntity
  8
Coupe_Sens_Horaire
100
AcDbCircle
 62
93
  6
CONTINUOUS
 10
 457.169616699219
 20
-575.667732818401
 40
 5
  0
CIRCLE
 5
 1852
100
AcDbEntity
  8
Coupe_Sens_Horaire
100
AcDbCircle
 62
93
  6
CONTINUOUS
 10
 457.169616699219
 20
-603.380545739503
 40
 5
  0
CIRCLE
 5
 1853
100
AcDbEntity
  8
Coupe_Sens_Horaire
100
AcDbCircle
 62
93
  6
CONTINUOUS
 10
 457.169616699219
 20
-631.093358660606
 40
 5
  0
CIRCLE
 5
 1854
100
AcDbEntity
  8
Coupe_Sens_Horaire
100
AcDbCircle
 62
93
  6
CONTINUOUS
 10
 457.169616699219
 20
-658.806171581708
 40
 5
  0
CIRCLE
 5
 1855
100
AcDbEntity
  8
Coupe_Sens_Horaire
100
AcDbCircle
 62
93
  6
CONTINUOUS
 10
 473.169616699219
 20
-464.816481133993
 40
 5
  0
CIRCLE
 5
 1856
100
AcDbEntity
  8
Coupe_Sens_Horaire
100
AcDbCircle
 62
93
  6
CONTINUOUS
 10
 473.169616699219
 20
-492.529294055095
 40
 5
  0
CIRCLE
 5
 1857
100
AcDbEntity
  8
Coupe_Sens_Horaire
100
AcDbCircle
 62
93
  6
CONTINUOUS
 10
 473.169616699219
 20
-520.242106976197
 40
 5
  0
CIRCLE
 5
 1858
100
AcDbEntity
  8
Coupe_Sens_Horaire
100
AcDbCircle
 62
93
  6
CONTINUOUS
 10
 473.169616699219
 20
-547.954919897299
 40
 5
  0
CIRCLE
 5
 1859
100
AcDbEntity
  8
Coupe_Sens_Horaire
100
AcDbCircle
 62
93
  6
CONTINUOUS
 10
 473.169616699219
 20
-575.667732818401
 40
 5
  0
CIRCLE
 5
 1860
100
AcDbEntity
  8
Coupe_Sens_Horaire
100
AcDbCircle
 62
93
  6
CONTINUOUS
 10
 473.169616699219
 20
-603.380545739503
 40
 5
  0
CIRCLE
 5
 1861
100
AcDbEntity
  8
Coupe_Sens_Horaire
100
AcDbCircle
 62
93
  6
CONTINUOUS
 10
 473.169616699219
 20
-631.093358660606
 40
 5
  0
CIRCLE
 5
 1862
100
AcDbEntity
  8
Coupe_Sens_Horaire
100
AcDbCircle
 62
93
  6
CONTINUOUS
 10
 473.169616699219
 20
-658.806171581708
 40
 5
  0
CIRCLE
 5
 1863
100
AcDbEntity
  8
Coupe_Sens_Horaire
100
AcDbCircle
 62
93
  6
CONTINUOUS
 10
 489.169616699219
 20
-464.816481133993
 40
 5
  0
CIRCLE
 5
 1864
100
AcDbEntity
  8
Coupe_Sens_Horaire
100
AcDbCircle
 62
93
  6
CONTINUOUS
 10
 489.169616699219
 20
-492.529294055095
 40
 5
  0
CIRCLE
 5
 1865
100
AcDbEntity
  8
Coupe_Sens_Horaire
100
AcDbCircle
 62
93
  6
CONTINUOUS
 10
 489.169616699219
 20
-520.242106976197
 40
 5
  0
CIRCLE
 5
 1866
100
AcDbEntity
  8
Coupe_Sens_Horaire
100
AcDbCircle
 62
93
  6
CONTINUOUS
 10
 489.169616699219
 20
-547.954919897299
 40
 5
  0
CIRCLE
 5
 1867
100
AcDbEntity
  8
Coupe_Sens_Horaire
100
AcDbCircle
 62
93
  6
CONTINUOUS
 10
 489.169616699219
 20
-575.667732818401
 40
 5
  0
CIRCLE
 5
 1868
100
AcDbEntity
  8
Coupe_Sens_Horaire
100
AcDbCircle
 62
93
  6
CONTINUOUS
 10
 489.169616699219
 20
-603.380545739503
 40
 5
  0
CIRCLE
 5
 1869
100
AcDbEntity
  8
Coupe_Sens_Horaire
100
AcDbCircle
 62
93
  6
CONTINUOUS
 10
 489.169616699219
 20
-631.093358660606
 40
 5
  0
CIRCLE
 5
 1870
100
AcDbEntity
  8
Coupe_Sens_Horaire
100
AcDbCircle
 62
93
  6
CONTINUOUS
 10
 489.169616699219
 20
-658.806171581708
 40
 5
  0
CIRCLE
 5
 1871
100
AcDbEntity
  8
Coupe_Sens_Horaire
100
AcDbCircle
 62
93
  6
CONTINUOUS
 10
 505.169616699219
 20
-464.816481133993
 40
 5
  0
CIRCLE
 5
 1872
100
AcDbEntity
  8
Coupe_Sens_Horaire
100
AcDbCircle
 62
93
  6
CONTINUOUS
 10
 505.169616699219
 20
-492.529294055095
 40
 5
  0
CIRCLE
 5
 1873
100
AcDbEntity
  8
Coupe_Sens_Horaire
100
AcDbCircle
 62
93
  6
CONTINUOUS
 10
 505.169616699219
 20
-520.242106976197
 40
 5
  0
CIRCLE
 5
 1874
100
AcDbEntity
  8
Coupe_Sens_Horaire
100
AcDbCircle
 62
93
  6
CONTINUOUS
 10
 505.169616699219
 20
-547.954919897299
 40
 5
  0
CIRCLE
 5
 1875
100
AcDbEntity
  8
Coupe_Sens_Horaire
100
AcDbCircle
 62
93
  6
CONTINUOUS
 10
 505.169616699219
 20
-575.667732818401
 40
 5
  0
CIRCLE
 5
 1876
100
AcDbEntity
  8
Coupe_Sens_Horaire
100
AcDbCircle
 62
93
  6
CONTINUOUS
 10
 505.169616699219
 20
-603.380545739503
 40
 5
  0
CIRCLE
 5
 1877
100
AcDbEntity
  8
Coupe_Sens_Horaire
100
AcDbCircle
 62
93
  6
CONTINUOUS
 10
 505.169616699219
 20
-631.093358660606
 40
 5
  0
CIRCLE
 5
 1878
100
AcDbEntity
  8
Coupe_Sens_Horaire
100
AcDbCircle
 62
93
  6
CONTINUOUS
 10
 505.169616699219
 20
-658.806171581708
 40
 5
  0
CIRCLE
 5
 1879
100
AcDbEntity
  8
Coupe_Sens_Horaire
100
AcDbCircle
 62
93
  6
CONTINUOUS
 10
 521.169616699219
 20
-464.816481133993
 40
 5
  0
CIRCLE
 5
 1880
100
AcDbEntity
  8
Coupe_Sens_Horaire
100
AcDbCircle
 62
93
  6
CONTINUOUS
 10
 521.169616699219
 20
-492.529294055095
 40
 5
  0
CIRCLE
 5
 1881
100
AcDbEntity
  8
Coupe_Sens_Horaire
100
AcDbCircle
 62
93
  6
CONTINUOUS
 10
 521.169616699219
 20
-520.242106976197
 40
 5
  0
CIRCLE
 5
 1882
100
AcDbEntity
  8
Coupe_Sens_Horaire
100
AcDbCircle
 62
93
  6
CONTINUOUS
 10
 521.169616699219
 20
-547.954919897299
 40
 5
  0
CIRCLE
 5
 1883
100
AcDbEntity
  8
Coupe_Sens_Horaire
100
AcDbCircle
 62
93
  6
CONTINUOUS
 10
 521.169616699219
 20
-575.667732818401
 40
 5
  0
CIRCLE
 5
 1884
100
AcDbEntity
  8
Coupe_Sens_Horaire
100
AcDbCircle
 62
93
  6
CONTINUOUS
 10
 521.169616699219
 20
-603.380545739503
 40
 5
  0
CIRCLE
 5
 1885
100
AcDbEntity
  8
Coupe_Sens_Horaire
100
AcDbCircle
 62
93
  6
CONTINUOUS
 10
 521.169616699219
 20
-631.093358660606
 40
 5
  0
CIRCLE
 5
 1886
100
AcDbEntity
  8
Coupe_Sens_Horaire
100
AcDbCircle
 62
93
  6
CONTINUOUS
 10
 521.169616699219
 20
-658.806171581708
 40
 5
  0
CIRCLE
 5
 1887
100
AcDbEntity
  8
Coupe_Sens_Horaire
100
AcDbCircle
 62
93
  6
CONTINUOUS
 10
 537.169616699219
 20
-464.816481133993
 40
 5
  0
CIRCLE
 5
 1888
100
AcDbEntity
  8
Coupe_Sens_Horaire
100
AcDbCircle
 62
93
  6
CONTINUOUS
 10
 537.169616699219
 20
-492.529294055095
 40
 5
  0
CIRCLE
 5
 1889
100
AcDbEntity
  8
Coupe_Sens_Horaire
100
AcDbCircle
 62
93
  6
CONTINUOUS
 10
 537.169616699219
 20
-520.242106976197
 40
 5
  0
CIRCLE
 5
 1890
100
AcDbEntity
  8
Coupe_Sens_Horaire
100
AcDbCircle
 62
93
  6
CONTINUOUS
 10
 537.169616699219
 20
-547.954919897299
 40
 5
  0
CIRCLE
 5
 1891
100
AcDbEntity
  8
Coupe_Sens_Horaire
100
AcDbCircle
 62
93
  6
CONTINUOUS
 10
 537.169616699219
 20
-575.667732818401
 40
 5
  0
CIRCLE
 5
 1892
100
AcDbEntity
  8
Coupe_Sens_Horaire
100
AcDbCircle
 62
93
  6
CONTINUOUS
 10
 537.169616699219
 20
-603.380545739503
 40
 5
  0
CIRCLE
 5
 1893
100
AcDbEntity
  8
Coupe_Sens_Horaire
100
AcDbCircle
 62
93
  6
CONTINUOUS
 10
 537.169616699219
 20
-631.093358660606
 40
 5
  0
CIRCLE
 5
 1894
100
AcDbEntity
  8
Coupe_Sens_Horaire
100
AcDbCircle
 62
93
  6
CONTINUOUS
 10
 537.169616699219
 20
-658.806171581708
 40
 5
  0
CIRCLE
 5
 1895
100
AcDbEntity
  8
Coupe_Sens_Horaire
100
AcDbCircle
 62
93
  6
CONTINUOUS
 10
 553.169616699219
 20
-464.816481133993
 40
 5
  0
CIRCLE
 5
 1896
100
AcDbEntity
  8
Coupe_Sens_Horaire
100
AcDbCircle
 62
93
  6
CONTINUOUS
 10
 553.169616699219
 20
-492.529294055095
 40
 5
  0
CIRCLE
 5
 1897
100
AcDbEntity
  8
Coupe_Sens_Horaire
100
AcDbCircle
 62
93
  6
CONTINUOUS
 10
 553.169616699219
 20
-520.242106976197
 40
 5
  0
CIRCLE
 5
 1898
100
AcDbEntity
  8
Coupe_Sens_Horaire
100
AcDbCircle
 62
93
  6
CONTINUOUS
 10
 553.169616699219
 20
-547.954919897299
 40
 5
  0
CIRCLE
 5
 1899
100
AcDbEntity
  8
Coupe_Sens_Horaire
100
AcDbCircle
 62
93
  6
CONTINUOUS
 10
 553.169616699219
 20
-575.667732818401
 40
 5
  0
CIRCLE
 5
 1900
100
AcDbEntity
  8
Coupe_Sens_Horaire
100
AcDbCircle
 62
93
  6
CONTINUOUS
 10
 553.169616699219
 20
-603.380545739503
 40
 5
  0
CIRCLE
 5
 1901
100
AcDbEntity
  8
Coupe_Sens_Horaire
100
AcDbCircle
 62
93
  6
CONTINUOUS
 10
 553.169616699219
 20
-631.093358660606
 40
 5
  0
CIRCLE
 5
 1902
100
AcDbEntity
  8
Coupe_Sens_Horaire
100
AcDbCircle
 62
93
  6
CONTINUOUS
 10
 553.169616699219
 20
-658.806171581708
 40
 5
  0
CIRCLE
 5
 1903
100
AcDbEntity
  8
Coupe_Sens_Horaire
100
AcDbCircle
 62
93
  6
CONTINUOUS
 10
 569.169616699219
 20
-464.816481133993
 40
 5
  0
CIRCLE
 5
 1904
100
AcDbEntity
  8
Coupe_Sens_Horaire
100
AcDbCircle
 62
93
  6
CONTINUOUS
 10
 569.169616699219
 20
-492.529294055095
 40
 5
  0
CIRCLE
 5
 1905
100
AcDbEntity
  8
Coupe_Sens_Horaire
100
AcDbCircle
 62
93
  6
CONTINUOUS
 10
 569.169616699219
 20
-520.242106976197
 40
 5
  0
CIRCLE
 5
 1906
100
AcDbEntity
  8
Coupe_Sens_Horaire
100
AcDbCircle
 62
93
  6
CONTINUOUS
 10
 569.169616699219
 20
-547.954919897299
 40
 5
  0
CIRCLE
 5
 1907
100
AcDbEntity
  8
Coupe_Sens_Horaire
100
AcDbCircle
 62
93
  6
CONTINUOUS
 10
 569.169616699219
 20
-575.667732818401
 40
 5
  0
CIRCLE
 5
 1908
100
AcDbEntity
  8
Coupe_Sens_Horaire
100
AcDbCircle
 62
93
  6
CONTINUOUS
 10
 569.169616699219
 20
-603.380545739503
 40
 5
  0
CIRCLE
 5
 1909
100
AcDbEntity
  8
Coupe_Sens_Horaire
100
AcDbCircle
 62
93
  6
CONTINUOUS
 10
 569.169616699219
 20
-631.093358660606
 40
 5
  0
CIRCLE
 5
 1910
100
AcDbEntity
  8
Coupe_Sens_Horaire
100
AcDbCircle
 62
93
  6
CONTINUOUS
 10
 569.169616699219
 20
-658.806171581708
 40
 5
  0
CIRCLE
 5
 1911
100
AcDbEntity
  8
Coupe_Sens_Horaire
100
AcDbCircle
 62
93
  6
CONTINUOUS
 10
 585.169616699219
 20
-464.816481133993
 40
 5
  0
CIRCLE
 5
 1912
100
AcDbEntity
  8
Coupe_Sens_Horaire
100
AcDbCircle
 62
93
  6
CONTINUOUS
 10
 585.169616699219
 20
-492.529294055095
 40
 5
  0
CIRCLE
 5
 1913
100
AcDbEntity
  8
Coupe_Sens_Horaire
100
AcDbCircle
 62
93
  6
CONTINUOUS
 10
 585.169616699219
 20
-520.242106976197
 40
 5
  0
CIRCLE
 5
 1914
100
AcDbEntity
  8
Coupe_Sens_Horaire
100
AcDbCircle
 62
93
  6
CONTINUOUS
 10
 585.169616699219
 20
-547.954919897299
 40
 5
  0
CIRCLE
 5
 1915
100
AcDbEntity
  8
Coupe_Sens_Horaire
100
AcDbCircle
 62
93
  6
CONTINUOUS
 10
 585.169616699219
 20
-575.667732818401
 40
 5
  0
CIRCLE
 5
 1916
100
AcDbEntity
  8
Coupe_Sens_Horaire
100
AcDbCircle
 62
93
  6
CONTINUOUS
 10
 585.169616699219
 20
-603.380545739503
 40
 5
  0
CIRCLE
 5
 1917
100
AcDbEntity
  8
Coupe_Sens_Horaire
100
AcDbCircle
 62
93
  6
CONTINUOUS
 10
 585.169616699219
 20
-631.093358660606
 40
 5
  0
CIRCLE
 5
 1918
100
AcDbEntity
  8
Coupe_Sens_Horaire
100
AcDbCircle
 62
93
  6
CONTINUOUS
 10
 585.169616699219
 20
-658.806171581708
 40
 5
  0
CIRCLE
 5
 1919
100
AcDbEntity
  8
Coupe_Sens_Horaire
100
AcDbCircle
 62
93
  6
CONTINUOUS
 10
 601.169616699219
 20
-464.816481133993
 40
 5
  0
CIRCLE
 5
 1920
100
AcDbEntity
  8
Coupe_Sens_Horaire
100
AcDbCircle
 62
93
  6
CONTINUOUS
 10
 601.169616699219
 20
-492.529294055095
 40
 5
  0
CIRCLE
 5
 1921
100
AcDbEntity
  8
Coupe_Sens_Horaire
100
AcDbCircle
 62
93
  6
CONTINUOUS
 10
 601.169616699219
 20
-520.242106976197
 40
 5
  0
CIRCLE
 5
 1922
100
AcDbEntity
  8
Coupe_Sens_Horaire
100
AcDbCircle
 62
93
  6
CONTINUOUS
 10
 601.169616699219
 20
-547.954919897299
 40
 5
  0
CIRCLE
 5
 1923
100
AcDbEntity
  8
Coupe_Sens_Horaire
100
AcDbCircle
 62
93
  6
CONTINUOUS
 10
 601.169616699219
 20
-575.667732818401
 40
 5
  0
CIRCLE
 5
 1924
100
AcDbEntity
  8
Coupe_Sens_Horaire
100
AcDbCircle
 62
93
  6
CONTINUOUS
 10
 601.169616699219
 20
-603.380545739503
 40
 5
  0
CIRCLE
 5
 1925
100
AcDbEntity
  8
Coupe_Sens_Horaire
100
AcDbCircle
 62
93
  6
CONTINUOUS
 10
 601.169616699219
 20
-631.093358660606
 40
 5
  0
CIRCLE
 5
 1926
100
AcDbEntity
  8
Coupe_Sens_Horaire
100
AcDbCircle
 62
93
  6
CONTINUOUS
 10
 601.169616699219
 20
-658.806171581708
 40
 5
  0
CIRCLE
 5
 1927
100
AcDbEntity
  8
Coupe_Sens_Horaire
100
AcDbCircle
 62
93
  6
CONTINUOUS
 10
 33.1696166992192
 20
-478.672887594544
 40
 5
  0
CIRCLE
 5
 1928
100
AcDbEntity
  8
Coupe_Sens_Horaire
100
AcDbCircle
 62
93
  6
CONTINUOUS
 10
 33.1696166992192
 20
-506.385700515646
 40
 5
  0
CIRCLE
 5
 1929
100
AcDbEntity
  8
Coupe_Sens_Horaire
100
AcDbCircle
 62
93
  6
CONTINUOUS
 10
 33.1696166992192
 20
-534.098513436748
 40
 5
  0
CIRCLE
 5
 1930
100
AcDbEntity
  8
Coupe_Sens_Horaire
100
AcDbCircle
 62
93
  6
CONTINUOUS
 10
 33.1696166992192
 20
-561.81132635785
 40
 5
  0
CIRCLE
 5
 1931
100
AcDbEntity
  8
Coupe_Sens_Horaire
100
AcDbCircle
 62
93
  6
CONTINUOUS
 10
 33.1696166992192
 20
-589.524139278952
 40
 5
  0
CIRCLE
 5
 1932
100
AcDbEntity
  8
Coupe_Sens_Horaire
100
AcDbCircle
 62
93
  6
CONTINUOUS
 10
 33.1696166992192
 20
-617.236952200054
 40
 5
  0
CIRCLE
 5
 1933
100
AcDbEntity
  8
Coupe_Sens_Horaire
100
AcDbCircle
 62
93
  6
CONTINUOUS
 10
 33.1696166992192
 20
-644.949765121157
 40
 5
  0
CIRCLE
 5
 1934
100
AcDbEntity
  8
Coupe_Sens_Horaire
100
AcDbCircle
 62
93
  6
CONTINUOUS
 10
 49.1696166992192
 20
-478.672887594544
 40
 5
  0
CIRCLE
 5
 1935
100
AcDbEntity
  8
Coupe_Sens_Horaire
100
AcDbCircle
 62
93
  6
CONTINUOUS
 10
 49.1696166992192
 20
-506.385700515646
 40
 5
  0
CIRCLE
 5
 1936
100
AcDbEntity
  8
Coupe_Sens_Horaire
100
AcDbCircle
 62
93
  6
CONTINUOUS
 10
 49.1696166992192
 20
-534.098513436748
 40
 5
  0
CIRCLE
 5
 1937
100
AcDbEntity
  8
Coupe_Sens_Horaire
100
AcDbCircle
 62
93
  6
CONTINUOUS
 10
 49.1696166992192
 20
-561.81132635785
 40
 5
  0
CIRCLE
 5
 1938
100
AcDbEntity
  8
Coupe_Sens_Horaire
100
AcDbCircle
 62
93
  6
CONTINUOUS
 10
 49.1696166992192
 20
-589.524139278952
 40
 5
  0
CIRCLE
 5
 1939
100
AcDbEntity
  8
Coupe_Sens_Horaire
100
AcDbCircle
 62
93
  6
CONTINUOUS
 10
 49.1696166992192
 20
-617.236952200054
 40
 5
  0
CIRCLE
 5
 1940
100
AcDbEntity
  8
Coupe_Sens_Horaire
100
AcDbCircle
 62
93
  6
CONTINUOUS
 10
 49.1696166992192
 20
-644.949765121157
 40
 5
  0
CIRCLE
 5
 1941
100
AcDbEntity
  8
Coupe_Sens_Horaire
100
AcDbCircle
 62
93
  6
CONTINUOUS
 10
 65.1696166992192
 20
-478.672887594544
 40
 5
  0
CIRCLE
 5
 1942
100
AcDbEntity
  8
Coupe_Sens_Horaire
100
AcDbCircle
 62
93
  6
CONTINUOUS
 10
 65.1696166992192
 20
-506.385700515646
 40
 5
  0
CIRCLE
 5
 1943
100
AcDbEntity
  8
Coupe_Sens_Horaire
100
AcDbCircle
 62
93
  6
CONTINUOUS
 10
 65.1696166992192
 20
-534.098513436748
 40
 5
  0
CIRCLE
 5
 1944
100
AcDbEntity
  8
Coupe_Sens_Horaire
100
AcDbCircle
 62
93
  6
CONTINUOUS
 10
 65.1696166992192
 20
-561.81132635785
 40
 5
  0
CIRCLE
 5
 1945
100
AcDbEntity
  8
Coupe_Sens_Horaire
100
AcDbCircle
 62
93
  6
CONTINUOUS
 10
 65.1696166992192
 20
-589.524139278952
 40
 5
  0
CIRCLE
 5
 1946
100
AcDbEntity
  8
Coupe_Sens_Horaire
100
AcDbCircle
 62
93
  6
CONTINUOUS
 10
 65.1696166992192
 20
-617.236952200054
 40
 5
  0
CIRCLE
 5
 1947
100
AcDbEntity
  8
Coupe_Sens_Horaire
100
AcDbCircle
 62
93
  6
CONTINUOUS
 10
 65.1696166992192
 20
-644.949765121157
 40
 5
  0
CIRCLE
 5
 1948
100
AcDbEntity
  8
Coupe_Sens_Horaire
100
AcDbCircle
 62
93
  6
CONTINUOUS
 10
 81.1696166992192
 20
-478.672887594544
 40
 5
  0
CIRCLE
 5
 1949
100
AcDbEntity
  8
Coupe_Sens_Horaire
100
AcDbCircle
 62
93
  6
CONTINUOUS
 10
 81.1696166992192
 20
-506.385700515646
 40
 5
  0
CIRCLE
 5
 1950
100
AcDbEntity
  8
Coupe_Sens_Horaire
100
AcDbCircle
 62
93
  6
CONTINUOUS
 10
 81.1696166992192
 20
-534.098513436748
 40
 5
  0
CIRCLE
 5
 1951
100
AcDbEntity
  8
Coupe_Sens_Horaire
100
AcDbCircle
 62
93
  6
CONTINUOUS
 10
 81.1696166992192
 20
-561.81132635785
 40
 5
  0
CIRCLE
 5
 1952
100
AcDbEntity
  8
Coupe_Sens_Horaire
100
AcDbCircle
 62
93
  6
CONTINUOUS
 10
 81.1696166992192
 20
-589.524139278952
 40
 5
  0
CIRCLE
 5
 1953
100
AcDbEntity
  8
Coupe_Sens_Horaire
100
AcDbCircle
 62
93
  6
CONTINUOUS
 10
 81.1696166992192
 20
-617.236952200054
 40
 5
  0
CIRCLE
 5
 1954
100
AcDbEntity
  8
Coupe_Sens_Horaire
100
AcDbCircle
 62
93
  6
CONTINUOUS
 10
 81.1696166992192
 20
-644.949765121157
 40
 5
  0
CIRCLE
 5
 1955
100
AcDbEntity
  8
Coupe_Sens_Horaire
100
AcDbCircle
 62
93
  6
CONTINUOUS
 10
 97.1696166992192
 20
-478.672887594544
 40
 5
  0
CIRCLE
 5
 1956
100
AcDbEntity
  8
Coupe_Sens_Horaire
100
AcDbCircle
 62
93
  6
CONTINUOUS
 10
 97.1696166992192
 20
-506.385700515646
 40
 5
  0
CIRCLE
 5
 1957
100
AcDbEntity
  8
Coupe_Sens_Horaire
100
AcDbCircle
 62
93
  6
CONTINUOUS
 10
 97.1696166992192
 20
-534.098513436748
 40
 5
  0
CIRCLE
 5
 1958
100
AcDbEntity
  8
Coupe_Sens_Horaire
100
AcDbCircle
 62
93
  6
CONTINUOUS
 10
 97.1696166992192
 20
-561.81132635785
 40
 5
  0
CIRCLE
 5
 1959
100
AcDbEntity
  8
Coupe_Sens_Horaire
100
AcDbCircle
 62
93
  6
CONTINUOUS
 10
 97.1696166992192
 20
-589.524139278952
 40
 5
  0
CIRCLE
 5
 1960
100
AcDbEntity
  8
Coupe_Sens_Horaire
100
AcDbCircle
 62
93
  6
CONTINUOUS
 10
 97.1696166992192
 20
-617.236952200054
 40
 5
  0
CIRCLE
 5
 1961
100
AcDbEntity
  8
Coupe_Sens_Horaire
100
AcDbCircle
 62
93
  6
CONTINUOUS
 10
 97.1696166992192
 20
-644.949765121157
 40
 5
  0
CIRCLE
 5
 1962
100
AcDbEntity
  8
Coupe_Sens_Horaire
100
AcDbCircle
 62
93
  6
CONTINUOUS
 10
 113.169616699219
 20
-478.672887594544
 40
 5
  0
CIRCLE
 5
 1963
100
AcDbEntity
  8
Coupe_Sens_Horaire
100
AcDbCircle
 62
93
  6
CONTINUOUS
 10
 113.169616699219
 20
-506.385700515646
 40
 5
  0
CIRCLE
 5
 1964
100
AcDbEntity
  8
Coupe_Sens_Horaire
100
AcDbCircle
 62
93
  6
CONTINUOUS
 10
 113.169616699219
 20
-534.098513436748
 40
 5
  0
CIRCLE
 5
 1965
100
AcDbEntity
  8
Coupe_Sens_Horaire
100
AcDbCircle
 62
93
  6
CONTINUOUS
 10
 113.169616699219
 20
-561.81132635785
 40
 5
  0
CIRCLE
 5
 1966
100
AcDbEntity
  8
Coupe_Sens_Horaire
100
AcDbCircle
 62
93
  6
CONTINUOUS
 10
 113.169616699219
 20
-589.524139278952
 40
 5
  0
CIRCLE
 5
 1967
100
AcDbEntity
  8
Coupe_Sens_Horaire
100
AcDbCircle
 62
93
  6
CONTINUOUS
 10
 113.169616699219
 20
-617.236952200054
 40
 5
  0
CIRCLE
 5
 1968
100
AcDbEntity
  8
Coupe_Sens_Horaire
100
AcDbCircle
 62
93
  6
CONTINUOUS
 10
 113.169616699219
 20
-644.949765121157
 40
 5
  0
CIRCLE
 5
 1969
100
AcDbEntity
  8
Coupe_Sens_Horaire
100
AcDbCircle
 62
93
  6
CONTINUOUS
 10
 129.169616699219
 20
-478.672887594544
 40
 5
  0
CIRCLE
 5
 1970
100
AcDbEntity
  8
Coupe_Sens_Horaire
100
AcDbCircle
 62
93
  6
CONTINUOUS
 10
 129.169616699219
 20
-506.385700515646
 40
 5
  0
CIRCLE
 5
 1971
100
AcDbEntity
  8
Coupe_Sens_Horaire
100
AcDbCircle
 62
93
  6
CONTINUOUS
 10
 129.169616699219
 20
-534.098513436748
 40
 5
  0
CIRCLE
 5
 1972
100
AcDbEntity
  8
Coupe_Sens_Horaire
100
AcDbCircle
 62
93
  6
CONTINUOUS
 10
 129.169616699219
 20
-561.81132635785
 40
 5
  0
CIRCLE
 5
 1973
100
AcDbEntity
  8
Coupe_Sens_Horaire
100
AcDbCircle
 62
93
  6
CONTINUOUS
 10
 129.169616699219
 20
-589.524139278952
 40
 5
  0
CIRCLE
 5
 1974
100
AcDbEntity
  8
Coupe_Sens_Horaire
100
AcDbCircle
 62
93
  6
CONTINUOUS
 10
 129.169616699219
 20
-617.236952200054
 40
 5
  0
CIRCLE
 5
 1975
100
AcDbEntity
  8
Coupe_Sens_Horaire
100
AcDbCircle
 62
93
  6
CONTINUOUS
 10
 129.169616699219
 20
-644.949765121157
 40
 5
  0
CIRCLE
 5
 1976
100
AcDbEntity
  8
Coupe_Sens_Horaire
100
AcDbCircle
 62
93
  6
CONTINUOUS
 10
 145.169616699219
 20
-478.672887594544
 40
 5
  0
CIRCLE
 5
 1977
100
AcDbEntity
  8
Coupe_Sens_Horaire
100
AcDbCircle
 62
93
  6
CONTINUOUS
 10
 145.169616699219
 20
-506.385700515646
 40
 5
  0
CIRCLE
 5
 1978
100
AcDbEntity
  8
Coupe_Sens_Horaire
100
AcDbCircle
 62
93
  6
CONTINUOUS
 10
 145.169616699219
 20
-534.098513436748
 40
 5
  0
CIRCLE
 5
 1979
100
AcDbEntity
  8
Coupe_Sens_Horaire
100
AcDbCircle
 62
93
  6
CONTINUOUS
 10
 145.169616699219
 20
-561.81132635785
 40
 5
  0
CIRCLE
 5
 1980
100
AcDbEntity
  8
Coupe_Sens_Horaire
100
AcDbCircle
 62
93
  6
CONTINUOUS
 10
 145.169616699219
 20
-589.524139278952
 40
 5
  0
CIRCLE
 5
 1981
100
AcDbEntity
  8
Coupe_Sens_Horaire
100
AcDbCircle
 62
93
  6
CONTINUOUS
 10
 145.169616699219
 20
-617.236952200054
 40
 5
  0
CIRCLE
 5
 1982
100
AcDbEntity
  8
Coupe_Sens_Horaire
100
AcDbCircle
 62
93
  6
CONTINUOUS
 10
 145.169616699219
 20
-644.949765121157
 40
 5
  0
CIRCLE
 5
 1983
100
AcDbEntity
  8
Coupe_Sens_Horaire
100
AcDbCircle
 62
93
  6
CONTINUOUS
 10
 161.169616699219
 20
-478.672887594544
 40
 5
  0
CIRCLE
 5
 1984
100
AcDbEntity
  8
Coupe_Sens_Horaire
100
AcDbCircle
 62
93
  6
CONTINUOUS
 10
 161.169616699219
 20
-506.385700515646
 40
 5
  0
CIRCLE
 5
 1985
100
AcDbEntity
  8
Coupe_Sens_Horaire
100
AcDbCircle
 62
93
  6
CONTINUOUS
 10
 161.169616699219
 20
-534.098513436748
 40
 5
  0
CIRCLE
 5
 1986
100
AcDbEntity
  8
Coupe_Sens_Horaire
100
AcDbCircle
 62
93
  6
CONTINUOUS
 10
 161.169616699219
 20
-561.81132635785
 40
 5
  0
CIRCLE
 5
 1987
100
AcDbEntity
  8
Coupe_Sens_Horaire
100
AcDbCircle
 62
93
  6
CONTINUOUS
 10
 161.169616699219
 20
-589.524139278952
 40
 5
  0
CIRCLE
 5
 1988
100
AcDbEntity
  8
Coupe_Sens_Horaire
100
AcDbCircle
 62
93
  6
CONTINUOUS
 10
 161.169616699219
 20
-617.236952200054
 40
 5
  0
CIRCLE
 5
 1989
100
AcDbEntity
  8
Coupe_Sens_Horaire
100
AcDbCircle
 62
93
  6
CONTINUOUS
 10
 161.169616699219
 20
-644.949765121157
 40
 5
  0
CIRCLE
 5
 1990
100
AcDbEntity
  8
Coupe_Sens_Horaire
100
AcDbCircle
 62
93
  6
CONTINUOUS
 10
 177.169616699219
 20
-478.672887594544
 40
 5
  0
CIRCLE
 5
 1991
100
AcDbEntity
  8
Coupe_Sens_Horaire
100
AcDbCircle
 62
93
  6
CONTINUOUS
 10
 177.169616699219
 20
-506.385700515646
 40
 5
  0
CIRCLE
 5
 1992
100
AcDbEntity
  8
Coupe_Sens_Horaire
100
AcDbCircle
 62
93
  6
CONTINUOUS
 10
 177.169616699219
 20
-534.098513436748
 40
 5
  0
CIRCLE
 5
 1993
100
AcDbEntity
  8
Coupe_Sens_Horaire
100
AcDbCircle
 62
93
  6
CONTINUOUS
 10
 177.169616699219
 20
-561.81132635785
 40
 5
  0
CIRCLE
 5
 1994
100
AcDbEntity
  8
Coupe_Sens_Horaire
100
AcDbCircle
 62
93
  6
CONTINUOUS
 10
 177.169616699219
 20
-589.524139278952
 40
 5
  0
CIRCLE
 5
 1995
100
AcDbEntity
  8
Coupe_Sens_Horaire
100
AcDbCircle
 62
93
  6
CONTINUOUS
 10
 177.169616699219
 20
-617.236952200054
 40
 5
  0
CIRCLE
 5
 1996
100
AcDbEntity
  8
Coupe_Sens_Horaire
100
AcDbCircle
 62
93
  6
CONTINUOUS
 10
 177.169616699219
 20
-644.949765121157
 40
 5
  0
CIRCLE
 5
 1997
100
AcDbEntity
  8
Coupe_Sens_Horaire
100
AcDbCircle
 62
93
  6
CONTINUOUS
 10
 193.169616699219
 20
-478.672887594544
 40
 5
  0
CIRCLE
 5
 1998
100
AcDbEntity
  8
Coupe_Sens_Horaire
100
AcDbCircle
 62
93
  6
CONTINUOUS
 10
 193.169616699219
 20
-506.385700515646
 40
 5
  0
CIRCLE
 5
 1999
100
AcDbEntity
  8
Coupe_Sens_Horaire
100
AcDbCircle
 62
93
  6
CONTINUOUS
 10
 193.169616699219
 20
-534.098513436748
 40
 5
  0
CIRCLE
 5
 2000
100
AcDbEntity
  8
Coupe_Sens_Horaire
100
AcDbCircle
 62
93
  6
CONTINUOUS
 10
 193.169616699219
 20
-561.81132635785
 40
 5
  0
CIRCLE
 5
 2001
100
AcDbEntity
  8
Coupe_Sens_Horaire
100
AcDbCircle
 62
93
  6
CONTINUOUS
 10
 193.169616699219
 20
-589.524139278952
 40
 5
  0
CIRCLE
 5
 2002
100
AcDbEntity
  8
Coupe_Sens_Horaire
100
AcDbCircle
 62
93
  6
CONTINUOUS
 10
 193.169616699219
 20
-617.236952200054
 40
 5
  0
CIRCLE
 5
 2003
100
AcDbEntity
  8
Coupe_Sens_Horaire
100
AcDbCircle
 62
93
  6
CONTINUOUS
 10
 193.169616699219
 20
-644.949765121157
 40
 5
  0
CIRCLE
 5
 2004
100
AcDbEntity
  8
Coupe_Sens_Horaire
100
AcDbCircle
 62
93
  6
CONTINUOUS
 10
 209.169616699219
 20
-478.672887594544
 40
 5
  0
CIRCLE
 5
 2005
100
AcDbEntity
  8
Coupe_Sens_Horaire
100
AcDbCircle
 62
93
  6
CONTINUOUS
 10
 209.169616699219
 20
-506.385700515646
 40
 5
  0
CIRCLE
 5
 2006
100
AcDbEntity
  8
Coupe_Sens_Horaire
100
AcDbCircle
 62
93
  6
CONTINUOUS
 10
 209.169616699219
 20
-534.098513436748
 40
 5
  0
CIRCLE
 5
 2007
100
AcDbEntity
  8
Coupe_Sens_Horaire
100
AcDbCircle
 62
93
  6
CONTINUOUS
 10
 209.169616699219
 20
-561.81132635785
 40
 5
  0
CIRCLE
 5
 2008
100
AcDbEntity
  8
Coupe_Sens_Horaire
100
AcDbCircle
 62
93
  6
CONTINUOUS
 10
 209.169616699219
 20
-589.524139278952
 40
 5
  0
CIRCLE
 5
 2009
100
AcDbEntity
  8
Coupe_Sens_Horaire
100
AcDbCircle
 62
93
  6
CONTINUOUS
 10
 209.169616699219
 20
-617.236952200054
 40
 5
  0
CIRCLE
 5
 2010
100
AcDbEntity
  8
Coupe_Sens_Horaire
100
AcDbCircle
 62
93
  6
CONTINUOUS
 10
 209.169616699219
 20
-644.949765121157
 40
 5
  0
CIRCLE
 5
 2011
100
AcDbEntity
  8
Coupe_Sens_Horaire
100
AcDbCircle
 62
93
  6
CONTINUOUS
 10
 225.169616699219
 20
-478.672887594544
 40
 5
  0
CIRCLE
 5
 2012
100
AcDbEntity
  8
Coupe_Sens_Horaire
100
AcDbCircle
 62
93
  6
CONTINUOUS
 10
 225.169616699219
 20
-506.385700515646
 40
 5
  0
CIRCLE
 5
 2013
100
AcDbEntity
  8
Coupe_Sens_Horaire
100
AcDbCircle
 62
93
  6
CONTINUOUS
 10
 225.169616699219
 20
-534.098513436748
 40
 5
  0
CIRCLE
 5
 2014
100
AcDbEntity
  8
Coupe_Sens_Horaire
100
AcDbCircle
 62
93
  6
CONTINUOUS
 10
 225.169616699219
 20
-561.81132635785
 40
 5
  0
CIRCLE
 5
 2015
100
AcDbEntity
  8
Coupe_Sens_Horaire
100
AcDbCircle
 62
93
  6
CONTINUOUS
 10
 225.169616699219
 20
-589.524139278952
 40
 5
  0
CIRCLE
 5
 2016
100
AcDbEntity
  8
Coupe_Sens_Horaire
100
AcDbCircle
 62
93
  6
CONTINUOUS
 10
 225.169616699219
 20
-617.236952200054
 40
 5
  0
CIRCLE
 5
 2017
100
AcDbEntity
  8
Coupe_Sens_Horaire
100
AcDbCircle
 62
93
  6
CONTINUOUS
 10
 225.169616699219
 20
-644.949765121157
 40
 5
  0
CIRCLE
 5
 2018
100
AcDbEntity
  8
Coupe_Sens_Horaire
100
AcDbCircle
 62
93
  6
CONTINUOUS
 10
 241.169616699219
 20
-478.672887594544
 40
 5
  0
CIRCLE
 5
 2019
100
AcDbEntity
  8
Coupe_Sens_Horaire
100
AcDbCircle
 62
93
  6
CONTINUOUS
 10
 241.169616699219
 20
-506.385700515646
 40
 5
  0
CIRCLE
 5
 2020
100
AcDbEntity
  8
Coupe_Sens_Horaire
100
AcDbCircle
 62
93
  6
CONTINUOUS
 10
 241.169616699219
 20
-534.098513436748
 40
 5
  0
CIRCLE
 5
 2021
100
AcDbEntity
  8
Coupe_Sens_Horaire
100
AcDbCircle
 62
93
  6
CONTINUOUS
 10
 241.169616699219
 20
-561.81132635785
 40
 5
  0
CIRCLE
 5
 2022
100
AcDbEntity
  8
Coupe_Sens_Horaire
100
AcDbCircle
 62
93
  6
CONTINUOUS
 10
 241.169616699219
 20
-589.524139278952
 40
 5
  0
CIRCLE
 5
 2023
100
AcDbEntity
  8
Coupe_Sens_Horaire
100
AcDbCircle
 62
93
  6
CONTINUOUS
 10
 241.169616699219
 20
-617.236952200054
 40
 5
  0
CIRCLE
 5
 2024
100
AcDbEntity
  8
Coupe_Sens_Horaire
100
AcDbCircle
 62
93
  6
CONTINUOUS
 10
 241.169616699219
 20
-644.949765121157
 40
 5
  0
CIRCLE
 5
 2025
100
AcDbEntity
  8
Coupe_Sens_Horaire
100
AcDbCircle
 62
93
  6
CONTINUOUS
 10
 257.169616699219
 20
-478.672887594544
 40
 5
  0
CIRCLE
 5
 2026
100
AcDbEntity
  8
Coupe_Sens_Horaire
100
AcDbCircle
 62
93
  6
CONTINUOUS
 10
 257.169616699219
 20
-506.385700515646
 40
 5
  0
CIRCLE
 5
 2027
100
AcDbEntity
  8
Coupe_Sens_Horaire
100
AcDbCircle
 62
93
  6
CONTINUOUS
 10
 257.169616699219
 20
-534.098513436748
 40
 5
  0
CIRCLE
 5
 2028
100
AcDbEntity
  8
Coupe_Sens_Horaire
100
AcDbCircle
 62
93
  6
CONTINUOUS
 10
 257.169616699219
 20
-561.81132635785
 40
 5
  0
CIRCLE
 5
 2029
100
AcDbEntity
  8
Coupe_Sens_Horaire
100
AcDbCircle
 62
93
  6
CONTINUOUS
 10
 257.169616699219
 20
-589.524139278952
 40
 5
  0
CIRCLE
 5
 2030
100
AcDbEntity
  8
Coupe_Sens_Horaire
100
AcDbCircle
 62
93
  6
CONTINUOUS
 10
 257.169616699219
 20
-617.236952200054
 40
 5
  0
CIRCLE
 5
 2031
100
AcDbEntity
  8
Coupe_Sens_Horaire
100
AcDbCircle
 62
93
  6
CONTINUOUS
 10
 257.169616699219
 20
-644.949765121157
 40
 5
  0
CIRCLE
 5
 2032
100
AcDbEntity
  8
Coupe_Sens_Horaire
100
AcDbCircle
 62
93
  6
CONTINUOUS
 10
 273.169616699219
 20
-478.672887594544
 40
 5
  0
CIRCLE
 5
 2033
100
AcDbEntity
  8
Coupe_Sens_Horaire
100
AcDbCircle
 62
93
  6
CONTINUOUS
 10
 273.169616699219
 20
-506.385700515646
 40
 5
  0
CIRCLE
 5
 2034
100
AcDbEntity
  8
Coupe_Sens_Horaire
100
AcDbCircle
 62
93
  6
CONTINUOUS
 10
 273.169616699219
 20
-534.098513436748
 40
 5
  0
CIRCLE
 5
 2035
100
AcDbEntity
  8
Coupe_Sens_Horaire
100
AcDbCircle
 62
93
  6
CONTINUOUS
 10
 273.169616699219
 20
-561.81132635785
 40
 5
  0
CIRCLE
 5
 2036
100
AcDbEntity
  8
Coupe_Sens_Horaire
100
AcDbCircle
 62
93
  6
CONTINUOUS
 10
 273.169616699219
 20
-589.524139278952
 40
 5
  0
CIRCLE
 5
 2037
100
AcDbEntity
  8
Coupe_Sens_Horaire
100
AcDbCircle
 62
93
  6
CONTINUOUS
 10
 273.169616699219
 20
-617.236952200054
 40
 5
  0
CIRCLE
 5
 2038
100
AcDbEntity
  8
Coupe_Sens_Horaire
100
AcDbCircle
 62
93
  6
CONTINUOUS
 10
 273.169616699219
 20
-644.949765121157
 40
 5
  0
CIRCLE
 5
 2039
100
AcDbEntity
  8
Coupe_Sens_Horaire
100
AcDbCircle
 62
93
  6
CONTINUOUS
 10
 289.169616699219
 20
-478.672887594544
 40
 5
  0
CIRCLE
 5
 2040
100
AcDbEntity
  8
Coupe_Sens_Horaire
100
AcDbCircle
 62
93
  6
CONTINUOUS
 10
 289.169616699219
 20
-506.385700515646
 40
 5
  0
CIRCLE
 5
 2041
100
AcDbEntity
  8
Coupe_Sens_Horaire
100
AcDbCircle
 62
93
  6
CONTINUOUS
 10
 289.169616699219
 20
-534.098513436748
 40
 5
  0
CIRCLE
 5
 2042
100
AcDbEntity
  8
Coupe_Sens_Horaire
100
AcDbCircle
 62
93
  6
CONTINUOUS
 10
 289.169616699219
 20
-617.236952200054
 40
 5
  0
CIRCLE
 5
 2043
100
AcDbEntity
  8
Coupe_Sens_Horaire
100
AcDbCircle
 62
93
  6
CONTINUOUS
 10
 289.169616699219
 20
-644.949765121157
 40
 5
  0
CIRCLE
 5
 2044
100
AcDbEntity
  8
Coupe_Sens_Horaire
100
AcDbCircle
 62
93
  6
CONTINUOUS
 10
 305.169616699219
 20
-478.672887594544
 40
 5
  0
CIRCLE
 5
 2045
100
AcDbEntity
  8
Coupe_Sens_Horaire
100
AcDbCircle
 62
93
  6
CONTINUOUS
 10
 305.169616699219
 20
-506.385700515646
 40
 5
  0
CIRCLE
 5
 2046
100
AcDbEntity
  8
Coupe_Sens_Horaire
100
AcDbCircle
 62
93
  6
CONTINUOUS
 10
 305.169616699219
 20
-534.098513436748
 40
 5
  0
CIRCLE
 5
 2047
100
AcDbEntity
  8
Coupe_Sens_Horaire
100
AcDbCircle
 62
93
  6
CONTINUOUS
 10
 305.169616699219
 20
-617.236952200054
 40
 5
  0
CIRCLE
 5
 2048
100
AcDbEntity
  8
Coupe_Sens_Horaire
100
AcDbCircle
 62
93
  6
CONTINUOUS
 10
 305.169616699219
 20
-644.949765121157
 40
 5
  0
CIRCLE
 5
 2049
100
AcDbEntity
  8
Coupe_Sens_Horaire
100
AcDbCircle
 62
93
  6
CONTINUOUS
 10
 321.169616699219
 20
-478.672887594544
 40
 5
  0
CIRCLE
 5
 2050
100
AcDbEntity
  8
Coupe_Sens_Horaire
100
AcDbCircle
 62
93
  6
CONTINUOUS
 10
 321.169616699219
 20
-506.385700515646
 40
 5
  0
CIRCLE
 5
 2051
100
AcDbEntity
  8
Coupe_Sens_Horaire
100
AcDbCircle
 62
93
  6
CONTINUOUS
 10
 321.169616699219
 20
-534.098513436748
 40
 5
  0
CIRCLE
 5
 2052
100
AcDbEntity
  8
Coupe_Sens_Horaire
100
AcDbCircle
 62
93
  6
CONTINUOUS
 10
 321.169616699219
 20
-561.81132635785
 40
 5
  0
CIRCLE
 5
 2053
100
AcDbEntity
  8
Coupe_Sens_Horaire
100
AcDbCircle
 62
93
  6
CONTINUOUS
 10
 321.169616699219
 20
-589.524139278952
 40
 5
  0
CIRCLE
 5
 2054
100
AcDbEntity
  8
Coupe_Sens_Horaire
100
AcDbCircle
 62
93
  6
CONTINUOUS
 10
 321.169616699219
 20
-617.236952200054
 40
 5
  0
CIRCLE
 5
 2055
100
AcDbEntity
  8
Coupe_Sens_Horaire
100
AcDbCircle
 62
93
  6
CONTINUOUS
 10
 321.169616699219
 20
-644.949765121157
 40
 5
  0
CIRCLE
 5
 2056
100
AcDbEntity
  8
Coupe_Sens_Horaire
100
AcDbCircle
 62
93
  6
CONTINUOUS
 10
 337.169616699219
 20
-478.672887594544
 40
 5
  0
CIRCLE
 5
 2057
100
AcDbEntity
  8
Coupe_Sens_Horaire
100
AcDbCircle
 62
93
  6
CONTINUOUS
 10
 337.169616699219
 20
-506.385700515646
 40
 5
  0
CIRCLE
 5
 2058
100
AcDbEntity
  8
Coupe_Sens_Horaire
100
AcDbCircle
 62
93
  6
CONTINUOUS
 10
 337.169616699219
 20
-534.098513436748
 40
 5
  0
CIRCLE
 5
 2059
100
AcDbEntity
  8
Coupe_Sens_Horaire
100
AcDbCircle
 62
93
  6
CONTINUOUS
 10
 337.169616699219
 20
-561.81132635785
 40
 5
  0
CIRCLE
 5
 2060
100
AcDbEntity
  8
Coupe_Sens_Horaire
100
AcDbCircle
 62
93
  6
CONTINUOUS
 10
 337.169616699219
 20
-589.524139278952
 40
 5
  0
CIRCLE
 5
 2061
100
AcDbEntity
  8
Coupe_Sens_Horaire
100
AcDbCircle
 62
93
  6
CONTINUOUS
 10
 337.169616699219
 20
-617.236952200054
 40
 5
  0
CIRCLE
 5
 2062
100
AcDbEntity
  8
Coupe_Sens_Horaire
100
AcDbCircle
 62
93
  6
CONTINUOUS
 10
 337.169616699219
 20
-644.949765121157
 40
 5
  0
CIRCLE
 5
 2063
100
AcDbEntity
  8
Coupe_Sens_Horaire
100
AcDbCircle
 62
93
  6
CONTINUOUS
 10
 353.169616699219
 20
-478.672887594544
 40
 5
  0
CIRCLE
 5
 2064
100
AcDbEntity
  8
Coupe_Sens_Horaire
100
AcDbCircle
 62
93
  6
CONTINUOUS
 10
 353.169616699219
 20
-506.385700515646
 40
 5
  0
CIRCLE
 5
 2065
100
AcDbEntity
  8
Coupe_Sens_Horaire
100
AcDbCircle
 62
93
  6
CONTINUOUS
 10
 353.169616699219
 20
-534.098513436748
 40
 5
  0
CIRCLE
 5
 2066
100
AcDbEntity
  8
Coupe_Sens_Horaire
100
AcDbCircle
 62
93
  6
CONTINUOUS
 10
 353.169616699219
 20
-561.81132635785
 40
 5
  0
CIRCLE
 5
 2067
100
AcDbEntity
  8
Coupe_Sens_Horaire
100
AcDbCircle
 62
93
  6
CONTINUOUS
 10
 353.169616699219
 20
-589.524139278952
 40
 5
  0
CIRCLE
 5
 2068
100
AcDbEntity
  8
Coupe_Sens_Horaire
100
AcDbCircle
 62
93
  6
CONTINUOUS
 10
 353.169616699219
 20
-617.236952200054
 40
 5
  0
CIRCLE
 5
 2069
100
AcDbEntity
  8
Coupe_Sens_Horaire
100
AcDbCircle
 62
93
  6
CONTINUOUS
 10
 353.169616699219
 20
-644.949765121157
 40
 5
  0
CIRCLE
 5
 2070
100
AcDbEntity
  8
Coupe_Sens_Horaire
100
AcDbCircle
 62
93
  6
CONTINUOUS
 10
 369.169616699219
 20
-478.672887594544
 40
 5
  0
CIRCLE
 5
 2071
100
AcDbEntity
  8
Coupe_Sens_Horaire
100
AcDbCircle
 62
93
  6
CONTINUOUS
 10
 369.169616699219
 20
-506.385700515646
 40
 5
  0
CIRCLE
 5
 2072
100
AcDbEntity
  8
Coupe_Sens_Horaire
100
AcDbCircle
 62
93
  6
CONTINUOUS
 10
 369.169616699219
 20
-534.098513436748
 40
 5
  0
CIRCLE
 5
 2073
100
AcDbEntity
  8
Coupe_Sens_Horaire
100
AcDbCircle
 62
93
  6
CONTINUOUS
 10
 369.169616699219
 20
-561.81132635785
 40
 5
  0
CIRCLE
 5
 2074
100
AcDbEntity
  8
Coupe_Sens_Horaire
100
AcDbCircle
 62
93
  6
CONTINUOUS
 10
 369.169616699219
 20
-589.524139278952
 40
 5
  0
CIRCLE
 5
 2075
100
AcDbEntity
  8
Coupe_Sens_Horaire
100
AcDbCircle
 62
93
  6
CONTINUOUS
 10
 369.169616699219
 20
-617.236952200054
 40
 5
  0
CIRCLE
 5
 2076
100
AcDbEntity
  8
Coupe_Sens_Horaire
100
AcDbCircle
 62
93
  6
CONTINUOUS
 10
 369.169616699219
 20
-644.949765121157
 40
 5
  0
CIRCLE
 5
 2077
100
AcDbEntity
  8
Coupe_Sens_Horaire
100
AcDbCircle
 62
93
  6
CONTINUOUS
 10
 385.169616699219
 20
-478.672887594544
 40
 5
  0
CIRCLE
 5
 2078
100
AcDbEntity
  8
Coupe_Sens_Horaire
100
AcDbCircle
 62
93
  6
CONTINUOUS
 10
 385.169616699219
 20
-506.385700515646
 40
 5
  0
CIRCLE
 5
 2079
100
AcDbEntity
  8
Coupe_Sens_Horaire
100
AcDbCircle
 62
93
  6
CONTINUOUS
 10
 385.169616699219
 20
-534.098513436748
 40
 5
  0
CIRCLE
 5
 2080
100
AcDbEntity
  8
Coupe_Sens_Horaire
100
AcDbCircle
 62
93
  6
CONTINUOUS
 10
 385.169616699219
 20
-561.81132635785
 40
 5
  0
CIRCLE
 5
 2081
100
AcDbEntity
  8
Coupe_Sens_Horaire
100
AcDbCircle
 62
93
  6
CONTINUOUS
 10
 385.169616699219
 20
-589.524139278952
 40
 5
  0
CIRCLE
 5
 2082
100
AcDbEntity
  8
Coupe_Sens_Horaire
100
AcDbCircle
 62
93
  6
CONTINUOUS
 10
 385.169616699219
 20
-617.236952200054
 40
 5
  0
CIRCLE
 5
 2083
100
AcDbEntity
  8
Coupe_Sens_Horaire
100
AcDbCircle
 62
93
  6
CONTINUOUS
 10
 385.169616699219
 20
-644.949765121157
 40
 5
  0
CIRCLE
 5
 2084
100
AcDbEntity
  8
Coupe_Sens_Horaire
100
AcDbCircle
 62
93
  6
CONTINUOUS
 10
 401.169616699219
 20
-478.672887594544
 40
 5
  0
CIRCLE
 5
 2085
100
AcDbEntity
  8
Coupe_Sens_Horaire
100
AcDbCircle
 62
93
  6
CONTINUOUS
 10
 401.169616699219
 20
-506.385700515646
 40
 5
  0
CIRCLE
 5
 2086
100
AcDbEntity
  8
Coupe_Sens_Horaire
100
AcDbCircle
 62
93
  6
CONTINUOUS
 10
 401.169616699219
 20
-534.098513436748
 40
 5
  0
CIRCLE
 5
 2087
100
AcDbEntity
  8
Coupe_Sens_Horaire
100
AcDbCircle
 62
93
  6
CONTINUOUS
 10
 401.169616699219
 20
-561.81132635785
 40
 5
  0
CIRCLE
 5
 2088
100
AcDbEntity
  8
Coupe_Sens_Horaire
100
AcDbCircle
 62
93
  6
CONTINUOUS
 10
 401.169616699219
 20
-589.524139278952
 40
 5
  0
CIRCLE
 5
 2089
100
AcDbEntity
  8
Coupe_Sens_Horaire
100
AcDbCircle
 62
93
  6
CONTINUOUS
 10
 401.169616699219
 20
-617.236952200054
 40
 5
  0
CIRCLE
 5
 2090
100
AcDbEntity
  8
Coupe_Sens_Horaire
100
AcDbCircle
 62
93
  6
CONTINUOUS
 10
 401.169616699219
 20
-644.949765121157
 40
 5
  0
CIRCLE
 5
 2091
100
AcDbEntity
  8
Coupe_Sens_Horaire
100
AcDbCircle
 62
93
  6
CONTINUOUS
 10
 417.169616699219
 20
-478.672887594544
 40
 5
  0
CIRCLE
 5
 2092
100
AcDbEntity
  8
Coupe_Sens_Horaire
100
AcDbCircle
 62
93
  6
CONTINUOUS
 10
 417.169616699219
 20
-506.385700515646
 40
 5
  0
CIRCLE
 5
 2093
100
AcDbEntity
  8
Coupe_Sens_Horaire
100
AcDbCircle
 62
93
  6
CONTINUOUS
 10
 417.169616699219
 20
-534.098513436748
 40
 5
  0
CIRCLE
 5
 2094
100
AcDbEntity
  8
Coupe_Sens_Horaire
100
AcDbCircle
 62
93
  6
CONTINUOUS
 10
 417.169616699219
 20
-561.81132635785
 40
 5
  0
CIRCLE
 5
 2095
100
AcDbEntity
  8
Coupe_Sens_Horaire
100
AcDbCircle
 62
93
  6
CONTINUOUS
 10
 417.169616699219
 20
-589.524139278952
 40
 5
  0
CIRCLE
 5
 2096
100
AcDbEntity
  8
Coupe_Sens_Horaire
100
AcDbCircle
 62
93
  6
CONTINUOUS
 10
 417.169616699219
 20
-617.236952200054
 40
 5
  0
CIRCLE
 5
 2097
100
AcDbEntity
  8
Coupe_Sens_Horaire
100
AcDbCircle
 62
93
  6
CONTINUOUS
 10
 417.169616699219
 20
-644.949765121157
 40
 5
  0
CIRCLE
 5
 2098
100
AcDbEntity
  8
Coupe_Sens_Horaire
100
AcDbCircle
 62
93
  6
CONTINUOUS
 10
 433.169616699219
 20
-478.672887594544
 40
 5
  0
CIRCLE
 5
 2099
100
AcDbEntity
  8
Coupe_Sens_Horaire
100
AcDbCircle
 62
93
  6
CONTINUOUS
 10
 433.169616699219
 20
-506.385700515646
 40
 5
  0
CIRCLE
 5
 2100
100
AcDbEntity
  8
Coupe_Sens_Horaire
100
AcDbCircle
 62
93
  6
CONTINUOUS
 10
 433.169616699219
 20
-534.098513436748
 40
 5
  0
CIRCLE
 5
 2101
100
AcDbEntity
  8
Coupe_Sens_Horaire
100
AcDbCircle
 62
93
  6
CONTINUOUS
 10
 433.169616699219
 20
-561.81132635785
 40
 5
  0
CIRCLE
 5
 2102
100
AcDbEntity
  8
Coupe_Sens_Horaire
100
AcDbCircle
 62
93
  6
CONTINUOUS
 10
 433.169616699219
 20
-589.524139278952
 40
 5
  0
CIRCLE
 5
 2103
100
AcDbEntity
  8
Coupe_Sens_Horaire
100
AcDbCircle
 62
93
  6
CONTINUOUS
 10
 433.169616699219
 20
-617.236952200054
 40
 5
  0
CIRCLE
 5
 2104
100
AcDbEntity
  8
Coupe_Sens_Horaire
100
AcDbCircle
 62
93
  6
CONTINUOUS
 10
 433.169616699219
 20
-644.949765121157
 40
 5
  0
CIRCLE
 5
 2105
100
AcDbEntity
  8
Coupe_Sens_Horaire
100
AcDbCircle
 62
93
  6
CONTINUOUS
 10
 449.169616699219
 20
-478.672887594544
 40
 5
  0
CIRCLE
 5
 2106
100
AcDbEntity
  8
Coupe_Sens_Horaire
100
AcDbCircle
 62
93
  6
CONTINUOUS
 10
 449.169616699219
 20
-506.385700515646
 40
 5
  0
CIRCLE
 5
 2107
100
AcDbEntity
  8
Coupe_Sens_Horaire
100
AcDbCircle
 62
93
  6
CONTINUOUS
 10
 449.169616699219
 20
-534.098513436748
 40
 5
  0
CIRCLE
 5
 2108
100
AcDbEntity
  8
Coupe_Sens_Horaire
100
AcDbCircle
 62
93
  6
CONTINUOUS
 10
 449.169616699219
 20
-561.81132635785
 40
 5
  0
CIRCLE
 5
 2109
100
AcDbEntity
  8
Coupe_Sens_Horaire
100
AcDbCircle
 62
93
  6
CONTINUOUS
 10
 449.169616699219
 20
-589.524139278952
 40
 5
  0
CIRCLE
 5
 2110
100
AcDbEntity
  8
Coupe_Sens_Horaire
100
AcDbCircle
 62
93
  6
CONTINUOUS
 10
 449.169616699219
 20
-617.236952200054
 40
 5
  0
CIRCLE
 5
 2111
100
AcDbEntity
  8
Coupe_Sens_Horaire
100
AcDbCircle
 62
93
  6
CONTINUOUS
 10
 449.169616699219
 20
-644.949765121156
 40
 5
  0
CIRCLE
 5
 2112
100
AcDbEntity
  8
Coupe_Sens_Horaire
100
AcDbCircle
 62
93
  6
CONTINUOUS
 10
 465.169616699219
 20
-478.672887594544
 40
 5
  0
CIRCLE
 5
 2113
100
AcDbEntity
  8
Coupe_Sens_Horaire
100
AcDbCircle
 62
93
  6
CONTINUOUS
 10
 465.169616699219
 20
-506.385700515646
 40
 5
  0
CIRCLE
 5
 2114
100
AcDbEntity
  8
Coupe_Sens_Horaire
100
AcDbCircle
 62
93
  6
CONTINUOUS
 10
 465.169616699219
 20
-534.098513436748
 40
 5
  0
CIRCLE
 5
 2115
100
AcDbEntity
  8
Coupe_Sens_Horaire
100
AcDbCircle
 62
93
  6
CONTINUOUS
 10
 465.169616699219
 20
-561.81132635785
 40
 5
  0
CIRCLE
 5
 2116
100
AcDbEntity
  8
Coupe_Sens_Horaire
100
AcDbCircle
 62
93
  6
CONTINUOUS
 10
 465.169616699219
 20
-589.524139278952
 40
 5
  0
CIRCLE
 5
 2117
100
AcDbEntity
  8
Coupe_Sens_Horaire
100
AcDbCircle
 62
93
  6
CONTINUOUS
 10
 465.169616699219
 20
-617.236952200054
 40
 5
  0
CIRCLE
 5
 2118
100
AcDbEntity
  8
Coupe_Sens_Horaire
100
AcDbCircle
 62
93
  6
CONTINUOUS
 10
 465.169616699219
 20
-644.949765121156
 40
 5
  0
CIRCLE
 5
 2119
100
AcDbEntity
  8
Coupe_Sens_Horaire
100
AcDbCircle
 62
93
  6
CONTINUOUS
 10
 481.169616699219
 20
-478.672887594544
 40
 5
  0
CIRCLE
 5
 2120
100
AcDbEntity
  8
Coupe_Sens_Horaire
100
AcDbCircle
 62
93
  6
CONTINUOUS
 10
 481.169616699219
 20
-506.385700515646
 40
 5
  0
CIRCLE
 5
 2121
100
AcDbEntity
  8
Coupe_Sens_Horaire
100
AcDbCircle
 62
93
  6
CONTINUOUS
 10
 481.169616699219
 20
-534.098513436748
 40
 5
  0
CIRCLE
 5
 2122
100
AcDbEntity
  8
Coupe_Sens_Horaire
100
AcDbCircle
 62
93
  6
CONTINUOUS
 10
 481.169616699219
 20
-561.81132635785
 40
 5
  0
CIRCLE
 5
 2123
100
AcDbEntity
  8
Coupe_Sens_Horaire
100
AcDbCircle
 62
93
  6
CONTINUOUS
 10
 481.169616699219
 20
-589.524139278952
 40
 5
  0
CIRCLE
 5
 2124
100
AcDbEntity
  8
Coupe_Sens_Horaire
100
AcDbCircle
 62
93
  6
CONTINUOUS
 10
 481.169616699219
 20
-617.236952200054
 40
 5
  0
CIRCLE
 5
 2125
100
AcDbEntity
  8
Coupe_Sens_Horaire
100
AcDbCircle
 62
93
  6
CONTINUOUS
 10
 481.169616699219
 20
-644.949765121156
 40
 5
  0
CIRCLE
 5
 2126
100
AcDbEntity
  8
Coupe_Sens_Horaire
100
AcDbCircle
 62
93
  6
CONTINUOUS
 10
 497.169616699219
 20
-478.672887594544
 40
 5
  0
CIRCLE
 5
 2127
100
AcDbEntity
  8
Coupe_Sens_Horaire
100
AcDbCircle
 62
93
  6
CONTINUOUS
 10
 497.169616699219
 20
-506.385700515646
 40
 5
  0
CIRCLE
 5
 2128
100
AcDbEntity
  8
Coupe_Sens_Horaire
100
AcDbCircle
 62
93
  6
CONTINUOUS
 10
 497.169616699219
 20
-534.098513436748
 40
 5
  0
CIRCLE
 5
 2129
100
AcDbEntity
  8
Coupe_Sens_Horaire
100
AcDbCircle
 62
93
  6
CONTINUOUS
 10
 497.169616699219
 20
-561.81132635785
 40
 5
  0
CIRCLE
 5
 2130
100
AcDbEntity
  8
Coupe_Sens_Horaire
100
AcDbCircle
 62
93
  6
CONTINUOUS
 10
 497.169616699219
 20
-589.524139278952
 40
 5
  0
CIRCLE
 5
 2131
100
AcDbEntity
  8
Coupe_Sens_Horaire
100
AcDbCircle
 62
93
  6
CONTINUOUS
 10
 497.169616699219
 20
-617.236952200054
 40
 5
  0
CIRCLE
 5
 2132
100
AcDbEntity
  8
Coupe_Sens_Horaire
100
AcDbCircle
 62
93
  6
CONTINUOUS
 10
 497.169616699219
 20
-644.949765121156
 40
 5
  0
CIRCLE
 5
 2133
100
AcDbEntity
  8
Coupe_Sens_Horaire
100
AcDbCircle
 62
93
  6
CONTINUOUS
 10
 513.169616699219
 20
-478.672887594544
 40
 5
  0
CIRCLE
 5
 2134
100
AcDbEntity
  8
Coupe_Sens_Horaire
100
AcDbCircle
 62
93
  6
CONTINUOUS
 10
 513.169616699219
 20
-506.385700515646
 40
 5
  0
CIRCLE
 5
 2135
100
AcDbEntity
  8
Coupe_Sens_Horaire
100
AcDbCircle
 62
93
  6
CONTINUOUS
 10
 513.169616699219
 20
-534.098513436748
 40
 5
  0
CIRCLE
 5
 2136
100
AcDbEntity
  8
Coupe_Sens_Horaire
100
AcDbCircle
 62
93
  6
CONTINUOUS
 10
 513.169616699219
 20
-561.81132635785
 40
 5
  0
CIRCLE
 5
 2137
100
AcDbEntity
  8
Coupe_Sens_Horaire
100
AcDbCircle
 62
93
  6
CONTINUOUS
 10
 513.169616699219
 20
-589.524139278952
 40
 5
  0
CIRCLE
 5
 2138
100
AcDbEntity
  8
Coupe_Sens_Horaire
100
AcDbCircle
 62
93
  6
CONTINUOUS
 10
 513.169616699219
 20
-617.236952200054
 40
 5
  0
CIRCLE
 5
 2139
100
AcDbEntity
  8
Coupe_Sens_Horaire
100
AcDbCircle
 62
93
  6
CONTINUOUS
 10
 513.169616699219
 20
-644.949765121156
 40
 5
  0
CIRCLE
 5
 2140
100
AcDbEntity
  8
Coupe_Sens_Horaire
100
AcDbCircle
 62
93
  6
CONTINUOUS
 10
 529.169616699219
 20
-478.672887594544
 40
 5
  0
CIRCLE
 5
 2141
100
AcDbEntity
  8
Coupe_Sens_Horaire
100
AcDbCircle
 62
93
  6
CONTINUOUS
 10
 529.169616699219
 20
-506.385700515646
 40
 5
  0
CIRCLE
 5
 2142
100
AcDbEntity
  8
Coupe_Sens_Horaire
100
AcDbCircle
 62
93
  6
CONTINUOUS
 10
 529.169616699219
 20
-534.098513436748
 40
 5
  0
CIRCLE
 5
 2143
100
AcDbEntity
  8
Coupe_Sens_Horaire
100
AcDbCircle
 62
93
  6
CONTINUOUS
 10
 529.169616699219
 20
-561.81132635785
 40
 5
  0
CIRCLE
 5
 2144
100
AcDbEntity
  8
Coupe_Sens_Horaire
100
AcDbCircle
 62
93
  6
CONTINUOUS
 10
 529.169616699219
 20
-589.524139278952
 40
 5
  0
CIRCLE
 5
 2145
100
AcDbEntity
  8
Coupe_Sens_Horaire
100
AcDbCircle
 62
93
  6
CONTINUOUS
 10
 529.169616699219
 20
-617.236952200054
 40
 5
  0
CIRCLE
 5
 2146
100
AcDbEntity
  8
Coupe_Sens_Horaire
100
AcDbCircle
 62
93
  6
CONTINUOUS
 10
 529.169616699219
 20
-644.949765121156
 40
 5
  0
CIRCLE
 5
 2147
100
AcDbEntity
  8
Coupe_Sens_Horaire
100
AcDbCircle
 62
93
  6
CONTINUOUS
 10
 545.169616699219
 20
-478.672887594544
 40
 5
  0
CIRCLE
 5
 2148
100
AcDbEntity
  8
Coupe_Sens_Horaire
100
AcDbCircle
 62
93
  6
CONTINUOUS
 10
 545.169616699219
 20
-506.385700515646
 40
 5
  0
CIRCLE
 5
 2149
100
AcDbEntity
  8
Coupe_Sens_Horaire
100
AcDbCircle
 62
93
  6
CONTINUOUS
 10
 545.169616699219
 20
-534.098513436748
 40
 5
  0
CIRCLE
 5
 2150
100
AcDbEntity
  8
Coupe_Sens_Horaire
100
AcDbCircle
 62
93
  6
CONTINUOUS
 10
 545.169616699219
 20
-561.81132635785
 40
 5
  0
CIRCLE
 5
 2151
100
AcDbEntity
  8
Coupe_Sens_Horaire
100
AcDbCircle
 62
93
  6
CONTINUOUS
 10
 545.169616699219
 20
-589.524139278952
 40
 5
  0
CIRCLE
 5
 2152
100
AcDbEntity
  8
Coupe_Sens_Horaire
100
AcDbCircle
 62
93
  6
CONTINUOUS
 10
 545.169616699219
 20
-617.236952200054
 40
 5
  0
CIRCLE
 5
 2153
100
AcDbEntity
  8
Coupe_Sens_Horaire
100
AcDbCircle
 62
93
  6
CONTINUOUS
 10
 545.169616699219
 20
-644.949765121156
 40
 5
  0
CIRCLE
 5
 2154
100
AcDbEntity
  8
Coupe_Sens_Horaire
100
AcDbCircle
 62
93
  6
CONTINUOUS
 10
 561.169616699219
 20
-478.672887594544
 40
 5
  0
CIRCLE
 5
 2155
100
AcDbEntity
  8
Coupe_Sens_Horaire
100
AcDbCircle
 62
93
  6
CONTINUOUS
 10
 561.169616699219
 20
-506.385700515646
 40
 5
  0
CIRCLE
 5
 2156
100
AcDbEntity
  8
Coupe_Sens_Horaire
100
AcDbCircle
 62
93
  6
CONTINUOUS
 10
 561.169616699219
 20
-534.098513436748
 40
 5
  0
CIRCLE
 5
 2157
100
AcDbEntity
  8
Coupe_Sens_Horaire
100
AcDbCircle
 62
93
  6
CONTINUOUS
 10
 561.169616699219
 20
-561.81132635785
 40
 5
  0
CIRCLE
 5
 2158
100
AcDbEntity
  8
Coupe_Sens_Horaire
100
AcDbCircle
 62
93
  6
CONTINUOUS
 10
 561.169616699219
 20
-589.524139278952
 40
 5
  0
CIRCLE
 5
 2159
100
AcDbEntity
  8
Coupe_Sens_Horaire
100
AcDbCircle
 62
93
  6
CONTINUOUS
 10
 561.169616699219
 20
-617.236952200054
 40
 5
  0
CIRCLE
 5
 2160
100
AcDbEntity
  8
Coupe_Sens_Horaire
100
AcDbCircle
 62
93
  6
CONTINUOUS
 10
 561.169616699219
 20
-644.949765121156
 40
 5
  0
CIRCLE
 5
 2161
100
AcDbEntity
  8
Coupe_Sens_Horaire
100
AcDbCircle
 62
93
  6
CONTINUOUS
 10
 577.169616699219
 20
-478.672887594544
 40
 5
  0
CIRCLE
 5
 2162
100
AcDbEntity
  8
Coupe_Sens_Horaire
100
AcDbCircle
 62
93
  6
CONTINUOUS
 10
 577.169616699219
 20
-506.385700515646
 40
 5
  0
CIRCLE
 5
 2163
100
AcDbEntity
  8
Coupe_Sens_Horaire
100
AcDbCircle
 62
93
  6
CONTINUOUS
 10
 577.169616699219
 20
-534.098513436748
 40
 5
  0
CIRCLE
 5
 2164
100
AcDbEntity
  8
Coupe_Sens_Horaire
100
AcDbCircle
 62
93
  6
CONTINUOUS
 10
 577.169616699219
 20
-561.81132635785
 40
 5
  0
CIRCLE
 5
 2165
100
AcDbEntity
  8
Coupe_Sens_Horaire
100
AcDbCircle
 62
93
  6
CONTINUOUS
 10
 577.169616699219
 20
-589.524139278952
 40
 5
  0
CIRCLE
 5
 2166
100
AcDbEntity
  8
Coupe_Sens_Horaire
100
AcDbCircle
 62
93
  6
CONTINUOUS
 10
 577.169616699219
 20
-617.236952200054
 40
 5
  0
CIRCLE
 5
 2167
100
AcDbEntity
  8
Coupe_Sens_Horaire
100
AcDbCircle
 62
93
  6
CONTINUOUS
 10
 577.169616699219
 20
-644.949765121156
 40
 5
  0
CIRCLE
 5
 2168
100
AcDbEntity
  8
Coupe_Sens_Horaire
100
AcDbCircle
 62
93
  6
CONTINUOUS
 10
 593.169616699219
 20
-478.672887594544
 40
 5
  0
CIRCLE
 5
 2169
100
AcDbEntity
  8
Coupe_Sens_Horaire
100
AcDbCircle
 62
93
  6
CONTINUOUS
 10
 593.169616699219
 20
-506.385700515646
 40
 5
  0
CIRCLE
 5
 2170
100
AcDbEntity
  8
Coupe_Sens_Horaire
100
AcDbCircle
 62
93
  6
CONTINUOUS
 10
 593.169616699219
 20
-534.098513436748
 40
 5
  0
CIRCLE
 5
 2171
100
AcDbEntity
  8
Coupe_Sens_Horaire
100
AcDbCircle
 62
93
  6
CONTINUOUS
 10
 593.169616699219
 20
-561.81132635785
 40
 5
  0
CIRCLE
 5
 2172
100
AcDbEntity
  8
Coupe_Sens_Horaire
100
AcDbCircle
 62
93
  6
CONTINUOUS
 10
 593.169616699219
 20
-589.524139278952
 40
 5
  0
CIRCLE
 5
 2173
100
AcDbEntity
  8
Coupe_Sens_Horaire
100
AcDbCircle
 62
93
  6
CONTINUOUS
 10
 593.169616699219
 20
-617.236952200054
 40
 5
  0
CIRCLE
 5
 2174
100
AcDbEntity
  8
Coupe_Sens_Horaire
100
AcDbCircle
 62
93
  6
CONTINUOUS
 10
 593.169616699219
 20
-644.949765121156
 40
 5
  0
CIRCLE
 5
 2175
100
AcDbEntity
  8
Coupe_Sens_Horaire
100
AcDbCircle
 62
93
  6
CONTINUOUS
 10
 9.1696166992192
 20
-464.816481220148
 40
 5
  0
CIRCLE
 5
 2176
100
AcDbEntity
  8
Coupe_Sens_Horaire
100
AcDbCircle
 62
93
  6
CONTINUOUS
 10
 9.1696166992192
 20
-492.52929414125
 40
 5
  0
CIRCLE
 5
 2177
100
AcDbEntity
  8
Coupe_Sens_Horaire
100
AcDbCircle
 62
93
  6
CONTINUOUS
 10
 9.1696166992192
 20
-520.242107062352
 40
 5
  0
CIRCLE
 5
 2178
100
AcDbEntity
  8
Coupe_Sens_Horaire
100
AcDbCircle
 62
93
  6
CONTINUOUS
 10
 9.1696166992192
 20
-547.954919983454
 40
 5
  0
CIRCLE
 5
 2179
100
AcDbEntity
  8
Coupe_Sens_Horaire
100
AcDbCircle
 62
93
  6
CONTINUOUS
 10
 9.1696166992192
 20
-575.667732904556
 40
 5
  0
CIRCLE
 5
 2180
100
AcDbEntity
  8
Coupe_Sens_Horaire
100
AcDbCircle
 62
93
  6
CONTINUOUS
 10
 9.1696166992192
 20
-603.380545825658
 40
 5
  0
CIRCLE
 5
 2181
100
AcDbEntity
  8
Coupe_Sens_Horaire
100
AcDbCircle
 62
93
  6
CONTINUOUS
 10
 9.1696166992192
 20
-631.093358746761
 40
 5
  0
CIRCLE
 5
 2182
100
AcDbEntity
  8
Coupe_Sens_Horaire
100
AcDbCircle
 62
93
  6
CONTINUOUS
 10
 9.1696166992192
 20
-658.806171667863
 40
 5
  0
CIRCLE
 5
 2183
100
AcDbEntity
  8
Coupe_Sens_Horaire
100
AcDbCircle
 62
93
  6
CONTINUOUS
 10
-6.8303833007808
 20
-464.816481392458
 40
 5
  0
CIRCLE
 5
 2184
100
AcDbEntity
  8
Coupe_Sens_Horaire
100
AcDbCircle
 62
93
  6
CONTINUOUS
 10
-6.8303833007808
 20
-492.52929431356
 40
 5
  0
CIRCLE
 5
 2185
100
AcDbEntity
  8
Coupe_Sens_Horaire
100
AcDbCircle
 62
93
  6
CONTINUOUS
 10
-6.8303833007808
 20
-520.242107234662
 40
 5
  0
CIRCLE
 5
 2186
100
AcDbEntity
  8
Coupe_Sens_Horaire
100
AcDbCircle
 62
93
  6
CONTINUOUS
 10
-6.8303833007808
 20
-547.954920155764
 40
 5
  0
CIRCLE
 5
 2187
100
AcDbEntity
  8
Coupe_Sens_Horaire
100
AcDbCircle
 62
93
  6
CONTINUOUS
 10
-6.8303833007808
 20
-575.667733076866
 40
 5
  0
CIRCLE
 5
 2188
100
AcDbEntity
  8
Coupe_Sens_Horaire
100
AcDbCircle
 62
93
  6
CONTINUOUS
 10
-6.8303833007808
 20
-603.380545997968
 40
 5
  0
CIRCLE
 5
 2189
100
AcDbEntity
  8
Coupe_Sens_Horaire
100
AcDbCircle
 62
93
  6
CONTINUOUS
 10
-6.8303833007808
 20
-631.093358919071
 40
 5
  0
CIRCLE
 5
 2190
100
AcDbEntity
  8
Coupe_Sens_Horaire
100
AcDbCircle
 62
93
  6
CONTINUOUS
 10
-6.8303833007808
 20
-658.806171840173
 40
 5
  0
CIRCLE
 5
 2191
100
AcDbEntity
  8
Coupe_Sens_Horaire
100
AcDbCircle
 62
93
  6
CONTINUOUS
 10
-22.8303833007808
 20
-464.816481564768
 40
 5
  0
CIRCLE
 5
 2192
100
AcDbEntity
  8
Coupe_Sens_Horaire
100
AcDbCircle
 62
93
  6
CONTINUOUS
 10
-22.8303833007808
 20
-492.52929448587
 40
 5
  0
CIRCLE
 5
 2193
100
AcDbEntity
  8
Coupe_Sens_Horaire
100
AcDbCircle
 62
93
  6
CONTINUOUS
 10
-22.8303833007808
 20
-520.242107406972
 40
 5
  0
CIRCLE
 5
 2194
100
AcDbEntity
  8
Coupe_Sens_Horaire
100
AcDbCircle
 62
93
  6
CONTINUOUS
 10
-22.8303833007808
 20
-547.954920328074
 40
 5
  0
CIRCLE
 5
 2195
100
AcDbEntity
  8
Coupe_Sens_Horaire
100
AcDbCircle
 62
93
  6
CONTINUOUS
 10
-22.8303833007808
 20
-575.667733249177
 40
 5
  0
CIRCLE
 5
 2196
100
AcDbEntity
  8
Coupe_Sens_Horaire
100
AcDbCircle
 62
93
  6
CONTINUOUS
 10
-22.8303833007808
 20
-603.380546170279
 40
 5
  0
CIRCLE
 5
 2197
100
AcDbEntity
  8
Coupe_Sens_Horaire
100
AcDbCircle
 62
93
  6
CONTINUOUS
 10
-22.8303833007808
 20
-631.093359091381
 40
 5
  0
CIRCLE
 5
 2198
100
AcDbEntity
  8
Coupe_Sens_Horaire
100
AcDbCircle
 62
93
  6
CONTINUOUS
 10
-22.8303833007808
 20
-658.806172012483
 40
 5
  0
CIRCLE
 5
 2199
100
AcDbEntity
  8
Coupe_Sens_Horaire
100
AcDbCircle
 62
93
  6
CONTINUOUS
 10
-38.8303833007808
 20
-464.816481737078
 40
 5
  0
CIRCLE
 5
 2200
100
AcDbEntity
  8
Coupe_Sens_Horaire
100
AcDbCircle
 62
93
  6
CONTINUOUS
 10
-38.8303833007808
 20
-492.52929465818
 40
 5
  0
CIRCLE
 5
 2201
100
AcDbEntity
  8
Coupe_Sens_Horaire
100
AcDbCircle
 62
93
  6
CONTINUOUS
 10
-38.8303833007808
 20
-520.242107579282
 40
 5
  0
CIRCLE
 5
 2202
100
AcDbEntity
  8
Coupe_Sens_Horaire
100
AcDbCircle
 62
93
  6
CONTINUOUS
 10
-38.8303833007808
 20
-547.954920500384
 40
 5
  0
CIRCLE
 5
 2203
100
AcDbEntity
  8
Coupe_Sens_Horaire
100
AcDbCircle
 62
93
  6
CONTINUOUS
 10
-38.8303833007808
 20
-575.667733421487
 40
 5
  0
CIRCLE
 5
 2204
100
AcDbEntity
  8
Coupe_Sens_Horaire
100
AcDbCircle
 62
93
  6
CONTINUOUS
 10
-38.8303833007808
 20
-603.380546342589
 40
 5
  0
CIRCLE
 5
 2205
100
AcDbEntity
  8
Coupe_Sens_Horaire
100
AcDbCircle
 62
93
  6
CONTINUOUS
 10
-38.8303833007808
 20
-631.093359263691
 40
 5
  0
CIRCLE
 5
 2206
100
AcDbEntity
  8
Coupe_Sens_Horaire
100
AcDbCircle
 62
93
  6
CONTINUOUS
 10
-38.8303833007808
 20
-658.806172184793
 40
 5
  0
CIRCLE
 5
 2207
100
AcDbEntity
  8
Coupe_Sens_Horaire
100
AcDbCircle
 62
93
  6
CONTINUOUS
 10
-54.8303833007808
 20
-464.816481909388
 40
 5
  0
CIRCLE
 5
 2208
100
AcDbEntity
  8
Coupe_Sens_Horaire
100
AcDbCircle
 62
93
  6
CONTINUOUS
 10
-54.8303833007808
 20
-492.52929483049
 40
 5
  0
CIRCLE
 5
 2209
100
AcDbEntity
  8
Coupe_Sens_Horaire
100
AcDbCircle
 62
93
  6
CONTINUOUS
 10
-54.8303833007808
 20
-520.242107751592
 40
 5
  0
CIRCLE
 5
 2210
100
AcDbEntity
  8
Coupe_Sens_Horaire
100
AcDbCircle
 62
93
  6
CONTINUOUS
 10
-54.8303833007808
 20
-547.954920672694
 40
 5
  0
CIRCLE
 5
 2211
100
AcDbEntity
  8
Coupe_Sens_Horaire
100
AcDbCircle
 62
93
  6
CONTINUOUS
 10
-54.8303833007808
 20
-575.667733593796
 40
 5
  0
CIRCLE
 5
 2212
100
AcDbEntity
  8
Coupe_Sens_Horaire
100
AcDbCircle
 62
93
  6
CONTINUOUS
 10
-54.8303833007808
 20
-603.380546514899
 40
 5
  0
CIRCLE
 5
 2213
100
AcDbEntity
  8
Coupe_Sens_Horaire
100
AcDbCircle
 62
93
  6
CONTINUOUS
 10
-54.8303833007808
 20
-631.093359436001
 40
 5
  0
CIRCLE
 5
 2214
100
AcDbEntity
  8
Coupe_Sens_Horaire
100
AcDbCircle
 62
93
  6
CONTINUOUS
 10
-54.8303833007808
 20
-658.806172357103
 40
 5
  0
CIRCLE
 5
 2215
100
AcDbEntity
  8
Coupe_Sens_Horaire
100
AcDbCircle
 62
93
  6
CONTINUOUS
 10
-70.8303833007813
 20
-464.816482081698
 40
 5
  0
CIRCLE
 5
 2216
100
AcDbEntity
  8
Coupe_Sens_Horaire
100
AcDbCircle
 62
93
  6
CONTINUOUS
 10
-70.8303833007813
 20
-492.5292950028
 40
 5
  0
CIRCLE
 5
 2217
100
AcDbEntity
  8
Coupe_Sens_Horaire
100
AcDbCircle
 62
93
  6
CONTINUOUS
 10
-70.8303833007813
 20
-520.242107923902
 40
 5
  0
CIRCLE
 5
 2218
100
AcDbEntity
  8
Coupe_Sens_Horaire
100
AcDbCircle
 62
93
  6
CONTINUOUS
 10
-70.8303833007813
 20
-547.954920845004
 40
 5
  0
CIRCLE
 5
 2219
100
AcDbEntity
  8
Coupe_Sens_Horaire
100
AcDbCircle
 62
93
  6
CONTINUOUS
 10
-70.8303833007813
 20
-575.667733766107
 40
 5
  0
CIRCLE
 5
 2220
100
AcDbEntity
  8
Coupe_Sens_Horaire
100
AcDbCircle
 62
93
  6
CONTINUOUS
 10
-70.8303833007813
 20
-603.380546687209
 40
 5
  0
CIRCLE
 5
 2221
100
AcDbEntity
  8
Coupe_Sens_Horaire
100
AcDbCircle
 62
93
  6
CONTINUOUS
 10
-70.8303833007813
 20
-631.093359608311
 40
 5
  0
CIRCLE
 5
 2222
100
AcDbEntity
  8
Coupe_Sens_Horaire
100
AcDbCircle
 62
93
  6
CONTINUOUS
 10
-70.8303833007813
 20
-658.806172529413
 40
 5
  0
CIRCLE
 5
 2223
100
AcDbEntity
  8
Coupe_Sens_Horaire
100
AcDbCircle
 62
93
  6
CONTINUOUS
 10
-86.8303833007813
 20
-464.816482254008
 40
 5
  0
CIRCLE
 5
 2224
100
AcDbEntity
  8
Coupe_Sens_Horaire
100
AcDbCircle
 62
93
  6
CONTINUOUS
 10
-86.8303833007813
 20
-492.52929517511
 40
 5
  0
CIRCLE
 5
 2225
100
AcDbEntity
  8
Coupe_Sens_Horaire
100
AcDbCircle
 62
93
  6
CONTINUOUS
 10
-86.8303833007813
 20
-520.242108096212
 40
 5
  0
CIRCLE
 5
 2226
100
AcDbEntity
  8
Coupe_Sens_Horaire
100
AcDbCircle
 62
93
  6
CONTINUOUS
 10
-86.8303833007813
 20
-547.954921017315
 40
 5
  0
CIRCLE
 5
 2227
100
AcDbEntity
  8
Coupe_Sens_Horaire
100
AcDbCircle
 62
93
  6
CONTINUOUS
 10
-86.8303833007813
 20
-575.667733938417
 40
 5
  0
CIRCLE
 5
 2228
100
AcDbEntity
  8
Coupe_Sens_Horaire
100
AcDbCircle
 62
93
  6
CONTINUOUS
 10
-86.8303833007813
 20
-603.380546859519
 40
 5
  0
CIRCLE
 5
 2229
100
AcDbEntity
  8
Coupe_Sens_Horaire
100
AcDbCircle
 62
93
  6
CONTINUOUS
 10
-86.8303833007813
 20
-631.093359780621
 40
 5
  0
CIRCLE
 5
 2230
100
AcDbEntity
  8
Coupe_Sens_Horaire
100
AcDbCircle
 62
93
  6
CONTINUOUS
 10
-86.8303833007813
 20
-658.806172701723
 40
 5
  0
CIRCLE
 5
 2231
100
AcDbEntity
  8
Coupe_Sens_Horaire
100
AcDbCircle
 62
93
  6
CONTINUOUS
 10
-102.830383300781
 20
-464.816482426318
 40
 5
  0
CIRCLE
 5
 2232
100
AcDbEntity
  8
Coupe_Sens_Horaire
100
AcDbCircle
 62
93
  6
CONTINUOUS
 10
-102.830383300781
 20
-492.529295347421
 40
 5
  0
CIRCLE
 5
 2233
100
AcDbEntity
  8
Coupe_Sens_Horaire
100
AcDbCircle
 62
93
  6
CONTINUOUS
 10
-102.830383300781
 20
-520.242108268523
 40
 5
  0
CIRCLE
 5
 2234
100
AcDbEntity
  8
Coupe_Sens_Horaire
100
AcDbCircle
 62
93
  6
CONTINUOUS
 10
-102.830383300781
 20
-547.954921189625
 40
 5
  0
CIRCLE
 5
 2235
100
AcDbEntity
  8
Coupe_Sens_Horaire
100
AcDbCircle
 62
93
  6
CONTINUOUS
 10
-102.830383300781
 20
-575.667734110727
 40
 5
  0
CIRCLE
 5
 2236
100
AcDbEntity
  8
Coupe_Sens_Horaire
100
AcDbCircle
 62
93
  6
CONTINUOUS
 10
-102.830383300781
 20
-603.380547031829
 40
 5
  0
CIRCLE
 5
 2237
100
AcDbEntity
  8
Coupe_Sens_Horaire
100
AcDbCircle
 62
93
  6
CONTINUOUS
 10
-102.830383300781
 20
-631.093359952931
 40
 5
  0
CIRCLE
 5
 2238
100
AcDbEntity
  8
Coupe_Sens_Horaire
100
AcDbCircle
 62
93
  6
CONTINUOUS
 10
-102.830383300781
 20
-658.806172874033
 40
 5
  0
CIRCLE
 5
 2239
100
AcDbEntity
  8
Coupe_Sens_Horaire
100
AcDbCircle
 62
93
  6
CONTINUOUS
 10
-118.830383300781
 20
-464.816482598628
 40
 5
  0
CIRCLE
 5
 2240
100
AcDbEntity
  8
Coupe_Sens_Horaire
100
AcDbCircle
 62
93
  6
CONTINUOUS
 10
-118.830383300781
 20
-492.52929551973
 40
 5
  0
CIRCLE
 5
 2241
100
AcDbEntity
  8
Coupe_Sens_Horaire
100
AcDbCircle
 62
93
  6
CONTINUOUS
 10
-118.830383300781
 20
-520.242108440833
 40
 5
  0
CIRCLE
 5
 2242
100
AcDbEntity
  8
Coupe_Sens_Horaire
100
AcDbCircle
 62
93
  6
CONTINUOUS
 10
-118.830383300781
 20
-547.954921361935
 40
 5
  0
CIRCLE
 5
 2243
100
AcDbEntity
  8
Coupe_Sens_Horaire
100
AcDbCircle
 62
93
  6
CONTINUOUS
 10
-118.830383300781
 20
-575.667734283037
 40
 5
  0
CIRCLE
 5
 2244
100
AcDbEntity
  8
Coupe_Sens_Horaire
100
AcDbCircle
 62
93
  6
CONTINUOUS
 10
-118.830383300781
 20
-603.380547204139
 40
 5
  0
CIRCLE
 5
 2245
100
AcDbEntity
  8
Coupe_Sens_Horaire
100
AcDbCircle
 62
93
  6
CONTINUOUS
 10
-118.830383300781
 20
-631.093360125241
 40
 5
  0
CIRCLE
 5
 2246
100
AcDbEntity
  8
Coupe_Sens_Horaire
100
AcDbCircle
 62
93
  6
CONTINUOUS
 10
-118.830383300781
 20
-658.806173046343
 40
 5
  0
CIRCLE
 5
 2247
100
AcDbEntity
  8
Coupe_Sens_Horaire
100
AcDbCircle
 62
93
  6
CONTINUOUS
 10
-134.830383300781
 20
-464.816482770938
 40
 5
  0
CIRCLE
 5
 2248
100
AcDbEntity
  8
Coupe_Sens_Horaire
100
AcDbCircle
 62
93
  6
CONTINUOUS
 10
-134.830383300781
 20
-492.529295692041
 40
 5
  0
CIRCLE
 5
 2249
100
AcDbEntity
  8
Coupe_Sens_Horaire
100
AcDbCircle
 62
93
  6
CONTINUOUS
 10
-134.830383300781
 20
-520.242108613143
 40
 5
  0
CIRCLE
 5
 2250
100
AcDbEntity
  8
Coupe_Sens_Horaire
100
AcDbCircle
 62
93
  6
CONTINUOUS
 10
-134.830383300781
 20
-547.954921534245
 40
 5
  0
CIRCLE
 5
 2251
100
AcDbEntity
  8
Coupe_Sens_Horaire
100
AcDbCircle
 62
93
  6
CONTINUOUS
 10
-134.830383300781
 20
-575.667734455347
 40
 5
  0
CIRCLE
 5
 2252
100
AcDbEntity
  8
Coupe_Sens_Horaire
100
AcDbCircle
 62
93
  6
CONTINUOUS
 10
-134.830383300781
 20
-603.380547376449
 40
 5
  0
CIRCLE
 5
 2253
100
AcDbEntity
  8
Coupe_Sens_Horaire
100
AcDbCircle
 62
93
  6
CONTINUOUS
 10
-134.830383300781
 20
-631.093360297551
 40
 5
  0
CIRCLE
 5
 2254
100
AcDbEntity
  8
Coupe_Sens_Horaire
100
AcDbCircle
 62
93
  6
CONTINUOUS
 10
-134.830383300781
 20
-658.806173218653
 40
 5
  0
CIRCLE
 5
 2255
100
AcDbEntity
  8
Coupe_Sens_Horaire
100
AcDbCircle
 62
93
  6
CONTINUOUS
 10
-150.830383300781
 20
-464.816482943248
 40
 5
  0
CIRCLE
 5
 2256
100
AcDbEntity
  8
Coupe_Sens_Horaire
100
AcDbCircle
 62
93
  6
CONTINUOUS
 10
-150.830383300781
 20
-492.52929586435
 40
 5
  0
CIRCLE
 5
 2257
100
AcDbEntity
  8
Coupe_Sens_Horaire
100
AcDbCircle
 62
93
  6
CONTINUOUS
 10
-150.830383300781
 20
-520.242108785453
 40
 5
  0
CIRCLE
 5
 2258
100
AcDbEntity
  8
Coupe_Sens_Horaire
100
AcDbCircle
 62
93
  6
CONTINUOUS
 10
-150.830383300781
 20
-547.954921706555
 40
 5
  0
CIRCLE
 5
 2259
100
AcDbEntity
  8
Coupe_Sens_Horaire
100
AcDbCircle
 62
93
  6
CONTINUOUS
 10
-150.830383300781
 20
-575.667734627657
 40
 5
  0
CIRCLE
 5
 2260
100
AcDbEntity
  8
Coupe_Sens_Horaire
100
AcDbCircle
 62
93
  6
CONTINUOUS
 10
-150.830383300781
 20
-603.380547548759
 40
 5
  0
CIRCLE
 5
 2261
100
AcDbEntity
  8
Coupe_Sens_Horaire
100
AcDbCircle
 62
93
  6
CONTINUOUS
 10
-150.830383300781
 20
-631.093360469861
 40
 5
  0
CIRCLE
 5
 2262
100
AcDbEntity
  8
Coupe_Sens_Horaire
100
AcDbCircle
 62
93
  6
CONTINUOUS
 10
-150.830383300781
 20
-658.806173390963
 40
 5
  0
CIRCLE
 5
 2263
100
AcDbEntity
  8
Coupe_Sens_Horaire
100
AcDbCircle
 62
93
  6
CONTINUOUS
 10
-166.830383300781
 20
-464.816483115559
 40
 5
  0
CIRCLE
 5
 2264
100
AcDbEntity
  8
Coupe_Sens_Horaire
100
AcDbCircle
 62
93
  6
CONTINUOUS
 10
-166.830383300781
 20
-492.529296036661
 40
 5
  0
CIRCLE
 5
 2265
100
AcDbEntity
  8
Coupe_Sens_Horaire
100
AcDbCircle
 62
93
  6
CONTINUOUS
 10
-166.830383300781
 20
-520.242108957763
 40
 5
  0
CIRCLE
 5
 2266
100
AcDbEntity
  8
Coupe_Sens_Horaire
100
AcDbCircle
 62
93
  6
CONTINUOUS
 10
-166.830383300781
 20
-547.954921878865
 40
 5
  0
CIRCLE
 5
 2267
100
AcDbEntity
  8
Coupe_Sens_Horaire
100
AcDbCircle
 62
93
  6
CONTINUOUS
 10
-166.830383300781
 20
-575.667734799967
 40
 5
  0
CIRCLE
 5
 2268
100
AcDbEntity
  8
Coupe_Sens_Horaire
100
AcDbCircle
 62
93
  6
CONTINUOUS
 10
-166.830383300781
 20
-603.380547721069
 40
 5
  0
CIRCLE
 5
 2269
100
AcDbEntity
  8
Coupe_Sens_Horaire
100
AcDbCircle
 62
93
  6
CONTINUOUS
 10
-166.830383300781
 20
-631.093360642171
 40
 5
  0
CIRCLE
 5
 2270
100
AcDbEntity
  8
Coupe_Sens_Horaire
100
AcDbCircle
 62
93
  6
CONTINUOUS
 10
-166.830383300781
 20
-658.806173563273
 40
 5
  0
CIRCLE
 5
 2271
100
AcDbEntity
  8
Coupe_Sens_Horaire
100
AcDbCircle
 62
93
  6
CONTINUOUS
 10
-182.830383300781
 20
-464.816483287869
 40
 5
  0
CIRCLE
 5
 2272
100
AcDbEntity
  8
Coupe_Sens_Horaire
100
AcDbCircle
 62
93
  6
CONTINUOUS
 10
-182.830383300781
 20
-492.529296208971
 40
 5
  0
CIRCLE
 5
 2273
100
AcDbEntity
  8
Coupe_Sens_Horaire
100
AcDbCircle
 62
93
  6
CONTINUOUS
 10
-182.830383300781
 20
-520.242109130073
 40
 5
  0
CIRCLE
 5
 2274
100
AcDbEntity
  8
Coupe_Sens_Horaire
100
AcDbCircle
 62
93
  6
CONTINUOUS
 10
-182.830383300781
 20
-547.954922051175
 40
 5
  0
CIRCLE
 5
 2275
100
AcDbEntity
  8
Coupe_Sens_Horaire
100
AcDbCircle
 62
93
  6
CONTINUOUS
 10
-182.830383300781
 20
-575.667734972277
 40
 5
  0
CIRCLE
 5
 2276
100
AcDbEntity
  8
Coupe_Sens_Horaire
100
AcDbCircle
 62
93
  6
CONTINUOUS
 10
-182.830383300781
 20
-603.380547893379
 40
 5
  0
CIRCLE
 5
 2277
100
AcDbEntity
  8
Coupe_Sens_Horaire
100
AcDbCircle
 62
93
  6
CONTINUOUS
 10
-182.830383300781
 20
-631.093360814481
 40
 5
  0
CIRCLE
 5
 2278
100
AcDbEntity
  8
Coupe_Sens_Horaire
100
AcDbCircle
 62
93
  6
CONTINUOUS
 10
-182.830383300781
 20
-658.806173735583
 40
 5
  0
CIRCLE
 5
 2279
100
AcDbEntity
  8
Coupe_Sens_Horaire
100
AcDbCircle
 62
93
  6
CONTINUOUS
 10
-198.830383300781
 20
-464.816483460179
 40
 5
  0
CIRCLE
 5
 2280
100
AcDbEntity
  8
Coupe_Sens_Horaire
100
AcDbCircle
 62
93
  6
CONTINUOUS
 10
-198.830383300781
 20
-492.529296381281
 40
 5
  0
CIRCLE
 5
 2281
100
AcDbEntity
  8
Coupe_Sens_Horaire
100
AcDbCircle
 62
93
  6
CONTINUOUS
 10
-198.830383300781
 20
-520.242109302383
 40
 5
  0
CIRCLE
 5
 2282
100
AcDbEntity
  8
Coupe_Sens_Horaire
100
AcDbCircle
 62
93
  6
CONTINUOUS
 10
-198.830383300781
 20
-547.954922223485
 40
 5
  0
CIRCLE
 5
 2283
100
AcDbEntity
  8
Coupe_Sens_Horaire
100
AcDbCircle
 62
93
  6
CONTINUOUS
 10
-198.830383300781
 20
-575.667735144587
 40
 5
  0
CIRCLE
 5
 2284
100
AcDbEntity
  8
Coupe_Sens_Horaire
100
AcDbCircle
 62
93
  6
CONTINUOUS
 10
-198.830383300781
 20
-603.380548065689
 40
 5
  0
CIRCLE
 5
 2285
100
AcDbEntity
  8
Coupe_Sens_Horaire
100
AcDbCircle
 62
93
  6
CONTINUOUS
 10
-198.830383300781
 20
-631.093360986791
 40
 5
  0
CIRCLE
 5
 2286
100
AcDbEntity
  8
Coupe_Sens_Horaire
100
AcDbCircle
 62
93
  6
CONTINUOUS
 10
-198.830383300781
 20
-658.806173907894
 40
 5
  0
CIRCLE
 5
 2287
100
AcDbEntity
  8
Coupe_Sens_Horaire
100
AcDbCircle
 62
93
  6
CONTINUOUS
 10
-214.830383300781
 20
-464.816483632489
 40
 5
  0
CIRCLE
 5
 2288
100
AcDbEntity
  8
Coupe_Sens_Horaire
100
AcDbCircle
 62
93
  6
CONTINUOUS
 10
-214.830383300781
 20
-492.529296553591
 40
 5
  0
CIRCLE
 5
 2289
100
AcDbEntity
  8
Coupe_Sens_Horaire
100
AcDbCircle
 62
93
  6
CONTINUOUS
 10
-214.830383300781
 20
-520.242109474693
 40
 5
  0
CIRCLE
 5
 2290
100
AcDbEntity
  8
Coupe_Sens_Horaire
100
AcDbCircle
 62
93
  6
CONTINUOUS
 10
-214.830383300781
 20
-547.954922395795
 40
 5
  0
CIRCLE
 5
 2291
100
AcDbEntity
  8
Coupe_Sens_Horaire
100
AcDbCircle
 62
93
  6
CONTINUOUS
 10
-214.830383300781
 20
-575.667735316897
 40
 5
  0
CIRCLE
 5
 2292
100
AcDbEntity
  8
Coupe_Sens_Horaire
100
AcDbCircle
 62
93
  6
CONTINUOUS
 10
-214.830383300781
 20
-603.380548237999
 40
 5
  0
CIRCLE
 5
 2293
100
AcDbEntity
  8
Coupe_Sens_Horaire
100
AcDbCircle
 62
93
  6
CONTINUOUS
 10
-214.830383300781
 20
-631.093361159101
 40
 5
  0
CIRCLE
 5
 2294
100
AcDbEntity
  8
Coupe_Sens_Horaire
100
AcDbCircle
 62
93
  6
CONTINUOUS
 10
-214.830383300781
 20
-658.806174080203
 40
 5
  0
CIRCLE
 5
 2295
100
AcDbEntity
  8
Coupe_Sens_Horaire
100
AcDbCircle
 62
93
  6
CONTINUOUS
 10
-230.830383300781
 20
-464.816483804799
 40
 5
  0
CIRCLE
 5
 2296
100
AcDbEntity
  8
Coupe_Sens_Horaire
100
AcDbCircle
 62
93
  6
CONTINUOUS
 10
-230.830383300781
 20
-492.529296725901
 40
 5
  0
CIRCLE
 5
 2297
100
AcDbEntity
  8
Coupe_Sens_Horaire
100
AcDbCircle
 62
93
  6
CONTINUOUS
 10
-230.830383300781
 20
-520.242109647003
 40
 5
  0
CIRCLE
 5
 2298
100
AcDbEntity
  8
Coupe_Sens_Horaire
100
AcDbCircle
 62
93
  6
CONTINUOUS
 10
-230.830383300781
 20
-547.954922568105
 40
 5
  0
CIRCLE
 5
 2299
100
AcDbEntity
  8
Coupe_Sens_Horaire
100
AcDbCircle
 62
93
  6
CONTINUOUS
 10
-230.830383300781
 20
-575.667735489207
 40
 5
  0
CIRCLE
 5
 2300
100
AcDbEntity
  8
Coupe_Sens_Horaire
100
AcDbCircle
 62
93
  6
CONTINUOUS
 10
-230.830383300781
 20
-603.380548410309
 40
 5
  0
CIRCLE
 5
 2301
100
AcDbEntity
  8
Coupe_Sens_Horaire
100
AcDbCircle
 62
93
  6
CONTINUOUS
 10
-230.830383300781
 20
-631.093361331411
 40
 5
  0
CIRCLE
 5
 2302
100
AcDbEntity
  8
Coupe_Sens_Horaire
100
AcDbCircle
 62
93
  6
CONTINUOUS
 10
-230.830383300781
 20
-658.806174252513
 40
 5
  0
CIRCLE
 5
 2303
100
AcDbEntity
  8
Coupe_Sens_Horaire
100
AcDbCircle
 62
93
  6
CONTINUOUS
 10
-246.830383300781
 20
-464.816483977109
 40
 5
  0
CIRCLE
 5
 2304
100
AcDbEntity
  8
Coupe_Sens_Horaire
100
AcDbCircle
 62
93
  6
CONTINUOUS
 10
-246.830383300781
 20
-492.529296898211
 40
 5
  0
CIRCLE
 5
 2305
100
AcDbEntity
  8
Coupe_Sens_Horaire
100
AcDbCircle
 62
93
  6
CONTINUOUS
 10
-246.830383300781
 20
-520.242109819313
 40
 5
  0
CIRCLE
 5
 2306
100
AcDbEntity
  8
Coupe_Sens_Horaire
100
AcDbCircle
 62
93
  6
CONTINUOUS
 10
-246.830383300781
 20
-547.954922740415
 40
 5
  0
CIRCLE
 5
 2307
100
AcDbEntity
  8
Coupe_Sens_Horaire
100
AcDbCircle
 62
93
  6
CONTINUOUS
 10
-246.830383300781
 20
-603.380548582619
 40
 5
  0
CIRCLE
 5
 2308
100
AcDbEntity
  8
Coupe_Sens_Horaire
100
AcDbCircle
 62
93
  6
CONTINUOUS
 10
-246.830383300781
 20
-631.093361503721
 40
 5
  0
CIRCLE
 5
 2309
100
AcDbEntity
  8
Coupe_Sens_Horaire
100
AcDbCircle
 62
93
  6
CONTINUOUS
 10
-246.830383300781
 20
-658.806174424824
 40
 5
  0
CIRCLE
 5
 2310
100
AcDbEntity
  8
Coupe_Sens_Horaire
100
AcDbCircle
 62
93
  6
CONTINUOUS
 10
-262.830383300781
 20
-464.816484149419
 40
 5
  0
CIRCLE
 5
 2311
100
AcDbEntity
  8
Coupe_Sens_Horaire
100
AcDbCircle
 62
93
  6
CONTINUOUS
 10
-262.830383300781
 20
-492.529297070521
 40
 5
  0
CIRCLE
 5
 2312
100
AcDbEntity
  8
Coupe_Sens_Horaire
100
AcDbCircle
 62
93
  6
CONTINUOUS
 10
-262.830383300781
 20
-520.242109991623
 40
 5
  0
CIRCLE
 5
 2313
100
AcDbEntity
  8
Coupe_Sens_Horaire
100
AcDbCircle
 62
93
  6
CONTINUOUS
 10
-262.830383300781
 20
-547.954922912725
 40
 5
  0
CIRCLE
 5
 2314
100
AcDbEntity
  8
Coupe_Sens_Horaire
100
AcDbCircle
 62
93
  6
CONTINUOUS
 10
-262.830383300781
 20
-603.38054875493
 40
 5
  0
CIRCLE
 5
 2315
100
AcDbEntity
  8
Coupe_Sens_Horaire
100
AcDbCircle
 62
93
  6
CONTINUOUS
 10
-262.830383300781
 20
-631.093361676032
 40
 5
  0
CIRCLE
 5
 2316
100
AcDbEntity
  8
Coupe_Sens_Horaire
100
AcDbCircle
 62
93
  6
CONTINUOUS
 10
-262.830383300781
 20
-658.806174597134
 40
 5
  0
CIRCLE
 5
 2317
100
AcDbEntity
  8
Coupe_Sens_Horaire
100
AcDbCircle
 62
93
  6
CONTINUOUS
 10
-278.830383300781
 20
-464.816484321729
 40
 5
  0
CIRCLE
 5
 2318
100
AcDbEntity
  8
Coupe_Sens_Horaire
100
AcDbCircle
 62
93
  6
CONTINUOUS
 10
-278.830383300781
 20
-492.529297242831
 40
 5
  0
CIRCLE
 5
 2319
100
AcDbEntity
  8
Coupe_Sens_Horaire
100
AcDbCircle
 62
93
  6
CONTINUOUS
 10
-278.830383300781
 20
-520.242110163933
 40
 5
  0
CIRCLE
 5
 2320
100
AcDbEntity
  8
Coupe_Sens_Horaire
100
AcDbCircle
 62
93
  6
CONTINUOUS
 10
-278.830383300781
 20
-547.954923085035
 40
 5
  0
CIRCLE
 5
 2321
100
AcDbEntity
  8
Coupe_Sens_Horaire
100
AcDbCircle
 62
93
  6
CONTINUOUS
 10
-278.830383300781
 20
-603.38054892724
 40
 5
  0
CIRCLE
 5
 2322
100
AcDbEntity
  8
Coupe_Sens_Horaire
100
AcDbCircle
 62
93
  6
CONTINUOUS
 10
-278.830383300781
 20
-631.093361848342
 40
 5
  0
CIRCLE
 5
 2323
100
AcDbEntity
  8
Coupe_Sens_Horaire
100
AcDbCircle
 62
93
  6
CONTINUOUS
 10
-278.830383300781
 20
-658.806174769444
 40
 5
  0
CIRCLE
 5
 2324
100
AcDbEntity
  8
Coupe_Sens_Horaire
100
AcDbCircle
 62
93
  6
CONTINUOUS
 10
-294.830383300781
 20
-464.816484494039
 40
 5
  0
CIRCLE
 5
 2325
100
AcDbEntity
  8
Coupe_Sens_Horaire
100
AcDbCircle
 62
93
  6
CONTINUOUS
 10
-294.830383300781
 20
-492.529297415141
 40
 5
  0
CIRCLE
 5
 2326
100
AcDbEntity
  8
Coupe_Sens_Horaire
100
AcDbCircle
 62
93
  6
CONTINUOUS
 10
-294.830383300781
 20
-520.242110336243
 40
 5
  0
CIRCLE
 5
 2327
100
AcDbEntity
  8
Coupe_Sens_Horaire
100
AcDbCircle
 62
93
  6
CONTINUOUS
 10
-294.830383300781
 20
-547.954923257345
 40
 5
  0
CIRCLE
 5
 2328
100
AcDbEntity
  8
Coupe_Sens_Horaire
100
AcDbCircle
 62
93
  6
CONTINUOUS
 10
-294.830383300781
 20
-575.667736178447
 40
 5
  0
CIRCLE
 5
 2329
100
AcDbEntity
  8
Coupe_Sens_Horaire
100
AcDbCircle
 62
93
  6
CONTINUOUS
 10
-294.830383300781
 20
-603.380549099549
 40
 5
  0
CIRCLE
 5
 2330
100
AcDbEntity
  8
Coupe_Sens_Horaire
100
AcDbCircle
 62
93
  6
CONTINUOUS
 10
-294.830383300781
 20
-631.093362020652
 40
 5
  0
CIRCLE
 5
 2331
100
AcDbEntity
  8
Coupe_Sens_Horaire
100
AcDbCircle
 62
93
  6
CONTINUOUS
 10
-294.830383300781
 20
-658.806174941754
 40
 5
  0
CIRCLE
 5
 2332
100
AcDbEntity
  8
Coupe_Sens_Horaire
100
AcDbCircle
 62
93
  6
CONTINUOUS
 10
-310.830383300781
 20
-464.816484666349
 40
 5
  0
CIRCLE
 5
 2333
100
AcDbEntity
  8
Coupe_Sens_Horaire
100
AcDbCircle
 62
93
  6
CONTINUOUS
 10
-310.830383300781
 20
-492.529297587451
 40
 5
  0
CIRCLE
 5
 2334
100
AcDbEntity
  8
Coupe_Sens_Horaire
100
AcDbCircle
 62
93
  6
CONTINUOUS
 10
-310.830383300781
 20
-520.242110508553
 40
 5
  0
CIRCLE
 5
 2335
100
AcDbEntity
  8
Coupe_Sens_Horaire
100
AcDbCircle
 62
93
  6
CONTINUOUS
 10
-310.830383300781
 20
-547.954923429655
 40
 5
  0
CIRCLE
 5
 2336
100
AcDbEntity
  8
Coupe_Sens_Horaire
100
AcDbCircle
 62
93
  6
CONTINUOUS
 10
-310.830383300781
 20
-575.667736350758
 40
 5
  0
CIRCLE
 5
 2337
100
AcDbEntity
  8
Coupe_Sens_Horaire
100
AcDbCircle
 62
93
  6
CONTINUOUS
 10
-310.830383300781
 20
-603.38054927186
 40
 5
  0
CIRCLE
 5
 2338
100
AcDbEntity
  8
Coupe_Sens_Horaire
100
AcDbCircle
 62
93
  6
CONTINUOUS
 10
-310.830383300781
 20
-631.093362192962
 40
 5
  0
CIRCLE
 5
 2339
100
AcDbEntity
  8
Coupe_Sens_Horaire
100
AcDbCircle
 62
93
  6
CONTINUOUS
 10
-310.830383300781
 20
-658.806175114064
 40
 5
  0
CIRCLE
 5
 2340
100
AcDbEntity
  8
Coupe_Sens_Horaire
100
AcDbCircle
 62
93
  6
CONTINUOUS
 10
-326.830383300781
 20
-464.816484838659
 40
 5
  0
CIRCLE
 5
 2341
100
AcDbEntity
  8
Coupe_Sens_Horaire
100
AcDbCircle
 62
93
  6
CONTINUOUS
 10
-326.830383300781
 20
-492.529297759761
 40
 5
  0
CIRCLE
 5
 2342
100
AcDbEntity
  8
Coupe_Sens_Horaire
100
AcDbCircle
 62
93
  6
CONTINUOUS
 10
-326.830383300781
 20
-520.242110680863
 40
 5
  0
CIRCLE
 5
 2343
100
AcDbEntity
  8
Coupe_Sens_Horaire
100
AcDbCircle
 62
93
  6
CONTINUOUS
 10
-326.830383300781
 20
-547.954923601966
 40
 5
  0
CIRCLE
 5
 2344
100
AcDbEntity
  8
Coupe_Sens_Horaire
100
AcDbCircle
 62
93
  6
CONTINUOUS
 10
-326.830383300781
 20
-575.667736523068
 40
 5
  0
CIRCLE
 5
 2345
100
AcDbEntity
  8
Coupe_Sens_Horaire
100
AcDbCircle
 62
93
  6
CONTINUOUS
 10
-326.830383300781
 20
-603.38054944417
 40
 5
  0
CIRCLE
 5
 2346
100
AcDbEntity
  8
Coupe_Sens_Horaire
100
AcDbCircle
 62
93
  6
CONTINUOUS
 10
-326.830383300781
 20
-631.093362365272
 40
 5
  0
CIRCLE
 5
 2347
100
AcDbEntity
  8
Coupe_Sens_Horaire
100
AcDbCircle
 62
93
  6
CONTINUOUS
 10
-326.830383300781
 20
-658.806175286374
 40
 5
  0
CIRCLE
 5
 2348
100
AcDbEntity
  8
Coupe_Sens_Horaire
100
AcDbCircle
 62
93
  6
CONTINUOUS
 10
-342.830383300781
 20
-464.816485010969
 40
 5
  0
CIRCLE
 5
 2349
100
AcDbEntity
  8
Coupe_Sens_Horaire
100
AcDbCircle
 62
93
  6
CONTINUOUS
 10
-342.830383300781
 20
-492.529297932071
 40
 5
  0
CIRCLE
 5
 2350
100
AcDbEntity
  8
Coupe_Sens_Horaire
100
AcDbCircle
 62
93
  6
CONTINUOUS
 10
-342.830383300781
 20
-520.242110853174
 40
 5
  0
CIRCLE
 5
 2351
100
AcDbEntity
  8
Coupe_Sens_Horaire
100
AcDbCircle
 62
93
  6
CONTINUOUS
 10
-342.830383300781
 20
-547.954923774276
 40
 5
  0
CIRCLE
 5
 2352
100
AcDbEntity
  8
Coupe_Sens_Horaire
100
AcDbCircle
 62
93
  6
CONTINUOUS
 10
-342.830383300781
 20
-575.667736695378
 40
 5
  0
CIRCLE
 5
 2353
100
AcDbEntity
  8
Coupe_Sens_Horaire
100
AcDbCircle
 62
93
  6
CONTINUOUS
 10
-342.830383300781
 20
-603.38054961648
 40
 5
  0
CIRCLE
 5
 2354
100
AcDbEntity
  8
Coupe_Sens_Horaire
100
AcDbCircle
 62
93
  6
CONTINUOUS
 10
-342.830383300781
 20
-631.093362537582
 40
 5
  0
CIRCLE
 5
 2355
100
AcDbEntity
  8
Coupe_Sens_Horaire
100
AcDbCircle
 62
93
  6
CONTINUOUS
 10
-342.830383300781
 20
-658.806175458684
 40
 5
  0
CIRCLE
 5
 2356
100
AcDbEntity
  8
Coupe_Sens_Horaire
100
AcDbCircle
 62
93
  6
CONTINUOUS
 10
-358.830383300781
 20
-464.816485183279
 40
 5
  0
CIRCLE
 5
 2357
100
AcDbEntity
  8
Coupe_Sens_Horaire
100
AcDbCircle
 62
93
  6
CONTINUOUS
 10
-358.830383300781
 20
-492.529298104381
 40
 5
  0
CIRCLE
 5
 2358
100
AcDbEntity
  8
Coupe_Sens_Horaire
100
AcDbCircle
 62
93
  6
CONTINUOUS
 10
-358.830383300781
 20
-520.242111025483
 40
 5
  0
CIRCLE
 5
 2359
100
AcDbEntity
  8
Coupe_Sens_Horaire
100
AcDbCircle
 62
93
  6
CONTINUOUS
 10
-358.830383300781
 20
-547.954923946586
 40
 5
  0
CIRCLE
 5
 2360
100
AcDbEntity
  8
Coupe_Sens_Horaire
100
AcDbCircle
 62
93
  6
CONTINUOUS
 10
-358.830383300781
 20
-575.667736867688
 40
 5
  0
CIRCLE
 5
 2361
100
AcDbEntity
  8
Coupe_Sens_Horaire
100
AcDbCircle
 62
93
  6
CONTINUOUS
 10
-358.830383300781
 20
-603.38054978879
 40
 5
  0
CIRCLE
 5
 2362
100
AcDbEntity
  8
Coupe_Sens_Horaire
100
AcDbCircle
 62
93
  6
CONTINUOUS
 10
-358.830383300781
 20
-631.093362709892
 40
 5
  0
CIRCLE
 5
 2363
100
AcDbEntity
  8
Coupe_Sens_Horaire
100
AcDbCircle
 62
93
  6
CONTINUOUS
 10
-358.830383300781
 20
-658.806175630994
 40
 5
  0
CIRCLE
 5
 2364
100
AcDbEntity
  8
Coupe_Sens_Horaire
100
AcDbCircle
 62
93
  6
CONTINUOUS
 10
-374.830383300781
 20
-464.816485355589
 40
 5
  0
CIRCLE
 5
 2365
100
AcDbEntity
  8
Coupe_Sens_Horaire
100
AcDbCircle
 62
93
  6
CONTINUOUS
 10
-374.830383300781
 20
-492.529298276691
 40
 5
  0
CIRCLE
 5
 2366
100
AcDbEntity
  8
Coupe_Sens_Horaire
100
AcDbCircle
 62
93
  6
CONTINUOUS
 10
-374.830383300781
 20
-520.242111197794
 40
 5
  0
CIRCLE
 5
 2367
100
AcDbEntity
  8
Coupe_Sens_Horaire
100
AcDbCircle
 62
93
  6
CONTINUOUS
 10
-374.830383300781
 20
-547.954924118896
 40
 5
  0
CIRCLE
 5
 2368
100
AcDbEntity
  8
Coupe_Sens_Horaire
100
AcDbCircle
 62
93
  6
CONTINUOUS
 10
-374.830383300781
 20
-575.667737039998
 40
 5
  0
CIRCLE
 5
 2369
100
AcDbEntity
  8
Coupe_Sens_Horaire
100
AcDbCircle
 62
93
  6
CONTINUOUS
 10
-374.830383300781
 20
-603.3805499611
 40
 5
  0
CIRCLE
 5
 2370
100
AcDbEntity
  8
Coupe_Sens_Horaire
100
AcDbCircle
 62
93
  6
CONTINUOUS
 10
-374.830383300781
 20
-631.093362882202
 40
 5
  0
CIRCLE
 5
 2371
100
AcDbEntity
  8
Coupe_Sens_Horaire
100
AcDbCircle
 62
93
  6
CONTINUOUS
 10
-374.830383300781
 20
-658.806175803304
 40
 5
  0
CIRCLE
 5
 2372
100
AcDbEntity
  8
Coupe_Sens_Horaire
100
AcDbCircle
 62
93
  6
CONTINUOUS
 10
-390.830383300781
 20
-464.816485527899
 40
 5
  0
CIRCLE
 5
 2373
100
AcDbEntity
  8
Coupe_Sens_Horaire
100
AcDbCircle
 62
93
  6
CONTINUOUS
 10
-390.830383300781
 20
-492.529298449001
 40
 5
  0
CIRCLE
 5
 2374
100
AcDbEntity
  8
Coupe_Sens_Horaire
100
AcDbCircle
 62
93
  6
CONTINUOUS
 10
-390.830383300781
 20
-520.242111370104
 40
 5
  0
CIRCLE
 5
 2375
100
AcDbEntity
  8
Coupe_Sens_Horaire
100
AcDbCircle
 62
93
  6
CONTINUOUS
 10
-390.830383300781
 20
-547.954924291206
 40
 5
  0
CIRCLE
 5
 2376
100
AcDbEntity
  8
Coupe_Sens_Horaire
100
AcDbCircle
 62
93
  6
CONTINUOUS
 10
-390.830383300781
 20
-575.667737212308
 40
 5
  0
CIRCLE
 5
 2377
100
AcDbEntity
  8
Coupe_Sens_Horaire
100
AcDbCircle
 62
93
  6
CONTINUOUS
 10
-390.830383300781
 20
-603.38055013341
 40
 5
  0
CIRCLE
 5
 2378
100
AcDbEntity
  8
Coupe_Sens_Horaire
100
AcDbCircle
 62
93
  6
CONTINUOUS
 10
-390.830383300781
 20
-631.093363054512
 40
 5
  0
CIRCLE
 5
 2379
100
AcDbEntity
  8
Coupe_Sens_Horaire
100
AcDbCircle
 62
93
  6
CONTINUOUS
 10
-390.830383300781
 20
-658.806175975614
 40
 5
  0
CIRCLE
 5
 2380
100
AcDbEntity
  8
Coupe_Sens_Horaire
100
AcDbCircle
 62
93
  6
CONTINUOUS
 10
-406.830383300781
 20
-464.816485700209
 40
 5
  0
CIRCLE
 5
 2381
100
AcDbEntity
  8
Coupe_Sens_Horaire
100
AcDbCircle
 62
93
  6
CONTINUOUS
 10
-406.830383300781
 20
-492.529298621312
 40
 5
  0
CIRCLE
 5
 2382
100
AcDbEntity
  8
Coupe_Sens_Horaire
100
AcDbCircle
 62
93
  6
CONTINUOUS
 10
-406.830383300781
 20
-520.242111542414
 40
 5
  0
CIRCLE
 5
 2383
100
AcDbEntity
  8
Coupe_Sens_Horaire
100
AcDbCircle
 62
93
  6
CONTINUOUS
 10
-406.830383300781
 20
-547.954924463516
 40
 5
  0
CIRCLE
 5
 2384
100
AcDbEntity
  8
Coupe_Sens_Horaire
100
AcDbCircle
 62
93
  6
CONTINUOUS
 10
-406.830383300781
 20
-575.667737384618
 40
 5
  0
CIRCLE
 5
 2385
100
AcDbEntity
  8
Coupe_Sens_Horaire
100
AcDbCircle
 62
93
  6
CONTINUOUS
 10
-406.830383300781
 20
-603.38055030572
 40
 5
  0
CIRCLE
 5
 2386
100
AcDbEntity
  8
Coupe_Sens_Horaire
100
AcDbCircle
 62
93
  6
CONTINUOUS
 10
-406.830383300781
 20
-631.093363226822
 40
 5
  0
CIRCLE
 5
 2387
100
AcDbEntity
  8
Coupe_Sens_Horaire
100
AcDbCircle
 62
93
  6
CONTINUOUS
 10
-406.830383300781
 20
-658.806176147924
 40
 5
  0
CIRCLE
 5
 2388
100
AcDbEntity
  8
Coupe_Sens_Horaire
100
AcDbCircle
 62
93
  6
CONTINUOUS
 10
-422.830383300781
 20
-464.81648587252
 40
 5
  0
CIRCLE
 5
 2389
100
AcDbEntity
  8
Coupe_Sens_Horaire
100
AcDbCircle
 62
93
  6
CONTINUOUS
 10
-422.830383300781
 20
-492.529298793622
 40
 5
  0
CIRCLE
 5
 2390
100
AcDbEntity
  8
Coupe_Sens_Horaire
100
AcDbCircle
 62
93
  6
CONTINUOUS
 10
-422.830383300781
 20
-520.242111714724
 40
 5
  0
CIRCLE
 5
 2391
100
AcDbEntity
  8
Coupe_Sens_Horaire
100
AcDbCircle
 62
93
  6
CONTINUOUS
 10
-422.830383300781
 20
-547.954924635826
 40
 5
  0
CIRCLE
 5
 2392
100
AcDbEntity
  8
Coupe_Sens_Horaire
100
AcDbCircle
 62
93
  6
CONTINUOUS
 10
-422.830383300781
 20
-575.667737556928
 40
 5
  0
CIRCLE
 5
 2393
100
AcDbEntity
  8
Coupe_Sens_Horaire
100
AcDbCircle
 62
93
  6
CONTINUOUS
 10
-422.830383300781
 20
-603.38055047803
 40
 5
  0
CIRCLE
 5
 2394
100
AcDbEntity
  8
Coupe_Sens_Horaire
100
AcDbCircle
 62
93
  6
CONTINUOUS
 10
-422.830383300781
 20
-631.093363399132
 40
 5
  0
CIRCLE
 5
 2395
100
AcDbEntity
  8
Coupe_Sens_Horaire
100
AcDbCircle
 62
93
  6
CONTINUOUS
 10
-422.830383300781
 20
-658.806176320234
 40
 5
  0
CIRCLE
 5
 2396
100
AcDbEntity
  8
Coupe_Sens_Horaire
100
AcDbCircle
 62
93
  6
CONTINUOUS
 10
-438.830383300781
 20
-464.81648604483
 40
 5
  0
CIRCLE
 5
 2397
100
AcDbEntity
  8
Coupe_Sens_Horaire
100
AcDbCircle
 62
93
  6
CONTINUOUS
 10
-438.830383300781
 20
-492.529298965932
 40
 5
  0
CIRCLE
 5
 2398
100
AcDbEntity
  8
Coupe_Sens_Horaire
100
AcDbCircle
 62
93
  6
CONTINUOUS
 10
-438.830383300781
 20
-520.242111887034
 40
 5
  0
CIRCLE
 5
 2399
100
AcDbEntity
  8
Coupe_Sens_Horaire
100
AcDbCircle
 62
93
  6
CONTINUOUS
 10
-438.830383300781
 20
-547.954924808136
 40
 5
  0
CIRCLE
 5
 2400
100
AcDbEntity
  8
Coupe_Sens_Horaire
100
AcDbCircle
 62
93
  6
CONTINUOUS
 10
-438.830383300781
 20
-575.667737729238
 40
 5
  0
CIRCLE
 5
 2401
100
AcDbEntity
  8
Coupe_Sens_Horaire
100
AcDbCircle
 62
93
  6
CONTINUOUS
 10
-438.830383300781
 20
-603.38055065034
 40
 5
  0
CIRCLE
 5
 2402
100
AcDbEntity
  8
Coupe_Sens_Horaire
100
AcDbCircle
 62
93
  6
CONTINUOUS
 10
-438.830383300781
 20
-631.093363571442
 40
 5
  0
CIRCLE
 5
 2403
100
AcDbEntity
  8
Coupe_Sens_Horaire
100
AcDbCircle
 62
93
  6
CONTINUOUS
 10
-438.830383300781
 20
-658.806176492544
 40
 5
  0
CIRCLE
 5
 2404
100
AcDbEntity
  8
Coupe_Sens_Horaire
100
AcDbCircle
 62
93
  6
CONTINUOUS
 10
-454.830383300781
 20
-464.81648621714
 40
 5
  0
CIRCLE
 5
 2405
100
AcDbEntity
  8
Coupe_Sens_Horaire
100
AcDbCircle
 62
93
  6
CONTINUOUS
 10
-454.830383300781
 20
-492.529299138242
 40
 5
  0
CIRCLE
 5
 2406
100
AcDbEntity
  8
Coupe_Sens_Horaire
100
AcDbCircle
 62
93
  6
CONTINUOUS
 10
-454.830383300781
 20
-520.242112059344
 40
 5
  0
CIRCLE
 5
 2407
100
AcDbEntity
  8
Coupe_Sens_Horaire
100
AcDbCircle
 62
93
  6
CONTINUOUS
 10
-454.830383300781
 20
-547.954924980446
 40
 5
  0
CIRCLE
 5
 2408
100
AcDbEntity
  8
Coupe_Sens_Horaire
100
AcDbCircle
 62
93
  6
CONTINUOUS
 10
-454.830383300781
 20
-575.667737901548
 40
 5
  0
CIRCLE
 5
 2409
100
AcDbEntity
  8
Coupe_Sens_Horaire
100
AcDbCircle
 62
93
  6
CONTINUOUS
 10
-454.830383300781
 20
-603.38055082265
 40
 5
  0
CIRCLE
 5
 2410
100
AcDbEntity
  8
Coupe_Sens_Horaire
100
AcDbCircle
 62
93
  6
CONTINUOUS
 10
-454.830383300781
 20
-631.093363743752
 40
 5
  0
CIRCLE
 5
 2411
100
AcDbEntity
  8
Coupe_Sens_Horaire
100
AcDbCircle
 62
93
  6
CONTINUOUS
 10
-454.830383300781
 20
-658.806176664854
 40
 5
  0
CIRCLE
 5
 2412
100
AcDbEntity
  8
Coupe_Sens_Horaire
100
AcDbCircle
 62
93
  6
CONTINUOUS
 10
-470.830383300781
 20
-464.81648638945
 40
 5
  0
CIRCLE
 5
 2413
100
AcDbEntity
  8
Coupe_Sens_Horaire
100
AcDbCircle
 62
93
  6
CONTINUOUS
 10
-470.830383300781
 20
-492.529299310552
 40
 5
  0
CIRCLE
 5
 2414
100
AcDbEntity
  8
Coupe_Sens_Horaire
100
AcDbCircle
 62
93
  6
CONTINUOUS
 10
-470.830383300781
 20
-520.242112231654
 40
 5
  0
CIRCLE
 5
 2415
100
AcDbEntity
  8
Coupe_Sens_Horaire
100
AcDbCircle
 62
93
  6
CONTINUOUS
 10
-470.830383300781
 20
-547.954925152756
 40
 5
  0
CIRCLE
 5
 2416
100
AcDbEntity
  8
Coupe_Sens_Horaire
100
AcDbCircle
 62
93
  6
CONTINUOUS
 10
-470.830383300781
 20
-575.667738073858
 40
 5
  0
CIRCLE
 5
 2417
100
AcDbEntity
  8
Coupe_Sens_Horaire
100
AcDbCircle
 62
93
  6
CONTINUOUS
 10
-470.830383300781
 20
-603.38055099496
 40
 5
  0
CIRCLE
 5
 2418
100
AcDbEntity
  8
Coupe_Sens_Horaire
100
AcDbCircle
 62
93
  6
CONTINUOUS
 10
-470.830383300781
 20
-631.093363916062
 40
 5
  0
CIRCLE
 5
 2419
100
AcDbEntity
  8
Coupe_Sens_Horaire
100
AcDbCircle
 62
93
  6
CONTINUOUS
 10
-470.830383300781
 20
-658.806176837164
 40
 5
  0
CIRCLE
 5
 2420
100
AcDbEntity
  8
Coupe_Sens_Horaire
100
AcDbCircle
 62
93
  6
CONTINUOUS
 10
-486.830383300781
 20
-464.81648656176
 40
 5
  0
CIRCLE
 5
 2421
100
AcDbEntity
  8
Coupe_Sens_Horaire
100
AcDbCircle
 62
93
  6
CONTINUOUS
 10
-486.830383300781
 20
-492.529299482862
 40
 5
  0
CIRCLE
 5
 2422
100
AcDbEntity
  8
Coupe_Sens_Horaire
100
AcDbCircle
 62
93
  6
CONTINUOUS
 10
-486.830383300781
 20
-520.242112403964
 40
 5
  0
CIRCLE
 5
 2423
100
AcDbEntity
  8
Coupe_Sens_Horaire
100
AcDbCircle
 62
93
  6
CONTINUOUS
 10
-486.830383300781
 20
-547.954925325066
 40
 5
  0
CIRCLE
 5
 2424
100
AcDbEntity
  8
Coupe_Sens_Horaire
100
AcDbCircle
 62
93
  6
CONTINUOUS
 10
-486.830383300781
 20
-575.667738246168
 40
 5
  0
CIRCLE
 5
 2425
100
AcDbEntity
  8
Coupe_Sens_Horaire
100
AcDbCircle
 62
93
  6
CONTINUOUS
 10
-486.830383300781
 20
-603.38055116727
 40
 5
  0
CIRCLE
 5
 2426
100
AcDbEntity
  8
Coupe_Sens_Horaire
100
AcDbCircle
 62
93
  6
CONTINUOUS
 10
-486.830383300781
 20
-631.093364088372
 40
 5
  0
CIRCLE
 5
 2427
100
AcDbEntity
  8
Coupe_Sens_Horaire
100
AcDbCircle
 62
93
  6
CONTINUOUS
 10
-486.830383300781
 20
-658.806177009474
 40
 5
  0
CIRCLE
 5
 2428
100
AcDbEntity
  8
Coupe_Sens_Horaire
100
AcDbCircle
 62
93
  6
CONTINUOUS
 10
-502.830383300781
 20
-464.81648673407
 40
 5
  0
CIRCLE
 5
 2429
100
AcDbEntity
  8
Coupe_Sens_Horaire
100
AcDbCircle
 62
93
  6
CONTINUOUS
 10
-502.830383300781
 20
-492.529299655172
 40
 5
  0
CIRCLE
 5
 2430
100
AcDbEntity
  8
Coupe_Sens_Horaire
100
AcDbCircle
 62
93
  6
CONTINUOUS
 10
-502.830383300781
 20
-520.242112576274
 40
 5
  0
CIRCLE
 5
 2431
100
AcDbEntity
  8
Coupe_Sens_Horaire
100
AcDbCircle
 62
93
  6
CONTINUOUS
 10
-502.830383300781
 20
-547.954925497376
 40
 5
  0
CIRCLE
 5
 2432
100
AcDbEntity
  8
Coupe_Sens_Horaire
100
AcDbCircle
 62
93
  6
CONTINUOUS
 10
-502.830383300781
 20
-575.667738418478
 40
 5
  0
CIRCLE
 5
 2433
100
AcDbEntity
  8
Coupe_Sens_Horaire
100
AcDbCircle
 62
93
  6
CONTINUOUS
 10
-502.830383300781
 20
-603.38055133958
 40
 5
  0
CIRCLE
 5
 2434
100
AcDbEntity
  8
Coupe_Sens_Horaire
100
AcDbCircle
 62
93
  6
CONTINUOUS
 10
-502.830383300781
 20
-631.093364260682
 40
 5
  0
CIRCLE
 5
 2435
100
AcDbEntity
  8
Coupe_Sens_Horaire
100
AcDbCircle
 62
93
  6
CONTINUOUS
 10
-502.830383300781
 20
-658.806177181785
 40
 5
  0
CIRCLE
 5
 2436
100
AcDbEntity
  8
Coupe_Sens_Horaire
100
AcDbCircle
 62
93
  6
CONTINUOUS
 10
-518.830383300781
 20
-464.81648690638
 40
 5
  0
CIRCLE
 5
 2437
100
AcDbEntity
  8
Coupe_Sens_Horaire
100
AcDbCircle
 62
93
  6
CONTINUOUS
 10
-518.830383300781
 20
-492.529299827482
 40
 5
  0
CIRCLE
 5
 2438
100
AcDbEntity
  8
Coupe_Sens_Horaire
100
AcDbCircle
 62
93
  6
CONTINUOUS
 10
-518.830383300781
 20
-520.242112748584
 40
 5
  0
CIRCLE
 5
 2439
100
AcDbEntity
  8
Coupe_Sens_Horaire
100
AcDbCircle
 62
93
  6
CONTINUOUS
 10
-518.830383300781
 20
-547.954925669686
 40
 5
  0
CIRCLE
 5
 2440
100
AcDbEntity
  8
Coupe_Sens_Horaire
100
AcDbCircle
 62
93
  6
CONTINUOUS
 10
-518.830383300781
 20
-575.667738590788
 40
 5
  0
CIRCLE
 5
 2441
100
AcDbEntity
  8
Coupe_Sens_Horaire
100
AcDbCircle
 62
93
  6
CONTINUOUS
 10
-518.830383300781
 20
-603.380551511891
 40
 5
  0
CIRCLE
 5
 2442
100
AcDbEntity
  8
Coupe_Sens_Horaire
100
AcDbCircle
 62
93
  6
CONTINUOUS
 10
-518.830383300781
 20
-631.093364432993
 40
 5
  0
CIRCLE
 5
 2443
100
AcDbEntity
  8
Coupe_Sens_Horaire
100
AcDbCircle
 62
93
  6
CONTINUOUS
 10
-518.830383300781
 20
-658.806177354095
 40
 5
  0
CIRCLE
 5
 2444
100
AcDbEntity
  8
Coupe_Sens_Horaire
100
AcDbCircle
 62
93
  6
CONTINUOUS
 10
-534.830383300781
 20
-464.81648707869
 40
 5
  0
CIRCLE
 5
 2445
100
AcDbEntity
  8
Coupe_Sens_Horaire
100
AcDbCircle
 62
93
  6
CONTINUOUS
 10
-534.830383300781
 20
-492.529299999792
 40
 5
  0
CIRCLE
 5
 2446
100
AcDbEntity
  8
Coupe_Sens_Horaire
100
AcDbCircle
 62
93
  6
CONTINUOUS
 10
-534.830383300781
 20
-520.242112920894
 40
 5
  0
CIRCLE
 5
 2447
100
AcDbEntity
  8
Coupe_Sens_Horaire
100
AcDbCircle
 62
93
  6
CONTINUOUS
 10
-534.830383300781
 20
-547.954925841996
 40
 5
  0
CIRCLE
 5
 2448
100
AcDbEntity
  8
Coupe_Sens_Horaire
100
AcDbCircle
 62
93
  6
CONTINUOUS
 10
-534.830383300781
 20
-575.667738763098
 40
 5
  0
CIRCLE
 5
 2449
100
AcDbEntity
  8
Coupe_Sens_Horaire
100
AcDbCircle
 62
93
  6
CONTINUOUS
 10
-534.830383300781
 20
-603.380551684201
 40
 5
  0
CIRCLE
 5
 2450
100
AcDbEntity
  8
Coupe_Sens_Horaire
100
AcDbCircle
 62
93
  6
CONTINUOUS
 10
-534.830383300781
 20
-631.093364605303
 40
 5
  0
CIRCLE
 5
 2451
100
AcDbEntity
  8
Coupe_Sens_Horaire
100
AcDbCircle
 62
93
  6
CONTINUOUS
 10
-534.830383300781
 20
-658.806177526405
 40
 5
  0
CIRCLE
 5
 2452
100
AcDbEntity
  8
Coupe_Sens_Horaire
100
AcDbCircle
 62
93
  6
CONTINUOUS
 10
-550.830383300781
 20
-464.816487251
 40
 5
  0
CIRCLE
 5
 2453
100
AcDbEntity
  8
Coupe_Sens_Horaire
100
AcDbCircle
 62
93
  6
CONTINUOUS
 10
-550.830383300781
 20
-492.529300172102
 40
 5
  0
CIRCLE
 5
 2454
100
AcDbEntity
  8
Coupe_Sens_Horaire
100
AcDbCircle
 62
93
  6
CONTINUOUS
 10
-550.830383300781
 20
-520.242113093204
 40
 5
  0
CIRCLE
 5
 2455
100
AcDbEntity
  8
Coupe_Sens_Horaire
100
AcDbCircle
 62
93
  6
CONTINUOUS
 10
-550.830383300781
 20
-547.954926014306
 40
 5
  0
CIRCLE
 5
 2456
100
AcDbEntity
  8
Coupe_Sens_Horaire
100
AcDbCircle
 62
93
  6
CONTINUOUS
 10
-550.830383300781
 20
-575.667738935408
 40
 5
  0
CIRCLE
 5
 2457
100
AcDbEntity
  8
Coupe_Sens_Horaire
100
AcDbCircle
 62
93
  6
CONTINUOUS
 10
-550.830383300781
 20
-603.38055185651
 40
 5
  0
CIRCLE
 5
 2458
100
AcDbEntity
  8
Coupe_Sens_Horaire
100
AcDbCircle
 62
93
  6
CONTINUOUS
 10
-550.830383300781
 20
-631.093364777613
 40
 5
  0
CIRCLE
 5
 2459
100
AcDbEntity
  8
Coupe_Sens_Horaire
100
AcDbCircle
 62
93
  6
CONTINUOUS
 10
-550.830383300781
 20
-658.806177698715
 40
 5
  0
CIRCLE
 5
 2460
100
AcDbEntity
  8
Coupe_Sens_Horaire
100
AcDbCircle
 62
93
  6
CONTINUOUS
 10
-566.830383300781
 20
-464.81648742331
 40
 5
  0
CIRCLE
 5
 2461
100
AcDbEntity
  8
Coupe_Sens_Horaire
100
AcDbCircle
 62
93
  6
CONTINUOUS
 10
-566.830383300781
 20
-492.529300344412
 40
 5
  0
CIRCLE
 5
 2462
100
AcDbEntity
  8
Coupe_Sens_Horaire
100
AcDbCircle
 62
93
  6
CONTINUOUS
 10
-566.830383300781
 20
-520.242113265514
 40
 5
  0
CIRCLE
 5
 2463
100
AcDbEntity
  8
Coupe_Sens_Horaire
100
AcDbCircle
 62
93
  6
CONTINUOUS
 10
-566.830383300781
 20
-547.954926186616
 40
 5
  0
CIRCLE
 5
 2464
100
AcDbEntity
  8
Coupe_Sens_Horaire
100
AcDbCircle
 62
93
  6
CONTINUOUS
 10
-566.830383300781
 20
-575.667739107718
 40
 5
  0
CIRCLE
 5
 2465
100
AcDbEntity
  8
Coupe_Sens_Horaire
100
AcDbCircle
 62
93
  6
CONTINUOUS
 10
-566.830383300781
 20
-603.380552028821
 40
 5
  0
CIRCLE
 5
 2466
100
AcDbEntity
  8
Coupe_Sens_Horaire
100
AcDbCircle
 62
93
  6
CONTINUOUS
 10
-566.830383300781
 20
-631.093364949923
 40
 5
  0
CIRCLE
 5
 2467
100
AcDbEntity
  8
Coupe_Sens_Horaire
100
AcDbCircle
 62
93
  6
CONTINUOUS
 10
-566.830383300781
 20
-658.806177871025
 40
 5
  0
CIRCLE
 5
 2468
100
AcDbEntity
  8
Coupe_Sens_Horaire
100
AcDbCircle
 62
93
  6
CONTINUOUS
 10
 1.16961684844409
 20
-478.672887766854
 40
 5
  0
CIRCLE
 5
 2469
100
AcDbEntity
  8
Coupe_Sens_Horaire
100
AcDbCircle
 62
93
  6
CONTINUOUS
 10
 1.16961684844409
 20
-506.385700687956
 40
 5
  0
CIRCLE
 5
 2470
100
AcDbEntity
  8
Coupe_Sens_Horaire
100
AcDbCircle
 62
93
  6
CONTINUOUS
 10
 1.16961684844409
 20
-534.098513609058
 40
 5
  0
CIRCLE
 5
 2471
100
AcDbEntity
  8
Coupe_Sens_Horaire
100
AcDbCircle
 62
93
  6
CONTINUOUS
 10
 1.16961684844409
 20
-561.81132653016
 40
 5
  0
CIRCLE
 5
 2472
100
AcDbEntity
  8
Coupe_Sens_Horaire
100
AcDbCircle
 62
93
  6
CONTINUOUS
 10
 1.16961684844409
 20
-589.524139451262
 40
 5
  0
CIRCLE
 5
 2473
100
AcDbEntity
  8
Coupe_Sens_Horaire
100
AcDbCircle
 62
93
  6
CONTINUOUS
 10
 1.16961684844409
 20
-617.236952372364
 40
 5
  0
CIRCLE
 5
 2474
100
AcDbEntity
  8
Coupe_Sens_Horaire
100
AcDbCircle
 62
93
  6
CONTINUOUS
 10
 1.16961684844409
 20
-644.949765293467
 40
 5
  0
CIRCLE
 5
 2475
100
AcDbEntity
  8
Coupe_Sens_Horaire
100
AcDbCircle
 62
93
  6
CONTINUOUS
 10
-14.8303831515559
 20
-478.672887939164
 40
 5
  0
CIRCLE
 5
 2476
100
AcDbEntity
  8
Coupe_Sens_Horaire
100
AcDbCircle
 62
93
  6
CONTINUOUS
 10
-14.8303831515559
 20
-506.385700860266
 40
 5
  0
CIRCLE
 5
 2477
100
AcDbEntity
  8
Coupe_Sens_Horaire
100
AcDbCircle
 62
93
  6
CONTINUOUS
 10
-14.8303831515559
 20
-534.098513781368
 40
 5
  0
CIRCLE
 5
 2478
100
AcDbEntity
  8
Coupe_Sens_Horaire
100
AcDbCircle
 62
93
  6
CONTINUOUS
 10
-14.8303831515559
 20
-561.81132670247
 40
 5
  0
CIRCLE
 5
 2479
100
AcDbEntity
  8
Coupe_Sens_Horaire
100
AcDbCircle
 62
93
  6
CONTINUOUS
 10
-14.8303831515559
 20
-589.524139623572
 40
 5
  0
CIRCLE
 5
 2480
100
AcDbEntity
  8
Coupe_Sens_Horaire
100
AcDbCircle
 62
93
  6
CONTINUOUS
 10
-14.8303831515559
 20
-617.236952544674
 40
 5
  0
CIRCLE
 5
 2481
100
AcDbEntity
  8
Coupe_Sens_Horaire
100
AcDbCircle
 62
93
  6
CONTINUOUS
 10
-14.8303831515559
 20
-644.949765465777
 40
 5
  0
CIRCLE
 5
 2482
100
AcDbEntity
  8
Coupe_Sens_Horaire
100
AcDbCircle
 62
93
  6
CONTINUOUS
 10
-30.8303831515559
 20
-478.672888111474
 40
 5
  0
CIRCLE
 5
 2483
100
AcDbEntity
  8
Coupe_Sens_Horaire
100
AcDbCircle
 62
93
  6
CONTINUOUS
 10
-30.8303831515559
 20
-506.385701032576
 40
 5
  0
CIRCLE
 5
 2484
100
AcDbEntity
  8
Coupe_Sens_Horaire
100
AcDbCircle
 62
93
  6
CONTINUOUS
 10
-30.8303831515559
 20
-534.098513953678
 40
 5
  0
CIRCLE
 5
 2485
100
AcDbEntity
  8
Coupe_Sens_Horaire
100
AcDbCircle
 62
93
  6
CONTINUOUS
 10
-30.8303831515559
 20
-561.811326874781
 40
 5
  0
CIRCLE
 5
 2486
100
AcDbEntity
  8
Coupe_Sens_Horaire
100
AcDbCircle
 62
93
  6
CONTINUOUS
 10
-30.8303831515559
 20
-589.524139795883
 40
 5
  0
CIRCLE
 5
 2487
100
AcDbEntity
  8
Coupe_Sens_Horaire
100
AcDbCircle
 62
93
  6
CONTINUOUS
 10
-30.8303831515559
 20
-617.236952716985
 40
 5
  0
CIRCLE
 5
 2488
100
AcDbEntity
  8
Coupe_Sens_Horaire
100
AcDbCircle
 62
93
  6
CONTINUOUS
 10
-30.8303831515559
 20
-644.949765638087
 40
 5
  0
CIRCLE
 5
 2489
100
AcDbEntity
  8
Coupe_Sens_Horaire
100
AcDbCircle
 62
93
  6
CONTINUOUS
 10
-46.8303831515559
 20
-478.672888283784
 40
 5
  0
CIRCLE
 5
 2490
100
AcDbEntity
  8
Coupe_Sens_Horaire
100
AcDbCircle
 62
93
  6
CONTINUOUS
 10
-46.8303831515559
 20
-506.385701204886
 40
 5
  0
CIRCLE
 5
 2491
100
AcDbEntity
  8
Coupe_Sens_Horaire
100
AcDbCircle
 62
93
  6
CONTINUOUS
 10
-46.8303831515559
 20
-534.098514125989
 40
 5
  0
CIRCLE
 5
 2492
100
AcDbEntity
  8
Coupe_Sens_Horaire
100
AcDbCircle
 62
93
  6
CONTINUOUS
 10
-46.8303831515559
 20
-561.811327047091
 40
 5
  0
CIRCLE
 5
 2493
100
AcDbEntity
  8
Coupe_Sens_Horaire
100
AcDbCircle
 62
93
  6
CONTINUOUS
 10
-46.8303831515559
 20
-589.524139968193
 40
 5
  0
CIRCLE
 5
 2494
100
AcDbEntity
  8
Coupe_Sens_Horaire
100
AcDbCircle
 62
93
  6
CONTINUOUS
 10
-46.8303831515559
 20
-617.236952889295
 40
 5
  0
CIRCLE
 5
 2495
100
AcDbEntity
  8
Coupe_Sens_Horaire
100
AcDbCircle
 62
93
  6
CONTINUOUS
 10
-46.8303831515559
 20
-644.949765810397
 40
 5
  0
CIRCLE
 5
 2496
100
AcDbEntity
  8
Coupe_Sens_Horaire
100
AcDbCircle
 62
93
  6
CONTINUOUS
 10
-62.8303831515559
 20
-478.672888456094
 40
 5
  0
CIRCLE
 5
 2497
100
AcDbEntity
  8
Coupe_Sens_Horaire
100
AcDbCircle
 62
93
  6
CONTINUOUS
 10
-62.8303831515559
 20
-506.385701377196
 40
 5
  0
CIRCLE
 5
 2498
100
AcDbEntity
  8
Coupe_Sens_Horaire
100
AcDbCircle
 62
93
  6
CONTINUOUS
 10
-62.8303831515559
 20
-534.098514298298
 40
 5
  0
CIRCLE
 5
 2499
100
AcDbEntity
  8
Coupe_Sens_Horaire
100
AcDbCircle
 62
93
  6
CONTINUOUS
 10
-62.8303831515559
 20
-561.811327219401
 40
 5
  0
CIRCLE
 5
 2500
100
AcDbEntity
  8
Coupe_Sens_Horaire
100
AcDbCircle
 62
93
  6
CONTINUOUS
 10
-62.8303831515559
 20
-589.524140140503
 40
 5
  0
CIRCLE
 5
 2501
100
AcDbEntity
  8
Coupe_Sens_Horaire
100
AcDbCircle
 62
93
  6
CONTINUOUS
 10
-62.8303831515559
 20
-617.236953061605
 40
 5
  0
CIRCLE
 5
 2502
100
AcDbEntity
  8
Coupe_Sens_Horaire
100
AcDbCircle
 62
93
  6
CONTINUOUS
 10
-62.8303831515559
 20
-644.949765982707
 40
 5
  0
CIRCLE
 5
 2503
100
AcDbEntity
  8
Coupe_Sens_Horaire
100
AcDbCircle
 62
93
  6
CONTINUOUS
 10
-78.8303831515564
 20
-478.672888628404
 40
 5
  0
CIRCLE
 5
 2504
100
AcDbEntity
  8
Coupe_Sens_Horaire
100
AcDbCircle
 62
93
  6
CONTINUOUS
 10
-78.8303831515564
 20
-506.385701549506
 40
 5
  0
CIRCLE
 5
 2505
100
AcDbEntity
  8
Coupe_Sens_Horaire
100
AcDbCircle
 62
93
  6
CONTINUOUS
 10
-78.8303831515564
 20
-534.098514470608
 40
 5
  0
CIRCLE
 5
 2506
100
AcDbEntity
  8
Coupe_Sens_Horaire
100
AcDbCircle
 62
93
  6
CONTINUOUS
 10
-78.8303831515564
 20
-561.81132739171
 40
 5
  0
CIRCLE
 5
 2507
100
AcDbEntity
  8
Coupe_Sens_Horaire
100
AcDbCircle
 62
93
  6
CONTINUOUS
 10
-78.8303831515564
 20
-589.524140312813
 40
 5
  0
CIRCLE
 5
 2508
100
AcDbEntity
  8
Coupe_Sens_Horaire
100
AcDbCircle
 62
93
  6
CONTINUOUS
 10
-78.8303831515564
 20
-617.236953233915
 40
 5
  0
CIRCLE
 5
 2509
100
AcDbEntity
  8
Coupe_Sens_Horaire
100
AcDbCircle
 62
93
  6
CONTINUOUS
 10
-78.8303831515564
 20
-644.949766155017
 40
 5
  0
CIRCLE
 5
 2510
100
AcDbEntity
  8
Coupe_Sens_Horaire
100
AcDbCircle
 62
93
  6
CONTINUOUS
 10
-94.8303831515564
 20
-478.672888800714
 40
 5
  0
CIRCLE
 5
 2511
100
AcDbEntity
  8
Coupe_Sens_Horaire
100
AcDbCircle
 62
93
  6
CONTINUOUS
 10
-94.8303831515564
 20
-506.385701721816
 40
 5
  0
CIRCLE
 5
 2512
100
AcDbEntity
  8
Coupe_Sens_Horaire
100
AcDbCircle
 62
93
  6
CONTINUOUS
 10
-94.8303831515564
 20
-534.098514642919
 40
 5
  0
CIRCLE
 5
 2513
100
AcDbEntity
  8
Coupe_Sens_Horaire
100
AcDbCircle
 62
93
  6
CONTINUOUS
 10
-94.8303831515564
 20
-561.811327564021
 40
 5
  0
CIRCLE
 5
 2514
100
AcDbEntity
  8
Coupe_Sens_Horaire
100
AcDbCircle
 62
93
  6
CONTINUOUS
 10
-94.8303831515564
 20
-589.524140485123
 40
 5
  0
CIRCLE
 5
 2515
100
AcDbEntity
  8
Coupe_Sens_Horaire
100
AcDbCircle
 62
93
  6
CONTINUOUS
 10
-94.8303831515564
 20
-617.236953406225
 40
 5
  0
CIRCLE
 5
 2516
100
AcDbEntity
  8
Coupe_Sens_Horaire
100
AcDbCircle
 62
93
  6
CONTINUOUS
 10
-94.8303831515564
 20
-644.949766327327
 40
 5
  0
CIRCLE
 5
 2517
100
AcDbEntity
  8
Coupe_Sens_Horaire
100
AcDbCircle
 62
93
  6
CONTINUOUS
 10
-110.830383151556
 20
-478.672888973024
 40
 5
  0
CIRCLE
 5
 2518
100
AcDbEntity
  8
Coupe_Sens_Horaire
100
AcDbCircle
 62
93
  6
CONTINUOUS
 10
-110.830383151556
 20
-506.385701894127
 40
 5
  0
CIRCLE
 5
 2519
100
AcDbEntity
  8
Coupe_Sens_Horaire
100
AcDbCircle
 62
93
  6
CONTINUOUS
 10
-110.830383151556
 20
-534.098514815229
 40
 5
  0
CIRCLE
 5
 2520
100
AcDbEntity
  8
Coupe_Sens_Horaire
100
AcDbCircle
 62
93
  6
CONTINUOUS
 10
-110.830383151556
 20
-561.811327736331
 40
 5
  0
CIRCLE
 5
 2521
100
AcDbEntity
  8
Coupe_Sens_Horaire
100
AcDbCircle
 62
93
  6
CONTINUOUS
 10
-110.830383151556
 20
-589.524140657433
 40
 5
  0
CIRCLE
 5
 2522
100
AcDbEntity
  8
Coupe_Sens_Horaire
100
AcDbCircle
 62
93
  6
CONTINUOUS
 10
-110.830383151556
 20
-617.236953578535
 40
 5
  0
CIRCLE
 5
 2523
100
AcDbEntity
  8
Coupe_Sens_Horaire
100
AcDbCircle
 62
93
  6
CONTINUOUS
 10
-110.830383151556
 20
-644.949766499637
 40
 5
  0
CIRCLE
 5
 2524
100
AcDbEntity
  8
Coupe_Sens_Horaire
100
AcDbCircle
 62
93
  6
CONTINUOUS
 10
-126.830383151556
 20
-478.672889145334
 40
 5
  0
CIRCLE
 5
 2525
100
AcDbEntity
  8
Coupe_Sens_Horaire
100
AcDbCircle
 62
93
  6
CONTINUOUS
 10
-126.830383151556
 20
-506.385702066437
 40
 5
  0
CIRCLE
 5
 2526
100
AcDbEntity
  8
Coupe_Sens_Horaire
100
AcDbCircle
 62
93
  6
CONTINUOUS
 10
-126.830383151556
 20
-534.098514987539
 40
 5
  0
CIRCLE
 5
 2527
100
AcDbEntity
  8
Coupe_Sens_Horaire
100
AcDbCircle
 62
93
  6
CONTINUOUS
 10
-126.830383151556
 20
-561.811327908641
 40
 5
  0
CIRCLE
 5
 2528
100
AcDbEntity
  8
Coupe_Sens_Horaire
100
AcDbCircle
 62
93
  6
CONTINUOUS
 10
-126.830383151556
 20
-589.524140829743
 40
 5
  0
CIRCLE
 5
 2529
100
AcDbEntity
  8
Coupe_Sens_Horaire
100
AcDbCircle
 62
93
  6
CONTINUOUS
 10
-126.830383151556
 20
-617.236953750845
 40
 5
  0
CIRCLE
 5
 2530
100
AcDbEntity
  8
Coupe_Sens_Horaire
100
AcDbCircle
 62
93
  6
CONTINUOUS
 10
-126.830383151556
 20
-644.949766671947
 40
 5
  0
CIRCLE
 5
 2531
100
AcDbEntity
  8
Coupe_Sens_Horaire
100
AcDbCircle
 62
93
  6
CONTINUOUS
 10
-142.830383151556
 20
-478.672889317645
 40
 5
  0
CIRCLE
 5
 2532
100
AcDbEntity
  8
Coupe_Sens_Horaire
100
AcDbCircle
 62
93
  6
CONTINUOUS
 10
-142.830383151556
 20
-506.385702238747
 40
 5
  0
CIRCLE
 5
 2533
100
AcDbEntity
  8
Coupe_Sens_Horaire
100
AcDbCircle
 62
93
  6
CONTINUOUS
 10
-142.830383151556
 20
-534.098515159849
 40
 5
  0
CIRCLE
 5
 2534
100
AcDbEntity
  8
Coupe_Sens_Horaire
100
AcDbCircle
 62
93
  6
CONTINUOUS
 10
-142.830383151556
 20
-561.811328080951
 40
 5
  0
CIRCLE
 5
 2535
100
AcDbEntity
  8
Coupe_Sens_Horaire
100
AcDbCircle
 62
93
  6
CONTINUOUS
 10
-142.830383151556
 20
-589.524141002053
 40
 5
  0
CIRCLE
 5
 2536
100
AcDbEntity
  8
Coupe_Sens_Horaire
100
AcDbCircle
 62
93
  6
CONTINUOUS
 10
-142.830383151556
 20
-617.236953923155
 40
 5
  0
CIRCLE
 5
 2537
100
AcDbEntity
  8
Coupe_Sens_Horaire
100
AcDbCircle
 62
93
  6
CONTINUOUS
 10
-142.830383151556
 20
-644.949766844257
 40
 5
  0
CIRCLE
 5
 2538
100
AcDbEntity
  8
Coupe_Sens_Horaire
100
AcDbCircle
 62
93
  6
CONTINUOUS
 10
-158.830383151556
 20
-478.672889489954
 40
 5
  0
CIRCLE
 5
 2539
100
AcDbEntity
  8
Coupe_Sens_Horaire
100
AcDbCircle
 62
93
  6
CONTINUOUS
 10
-158.830383151556
 20
-506.385702411056
 40
 5
  0
CIRCLE
 5
 2540
100
AcDbEntity
  8
Coupe_Sens_Horaire
100
AcDbCircle
 62
93
  6
CONTINUOUS
 10
-158.830383151556
 20
-534.098515332159
 40
 5
  0
CIRCLE
 5
 2541
100
AcDbEntity
  8
Coupe_Sens_Horaire
100
AcDbCircle
 62
93
  6
CONTINUOUS
 10
-158.830383151556
 20
-561.811328253261
 40
 5
  0
CIRCLE
 5
 2542
100
AcDbEntity
  8
Coupe_Sens_Horaire
100
AcDbCircle
 62
93
  6
CONTINUOUS
 10
-158.830383151556
 20
-589.524141174363
 40
 5
  0
CIRCLE
 5
 2543
100
AcDbEntity
  8
Coupe_Sens_Horaire
100
AcDbCircle
 62
93
  6
CONTINUOUS
 10
-158.830383151556
 20
-617.236954095465
 40
 5
  0
CIRCLE
 5
 2544
100
AcDbEntity
  8
Coupe_Sens_Horaire
100
AcDbCircle
 62
93
  6
CONTINUOUS
 10
-158.830383151556
 20
-644.949767016567
 40
 5
  0
CIRCLE
 5
 2545
100
AcDbEntity
  8
Coupe_Sens_Horaire
100
AcDbCircle
 62
93
  6
CONTINUOUS
 10
-174.830383151556
 20
-478.672889662265
 40
 5
  0
CIRCLE
 5
 2546
100
AcDbEntity
  8
Coupe_Sens_Horaire
100
AcDbCircle
 62
93
  6
CONTINUOUS
 10
-174.830383151556
 20
-506.385702583367
 40
 5
  0
CIRCLE
 5
 2547
100
AcDbEntity
  8
Coupe_Sens_Horaire
100
AcDbCircle
 62
93
  6
CONTINUOUS
 10
-174.830383151556
 20
-534.098515504469
 40
 5
  0
CIRCLE
 5
 2548
100
AcDbEntity
  8
Coupe_Sens_Horaire
100
AcDbCircle
 62
93
  6
CONTINUOUS
 10
-174.830383151556
 20
-561.811328425571
 40
 5
  0
CIRCLE
 5
 2549
100
AcDbEntity
  8
Coupe_Sens_Horaire
100
AcDbCircle
 62
93
  6
CONTINUOUS
 10
-174.830383151556
 20
-589.524141346673
 40
 5
  0
CIRCLE
 5
 2550
100
AcDbEntity
  8
Coupe_Sens_Horaire
100
AcDbCircle
 62
93
  6
CONTINUOUS
 10
-174.830383151556
 20
-617.236954267775
 40
 5
  0
CIRCLE
 5
 2551
100
AcDbEntity
  8
Coupe_Sens_Horaire
100
AcDbCircle
 62
93
  6
CONTINUOUS
 10
-174.830383151556
 20
-644.949767188877
 40
 5
  0
CIRCLE
 5
 2552
100
AcDbEntity
  8
Coupe_Sens_Horaire
100
AcDbCircle
 62
93
  6
CONTINUOUS
 10
-190.830383151556
 20
-478.672889834575
 40
 5
  0
CIRCLE
 5
 2553
100
AcDbEntity
  8
Coupe_Sens_Horaire
100
AcDbCircle
 62
93
  6
CONTINUOUS
 10
-190.830383151556
 20
-506.385702755677
 40
 5
  0
CIRCLE
 5
 2554
100
AcDbEntity
  8
Coupe_Sens_Horaire
100
AcDbCircle
 62
93
  6
CONTINUOUS
 10
-190.830383151556
 20
-534.098515676779
 40
 5
  0
CIRCLE
 5
 2555
100
AcDbEntity
  8
Coupe_Sens_Horaire
100
AcDbCircle
 62
93
  6
CONTINUOUS
 10
-190.830383151556
 20
-561.811328597881
 40
 5
  0
CIRCLE
 5
 2556
100
AcDbEntity
  8
Coupe_Sens_Horaire
100
AcDbCircle
 62
93
  6
CONTINUOUS
 10
-190.830383151556
 20
-589.524141518983
 40
 5
  0
CIRCLE
 5
 2557
100
AcDbEntity
  8
Coupe_Sens_Horaire
100
AcDbCircle
 62
93
  6
CONTINUOUS
 10
-190.830383151556
 20
-617.236954440085
 40
 5
  0
CIRCLE
 5
 2558
100
AcDbEntity
  8
Coupe_Sens_Horaire
100
AcDbCircle
 62
93
  6
CONTINUOUS
 10
-190.830383151556
 20
-644.949767361187
 40
 5
  0
CIRCLE
 5
 2559
100
AcDbEntity
  8
Coupe_Sens_Horaire
100
AcDbCircle
 62
93
  6
CONTINUOUS
 10
-206.830383151556
 20
-478.672890006885
 40
 5
  0
CIRCLE
 5
 2560
100
AcDbEntity
  8
Coupe_Sens_Horaire
100
AcDbCircle
 62
93
  6
CONTINUOUS
 10
-206.830383151556
 20
-506.385702927987
 40
 5
  0
CIRCLE
 5
 2561
100
AcDbEntity
  8
Coupe_Sens_Horaire
100
AcDbCircle
 62
93
  6
CONTINUOUS
 10
-206.830383151556
 20
-534.098515849089
 40
 5
  0
CIRCLE
 5
 2562
100
AcDbEntity
  8
Coupe_Sens_Horaire
100
AcDbCircle
 62
93
  6
CONTINUOUS
 10
-206.830383151556
 20
-561.811328770191
 40
 5
  0
CIRCLE
 5
 2563
100
AcDbEntity
  8
Coupe_Sens_Horaire
100
AcDbCircle
 62
93
  6
CONTINUOUS
 10
-206.830383151556
 20
-589.524141691293
 40
 5
  0
CIRCLE
 5
 2564
100
AcDbEntity
  8
Coupe_Sens_Horaire
100
AcDbCircle
 62
93
  6
CONTINUOUS
 10
-206.830383151556
 20
-617.236954612395
 40
 5
  0
CIRCLE
 5
 2565
100
AcDbEntity
  8
Coupe_Sens_Horaire
100
AcDbCircle
 62
93
  6
CONTINUOUS
 10
-206.830383151556
 20
-644.949767533497
 40
 5
  0
CIRCLE
 5
 2566
100
AcDbEntity
  8
Coupe_Sens_Horaire
100
AcDbCircle
 62
93
  6
CONTINUOUS
 10
-222.830383151556
 20
-478.672890179195
 40
 5
  0
CIRCLE
 5
 2567
100
AcDbEntity
  8
Coupe_Sens_Horaire
100
AcDbCircle
 62
93
  6
CONTINUOUS
 10
-222.830383151556
 20
-506.385703100297
 40
 5
  0
CIRCLE
 5
 2568
100
AcDbEntity
  8
Coupe_Sens_Horaire
100
AcDbCircle
 62
93
  6
CONTINUOUS
 10
-222.830383151556
 20
-534.098516021399
 40
 5
  0
CIRCLE
 5
 2569
100
AcDbEntity
  8
Coupe_Sens_Horaire
100
AcDbCircle
 62
93
  6
CONTINUOUS
 10
-222.830383151556
 20
-561.811328942501
 40
 5
  0
CIRCLE
 5
 2570
100
AcDbEntity
  8
Coupe_Sens_Horaire
100
AcDbCircle
 62
93
  6
CONTINUOUS
 10
-222.830383151556
 20
-589.524141863603
 40
 5
  0
CIRCLE
 5
 2571
100
AcDbEntity
  8
Coupe_Sens_Horaire
100
AcDbCircle
 62
93
  6
CONTINUOUS
 10
-222.830383151556
 20
-617.236954784705
 40
 5
  0
CIRCLE
 5
 2572
100
AcDbEntity
  8
Coupe_Sens_Horaire
100
AcDbCircle
 62
93
  6
CONTINUOUS
 10
-222.830383151556
 20
-644.949767705808
 40
 5
  0
CIRCLE
 5
 2573
100
AcDbEntity
  8
Coupe_Sens_Horaire
100
AcDbCircle
 62
93
  6
CONTINUOUS
 10
-238.830383151556
 20
-478.672890351505
 40
 5
  0
CIRCLE
 5
 2574
100
AcDbEntity
  8
Coupe_Sens_Horaire
100
AcDbCircle
 62
93
  6
CONTINUOUS
 10
-238.830383151556
 20
-506.385703272607
 40
 5
  0
CIRCLE
 5
 2575
100
AcDbEntity
  8
Coupe_Sens_Horaire
100
AcDbCircle
 62
93
  6
CONTINUOUS
 10
-238.830383151556
 20
-534.098516193709
 40
 5
  0
CIRCLE
 5
 2576
100
AcDbEntity
  8
Coupe_Sens_Horaire
100
AcDbCircle
 62
93
  6
CONTINUOUS
 10
-238.830383151556
 20
-561.811329114811
 40
 5
  0
CIRCLE
 5
 2577
100
AcDbEntity
  8
Coupe_Sens_Horaire
100
AcDbCircle
 62
93
  6
CONTINUOUS
 10
-238.830383151556
 20
-589.524142035913
 40
 5
  0
CIRCLE
 5
 2578
100
AcDbEntity
  8
Coupe_Sens_Horaire
100
AcDbCircle
 62
93
  6
CONTINUOUS
 10
-238.830383151556
 20
-617.236954957015
 40
 5
  0
CIRCLE
 5
 2579
100
AcDbEntity
  8
Coupe_Sens_Horaire
100
AcDbCircle
 62
93
  6
CONTINUOUS
 10
-238.830383151556
 20
-644.949767878118
 40
 5
  0
CIRCLE
 5
 2580
100
AcDbEntity
  8
Coupe_Sens_Horaire
100
AcDbCircle
 62
93
  6
CONTINUOUS
 10
-254.830383151556
 20
-478.672890523815
 40
 5
  0
CIRCLE
 5
 2581
100
AcDbEntity
  8
Coupe_Sens_Horaire
100
AcDbCircle
 62
93
  6
CONTINUOUS
 10
-254.830383151556
 20
-506.385703444917
 40
 5
  0
CIRCLE
 5
 2582
100
AcDbEntity
  8
Coupe_Sens_Horaire
100
AcDbCircle
 62
93
  6
CONTINUOUS
 10
-254.830383151556
 20
-534.098516366019
 40
 5
  0
CIRCLE
 5
 2583
100
AcDbEntity
  8
Coupe_Sens_Horaire
100
AcDbCircle
 62
93
  6
CONTINUOUS
 10
-254.830383151556
 20
-617.236955129325
 40
 5
  0
CIRCLE
 5
 2584
100
AcDbEntity
  8
Coupe_Sens_Horaire
100
AcDbCircle
 62
93
  6
CONTINUOUS
 10
-254.830383151556
 20
-644.949768050427
 40
 5
  0
CIRCLE
 5
 2585
100
AcDbEntity
  8
Coupe_Sens_Horaire
100
AcDbCircle
 62
93
  6
CONTINUOUS
 10
-270.830383151556
 20
-478.672890696125
 40
 5
  0
CIRCLE
 5
 2586
100
AcDbEntity
  8
Coupe_Sens_Horaire
100
AcDbCircle
 62
93
  6
CONTINUOUS
 10
-270.830383151556
 20
-506.385703617227
 40
 5
  0
CIRCLE
 5
 2587
100
AcDbEntity
  8
Coupe_Sens_Horaire
100
AcDbCircle
 62
93
  6
CONTINUOUS
 10
-270.830383151556
 20
-534.098516538329
 40
 5
  0
CIRCLE
 5
 2588
100
AcDbEntity
  8
Coupe_Sens_Horaire
100
AcDbCircle
 62
93
  6
CONTINUOUS
 10
-270.830383151556
 20
-617.236955301635
 40
 5
  0
CIRCLE
 5
 2589
100
AcDbEntity
  8
Coupe_Sens_Horaire
100
AcDbCircle
 62
93
  6
CONTINUOUS
 10
-270.830383151556
 20
-644.949768222738
 40
 5
  0
CIRCLE
 5
 2590
100
AcDbEntity
  8
Coupe_Sens_Horaire
100
AcDbCircle
 62
93
  6
CONTINUOUS
 10
-286.830383151556
 20
-478.672890868435
 40
 5
  0
CIRCLE
 5
 2591
100
AcDbEntity
  8
Coupe_Sens_Horaire
100
AcDbCircle
 62
93
  6
CONTINUOUS
 10
-286.830383151556
 20
-506.385703789537
 40
 5
  0
CIRCLE
 5
 2592
100
AcDbEntity
  8
Coupe_Sens_Horaire
100
AcDbCircle
 62
93
  6
CONTINUOUS
 10
-286.830383151556
 20
-534.098516710639
 40
 5
  0
CIRCLE
 5
 2593
100
AcDbEntity
  8
Coupe_Sens_Horaire
100
AcDbCircle
 62
93
  6
CONTINUOUS
 10
-286.830383151556
 20
-561.811329631741
 40
 5
  0
CIRCLE
 5
 2594
100
AcDbEntity
  8
Coupe_Sens_Horaire
100
AcDbCircle
 62
93
  6
CONTINUOUS
 10
-286.830383151556
 20
-589.524142552843
 40
 5
  0
CIRCLE
 5
 2595
100
AcDbEntity
  8
Coupe_Sens_Horaire
100
AcDbCircle
 62
93
  6
CONTINUOUS
 10
-286.830383151556
 20
-617.236955473946
 40
 5
  0
CIRCLE
 5
 2596
100
AcDbEntity
  8
Coupe_Sens_Horaire
100
AcDbCircle
 62
93
  6
CONTINUOUS
 10
-286.830383151556
 20
-644.949768395048
 40
 5
  0
CIRCLE
 5
 2597
100
AcDbEntity
  8
Coupe_Sens_Horaire
100
AcDbCircle
 62
93
  6
CONTINUOUS
 10
-302.830383151556
 20
-478.672891040745
 40
 5
  0
CIRCLE
 5
 2598
100
AcDbEntity
  8
Coupe_Sens_Horaire
100
AcDbCircle
 62
93
  6
CONTINUOUS
 10
-302.830383151556
 20
-506.385703961847
 40
 5
  0
CIRCLE
 5
 2599
100
AcDbEntity
  8
Coupe_Sens_Horaire
100
AcDbCircle
 62
93
  6
CONTINUOUS
 10
-302.830383151556
 20
-534.098516882949
 40
 5
  0
CIRCLE
 5
 2600
100
AcDbEntity
  8
Coupe_Sens_Horaire
100
AcDbCircle
 62
93
  6
CONTINUOUS
 10
-302.830383151556
 20
-561.811329804052
 40
 5
  0
CIRCLE
 5
 2601
100
AcDbEntity
  8
Coupe_Sens_Horaire
100
AcDbCircle
 62
93
  6
CONTINUOUS
 10
-302.830383151556
 20
-589.524142725154
 40
 5
  0
CIRCLE
 5
 2602
100
AcDbEntity
  8
Coupe_Sens_Horaire
100
AcDbCircle
 62
93
  6
CONTINUOUS
 10
-302.830383151556
 20
-617.236955646256
 40
 5
  0
CIRCLE
 5
 2603
100
AcDbEntity
  8
Coupe_Sens_Horaire
100
AcDbCircle
 62
93
  6
CONTINUOUS
 10
-302.830383151556
 20
-644.949768567358
 40
 5
  0
CIRCLE
 5
 2604
100
AcDbEntity
  8
Coupe_Sens_Horaire
100
AcDbCircle
 62
93
  6
CONTINUOUS
 10
-318.830383151556
 20
-478.672891213055
 40
 5
  0
CIRCLE
 5
 2605
100
AcDbEntity
  8
Coupe_Sens_Horaire
100
AcDbCircle
 62
93
  6
CONTINUOUS
 10
-318.830383151556
 20
-506.385704134157
 40
 5
  0
CIRCLE
 5
 2606
100
AcDbEntity
  8
Coupe_Sens_Horaire
100
AcDbCircle
 62
93
  6
CONTINUOUS
 10
-318.830383151556
 20
-534.09851705526
 40
 5
  0
CIRCLE
 5
 2607
100
AcDbEntity
  8
Coupe_Sens_Horaire
100
AcDbCircle
 62
93
  6
CONTINUOUS
 10
-318.830383151556
 20
-561.811329976362
 40
 5
  0
CIRCLE
 5
 2608
100
AcDbEntity
  8
Coupe_Sens_Horaire
100
AcDbCircle
 62
93
  6
CONTINUOUS
 10
-318.830383151556
 20
-589.524142897464
 40
 5
  0
CIRCLE
 5
 2609
100
AcDbEntity
  8
Coupe_Sens_Horaire
100
AcDbCircle
 62
93
  6
CONTINUOUS
 10
-318.830383151556
 20
-617.236955818566
 40
 5
  0
CIRCLE
 5
 2610
100
AcDbEntity
  8
Coupe_Sens_Horaire
100
AcDbCircle
 62
93
  6
CONTINUOUS
 10
-318.830383151556
 20
-644.949768739668
 40
 5
  0
CIRCLE
 5
 2611
100
AcDbEntity
  8
Coupe_Sens_Horaire
100
AcDbCircle
 62
93
  6
CONTINUOUS
 10
-334.830383151556
 20
-478.672891385365
 40
 5
  0
CIRCLE
 5
 2612
100
AcDbEntity
  8
Coupe_Sens_Horaire
100
AcDbCircle
 62
93
  6
CONTINUOUS
 10
-334.830383151556
 20
-506.385704306467
 40
 5
  0
CIRCLE
 5
 2613
100
AcDbEntity
  8
Coupe_Sens_Horaire
100
AcDbCircle
 62
93
  6
CONTINUOUS
 10
-334.830383151556
 20
-534.098517227569
 40
 5
  0
CIRCLE
 5
 2614
100
AcDbEntity
  8
Coupe_Sens_Horaire
100
AcDbCircle
 62
93
  6
CONTINUOUS
 10
-334.830383151556
 20
-561.811330148672
 40
 5
  0
CIRCLE
 5
 2615
100
AcDbEntity
  8
Coupe_Sens_Horaire
100
AcDbCircle
 62
93
  6
CONTINUOUS
 10
-334.830383151556
 20
-589.524143069774
 40
 5
  0
CIRCLE
 5
 2616
100
AcDbEntity
  8
Coupe_Sens_Horaire
100
AcDbCircle
 62
93
  6
CONTINUOUS
 10
-334.830383151556
 20
-617.236955990876
 40
 5
  0
CIRCLE
 5
 2617
100
AcDbEntity
  8
Coupe_Sens_Horaire
100
AcDbCircle
 62
93
  6
CONTINUOUS
 10
-334.830383151556
 20
-644.949768911978
 40
 5
  0
CIRCLE
 5
 2618
100
AcDbEntity
  8
Coupe_Sens_Horaire
100
AcDbCircle
 62
93
  6
CONTINUOUS
 10
-350.830383151556
 20
-478.672891557675
 40
 5
  0
CIRCLE
 5
 2619
100
AcDbEntity
  8
Coupe_Sens_Horaire
100
AcDbCircle
 62
93
  6
CONTINUOUS
 10
-350.830383151556
 20
-506.385704478777
 40
 5
  0
CIRCLE
 5
 2620
100
AcDbEntity
  8
Coupe_Sens_Horaire
100
AcDbCircle
 62
93
  6
CONTINUOUS
 10
-350.830383151556
 20
-534.09851739988
 40
 5
  0
CIRCLE
 5
 2621
100
AcDbEntity
  8
Coupe_Sens_Horaire
100
AcDbCircle
 62
93
  6
CONTINUOUS
 10
-350.830383151556
 20
-561.811330320982
 40
 5
  0
CIRCLE
 5
 2622
100
AcDbEntity
  8
Coupe_Sens_Horaire
100
AcDbCircle
 62
93
  6
CONTINUOUS
 10
-350.830383151556
 20
-589.524143242084
 40
 5
  0
CIRCLE
 5
 2623
100
AcDbEntity
  8
Coupe_Sens_Horaire
100
AcDbCircle
 62
93
  6
CONTINUOUS
 10
-350.830383151556
 20
-617.236956163186
 40
 5
  0
CIRCLE
 5
 2624
100
AcDbEntity
  8
Coupe_Sens_Horaire
100
AcDbCircle
 62
93
  6
CONTINUOUS
 10
-350.830383151556
 20
-644.949769084288
 40
 5
  0
CIRCLE
 5
 2625
100
AcDbEntity
  8
Coupe_Sens_Horaire
100
AcDbCircle
 62
93
  6
CONTINUOUS
 10
-366.830383151556
 20
-478.672891729985
 40
 5
  0
CIRCLE
 5
 2626
100
AcDbEntity
  8
Coupe_Sens_Horaire
100
AcDbCircle
 62
93
  6
CONTINUOUS
 10
-366.830383151556
 20
-506.385704651087
 40
 5
  0
CIRCLE
 5
 2627
100
AcDbEntity
  8
Coupe_Sens_Horaire
100
AcDbCircle
 62
93
  6
CONTINUOUS
 10
-366.830383151556
 20
-534.098517572189
 40
 5
  0
CIRCLE
 5
 2628
100
AcDbEntity
  8
Coupe_Sens_Horaire
100
AcDbCircle
 62
93
  6
CONTINUOUS
 10
-366.830383151556
 20
-561.811330493292
 40
 5
  0
CIRCLE
 5
 2629
100
AcDbEntity
  8
Coupe_Sens_Horaire
100
AcDbCircle
 62
93
  6
CONTINUOUS
 10
-366.830383151556
 20
-589.524143414394
 40
 5
  0
CIRCLE
 5
 2630
100
AcDbEntity
  8
Coupe_Sens_Horaire
100
AcDbCircle
 62
93
  6
CONTINUOUS
 10
-366.830383151556
 20
-617.236956335496
 40
 5
  0
CIRCLE
 5
 2631
100
AcDbEntity
  8
Coupe_Sens_Horaire
100
AcDbCircle
 62
93
  6
CONTINUOUS
 10
-366.830383151556
 20
-644.949769256598
 40
 5
  0
CIRCLE
 5
 2632
100
AcDbEntity
  8
Coupe_Sens_Horaire
100
AcDbCircle
 62
93
  6
CONTINUOUS
 10
-382.830383151556
 20
-478.672891902295
 40
 5
  0
CIRCLE
 5
 2633
100
AcDbEntity
  8
Coupe_Sens_Horaire
100
AcDbCircle
 62
93
  6
CONTINUOUS
 10
-382.830383151556
 20
-506.385704823398
 40
 5
  0
CIRCLE
 5
 2634
100
AcDbEntity
  8
Coupe_Sens_Horaire
100
AcDbCircle
 62
93
  6
CONTINUOUS
 10
-382.830383151556
 20
-534.0985177445
 40
 5
  0
CIRCLE
 5
 2635
100
AcDbEntity
  8
Coupe_Sens_Horaire
100
AcDbCircle
 62
93
  6
CONTINUOUS
 10
-382.830383151556
 20
-561.811330665602
 40
 5
  0
CIRCLE
 5
 2636
100
AcDbEntity
  8
Coupe_Sens_Horaire
100
AcDbCircle
 62
93
  6
CONTINUOUS
 10
-382.830383151556
 20
-589.524143586704
 40
 5
  0
CIRCLE
 5
 2637
100
AcDbEntity
  8
Coupe_Sens_Horaire
100
AcDbCircle
 62
93
  6
CONTINUOUS
 10
-382.830383151556
 20
-617.236956507806
 40
 5
  0
CIRCLE
 5
 2638
100
AcDbEntity
  8
Coupe_Sens_Horaire
100
AcDbCircle
 62
93
  6
CONTINUOUS
 10
-382.830383151556
 20
-644.949769428908
 40
 5
  0
CIRCLE
 5
 2639
100
AcDbEntity
  8
Coupe_Sens_Horaire
100
AcDbCircle
 62
93
  6
CONTINUOUS
 10
-398.830383151556
 20
-478.672892074605
 40
 5
  0
CIRCLE
 5
 2640
100
AcDbEntity
  8
Coupe_Sens_Horaire
100
AcDbCircle
 62
93
  6
CONTINUOUS
 10
-398.830383151556
 20
-506.385704995708
 40
 5
  0
CIRCLE
 5
 2641
100
AcDbEntity
  8
Coupe_Sens_Horaire
100
AcDbCircle
 62
93
  6
CONTINUOUS
 10
-398.830383151556
 20
-534.09851791681
 40
 5
  0
CIRCLE
 5
 2642
100
AcDbEntity
  8
Coupe_Sens_Horaire
100
AcDbCircle
 62
93
  6
CONTINUOUS
 10
-398.830383151556
 20
-561.811330837912
 40
 5
  0
CIRCLE
 5
 2643
100
AcDbEntity
  8
Coupe_Sens_Horaire
100
AcDbCircle
 62
93
  6
CONTINUOUS
 10
-398.830383151556
 20
-589.524143759014
 40
 5
  0
CIRCLE
 5
 2644
100
AcDbEntity
  8
Coupe_Sens_Horaire
100
AcDbCircle
 62
93
  6
CONTINUOUS
 10
-398.830383151556
 20
-617.236956680116
 40
 5
  0
CIRCLE
 5
 2645
100
AcDbEntity
  8
Coupe_Sens_Horaire
100
AcDbCircle
 62
93
  6
CONTINUOUS
 10
-398.830383151556
 20
-644.949769601218
 40
 5
  0
CIRCLE
 5
 2646
100
AcDbEntity
  8
Coupe_Sens_Horaire
100
AcDbCircle
 62
93
  6
CONTINUOUS
 10
-414.830383151556
 20
-478.672892246916
 40
 5
  0
CIRCLE
 5
 2647
100
AcDbEntity
  8
Coupe_Sens_Horaire
100
AcDbCircle
 62
93
  6
CONTINUOUS
 10
-414.830383151556
 20
-506.385705168018
 40
 5
  0
CIRCLE
 5
 2648
100
AcDbEntity
  8
Coupe_Sens_Horaire
100
AcDbCircle
 62
93
  6
CONTINUOUS
 10
-414.830383151556
 20
-534.09851808912
 40
 5
  0
CIRCLE
 5
 2649
100
AcDbEntity
  8
Coupe_Sens_Horaire
100
AcDbCircle
 62
93
  6
CONTINUOUS
 10
-414.830383151556
 20
-561.811331010222
 40
 5
  0
CIRCLE
 5
 2650
100
AcDbEntity
  8
Coupe_Sens_Horaire
100
AcDbCircle
 62
93
  6
CONTINUOUS
 10
-414.830383151556
 20
-589.524143931324
 40
 5
  0
CIRCLE
 5
 2651
100
AcDbEntity
  8
Coupe_Sens_Horaire
100
AcDbCircle
 62
93
  6
CONTINUOUS
 10
-414.830383151556
 20
-617.236956852426
 40
 5
  0
CIRCLE
 5
 2652
100
AcDbEntity
  8
Coupe_Sens_Horaire
100
AcDbCircle
 62
93
  6
CONTINUOUS
 10
-414.830383151556
 20
-644.949769773528
 40
 5
  0
CIRCLE
 5
 2653
100
AcDbEntity
  8
Coupe_Sens_Horaire
100
AcDbCircle
 62
93
  6
CONTINUOUS
 10
-430.830383151556
 20
-478.672892419226
 40
 5
  0
CIRCLE
 5
 2654
100
AcDbEntity
  8
Coupe_Sens_Horaire
100
AcDbCircle
 62
93
  6
CONTINUOUS
 10
-430.830383151556
 20
-506.385705340328
 40
 5
  0
CIRCLE
 5
 2655
100
AcDbEntity
  8
Coupe_Sens_Horaire
100
AcDbCircle
 62
93
  6
CONTINUOUS
 10
-430.830383151556
 20
-534.09851826143
 40
 5
  0
CIRCLE
 5
 2656
100
AcDbEntity
  8
Coupe_Sens_Horaire
100
AcDbCircle
 62
93
  6
CONTINUOUS
 10
-430.830383151556
 20
-561.811331182532
 40
 5
  0
CIRCLE
 5
 2657
100
AcDbEntity
  8
Coupe_Sens_Horaire
100
AcDbCircle
 62
93
  6
CONTINUOUS
 10
-430.830383151556
 20
-589.524144103634
 40
 5
  0
CIRCLE
 5
 2658
100
AcDbEntity
  8
Coupe_Sens_Horaire
100
AcDbCircle
 62
93
  6
CONTINUOUS
 10
-430.830383151556
 20
-617.236957024736
 40
 5
  0
CIRCLE
 5
 2659
100
AcDbEntity
  8
Coupe_Sens_Horaire
100
AcDbCircle
 62
93
  6
CONTINUOUS
 10
-430.830383151556
 20
-644.949769945838
 40
 5
  0
CIRCLE
 5
 2660
100
AcDbEntity
  8
Coupe_Sens_Horaire
100
AcDbCircle
 62
93
  6
CONTINUOUS
 10
-446.830383151556
 20
-478.672892591536
 40
 5
  0
CIRCLE
 5
 2661
100
AcDbEntity
  8
Coupe_Sens_Horaire
100
AcDbCircle
 62
93
  6
CONTINUOUS
 10
-446.830383151556
 20
-506.385705512638
 40
 5
  0
CIRCLE
 5
 2662
100
AcDbEntity
  8
Coupe_Sens_Horaire
100
AcDbCircle
 62
93
  6
CONTINUOUS
 10
-446.830383151556
 20
-534.09851843374
 40
 5
  0
CIRCLE
 5
 2663
100
AcDbEntity
  8
Coupe_Sens_Horaire
100
AcDbCircle
 62
93
  6
CONTINUOUS
 10
-446.830383151556
 20
-561.811331354842
 40
 5
  0
CIRCLE
 5
 2664
100
AcDbEntity
  8
Coupe_Sens_Horaire
100
AcDbCircle
 62
93
  6
CONTINUOUS
 10
-446.830383151556
 20
-589.524144275944
 40
 5
  0
CIRCLE
 5
 2665
100
AcDbEntity
  8
Coupe_Sens_Horaire
100
AcDbCircle
 62
93
  6
CONTINUOUS
 10
-446.830383151556
 20
-617.236957197046
 40
 5
  0
CIRCLE
 5
 2666
100
AcDbEntity
  8
Coupe_Sens_Horaire
100
AcDbCircle
 62
93
  6
CONTINUOUS
 10
-446.830383151556
 20
-644.949770118148
 40
 5
  0
CIRCLE
 5
 2667
100
AcDbEntity
  8
Coupe_Sens_Horaire
100
AcDbCircle
 62
93
  6
CONTINUOUS
 10
-462.830383151556
 20
-478.672892763846
 40
 5
  0
CIRCLE
 5
 2668
100
AcDbEntity
  8
Coupe_Sens_Horaire
100
AcDbCircle
 62
93
  6
CONTINUOUS
 10
-462.830383151556
 20
-506.385705684948
 40
 5
  0
CIRCLE
 5
 2669
100
AcDbEntity
  8
Coupe_Sens_Horaire
100
AcDbCircle
 62
93
  6
CONTINUOUS
 10
-462.830383151556
 20
-534.09851860605
 40
 5
  0
CIRCLE
 5
 2670
100
AcDbEntity
  8
Coupe_Sens_Horaire
100
AcDbCircle
 62
93
  6
CONTINUOUS
 10
-462.830383151556
 20
-561.811331527152
 40
 5
  0
CIRCLE
 5
 2671
100
AcDbEntity
  8
Coupe_Sens_Horaire
100
AcDbCircle
 62
93
  6
CONTINUOUS
 10
-462.830383151556
 20
-589.524144448254
 40
 5
  0
CIRCLE
 5
 2672
100
AcDbEntity
  8
Coupe_Sens_Horaire
100
AcDbCircle
 62
93
  6
CONTINUOUS
 10
-462.830383151556
 20
-617.236957369356
 40
 5
  0
CIRCLE
 5
 2673
100
AcDbEntity
  8
Coupe_Sens_Horaire
100
AcDbCircle
 62
93
  6
CONTINUOUS
 10
-462.830383151556
 20
-644.949770290458
 40
 5
  0
CIRCLE
 5
 2674
100
AcDbEntity
  8
Coupe_Sens_Horaire
100
AcDbCircle
 62
93
  6
CONTINUOUS
 10
-478.830383151556
 20
-478.672892936156
 40
 5
  0
CIRCLE
 5
 2675
100
AcDbEntity
  8
Coupe_Sens_Horaire
100
AcDbCircle
 62
93
  6
CONTINUOUS
 10
-478.830383151556
 20
-506.385705857258
 40
 5
  0
CIRCLE
 5
 2676
100
AcDbEntity
  8
Coupe_Sens_Horaire
100
AcDbCircle
 62
93
  6
CONTINUOUS
 10
-478.830383151556
 20
-534.09851877836
 40
 5
  0
CIRCLE
 5
 2677
100
AcDbEntity
  8
Coupe_Sens_Horaire
100
AcDbCircle
 62
93
  6
CONTINUOUS
 10
-478.830383151556
 20
-561.811331699462
 40
 5
  0
CIRCLE
 5
 2678
100
AcDbEntity
  8
Coupe_Sens_Horaire
100
AcDbCircle
 62
93
  6
CONTINUOUS
 10
-478.830383151556
 20
-589.524144620564
 40
 5
  0
CIRCLE
 5
 2679
100
AcDbEntity
  8
Coupe_Sens_Horaire
100
AcDbCircle
 62
93
  6
CONTINUOUS
 10
-478.830383151556
 20
-617.236957541666
 40
 5
  0
CIRCLE
 5
 2680
100
AcDbEntity
  8
Coupe_Sens_Horaire
100
AcDbCircle
 62
93
  6
CONTINUOUS
 10
-478.830383151556
 20
-644.949770462768
 40
 5
  0
CIRCLE
 5
 2681
100
AcDbEntity
  8
Coupe_Sens_Horaire
100
AcDbCircle
 62
93
  6
CONTINUOUS
 10
-494.830383151556
 20
-478.672893108466
 40
 5
  0
CIRCLE
 5
 2682
100
AcDbEntity
  8
Coupe_Sens_Horaire
100
AcDbCircle
 62
93
  6
CONTINUOUS
 10
-494.830383151556
 20
-506.385706029568
 40
 5
  0
CIRCLE
 5
 2683
100
AcDbEntity
  8
Coupe_Sens_Horaire
100
AcDbCircle
 62
93
  6
CONTINUOUS
 10
-494.830383151556
 20
-534.09851895067
 40
 5
  0
CIRCLE
 5
 2684
100
AcDbEntity
  8
Coupe_Sens_Horaire
100
AcDbCircle
 62
93
  6
CONTINUOUS
 10
-494.830383151556
 20
-561.811331871772
 40
 5
  0
CIRCLE
 5
 2685
100
AcDbEntity
  8
Coupe_Sens_Horaire
100
AcDbCircle
 62
93
  6
CONTINUOUS
 10
-494.830383151556
 20
-589.524144792874
 40
 5
  0
CIRCLE
 5
 2686
100
AcDbEntity
  8
Coupe_Sens_Horaire
100
AcDbCircle
 62
93
  6
CONTINUOUS
 10
-494.830383151556
 20
-617.236957713976
 40
 5
  0
CIRCLE
 5
 2687
100
AcDbEntity
  8
Coupe_Sens_Horaire
100
AcDbCircle
 62
93
  6
CONTINUOUS
 10
-494.830383151556
 20
-644.949770635079
 40
 5
  0
CIRCLE
 5
 2688
100
AcDbEntity
  8
Coupe_Sens_Horaire
100
AcDbCircle
 62
93
  6
CONTINUOUS
 10
-510.830383151556
 20
-478.672893280776
 40
 5
  0
CIRCLE
 5
 2689
100
AcDbEntity
  8
Coupe_Sens_Horaire
100
AcDbCircle
 62
93
  6
CONTINUOUS
 10
-510.830383151556
 20
-506.385706201878
 40
 5
  0
CIRCLE
 5
 2690
100
AcDbEntity
  8
Coupe_Sens_Horaire
100
AcDbCircle
 62
93
  6
CONTINUOUS
 10
-510.830383151556
 20
-534.09851912298
 40
 5
  0
CIRCLE
 5
 2691
100
AcDbEntity
  8
Coupe_Sens_Horaire
100
AcDbCircle
 62
93
  6
CONTINUOUS
 10
-510.830383151556
 20
-561.811332044082
 40
 5
  0
CIRCLE
 5
 2692
100
AcDbEntity
  8
Coupe_Sens_Horaire
100
AcDbCircle
 62
93
  6
CONTINUOUS
 10
-510.830383151556
 20
-589.524144965184
 40
 5
  0
CIRCLE
 5
 2693
100
AcDbEntity
  8
Coupe_Sens_Horaire
100
AcDbCircle
 62
93
  6
CONTINUOUS
 10
-510.830383151556
 20
-617.236957886286
 40
 5
  0
CIRCLE
 5
 2694
100
AcDbEntity
  8
Coupe_Sens_Horaire
100
AcDbCircle
 62
93
  6
CONTINUOUS
 10
-510.830383151556
 20
-644.949770807388
 40
 5
  0
CIRCLE
 5
 2695
100
AcDbEntity
  8
Coupe_Sens_Horaire
100
AcDbCircle
 62
93
  6
CONTINUOUS
 10
-526.830383151556
 20
-478.672893453086
 40
 5
  0
CIRCLE
 5
 2696
100
AcDbEntity
  8
Coupe_Sens_Horaire
100
AcDbCircle
 62
93
  6
CONTINUOUS
 10
-526.830383151556
 20
-506.385706374188
 40
 5
  0
CIRCLE
 5
 2697
100
AcDbEntity
  8
Coupe_Sens_Horaire
100
AcDbCircle
 62
93
  6
CONTINUOUS
 10
-526.830383151556
 20
-534.09851929529
 40
 5
  0
CIRCLE
 5
 2698
100
AcDbEntity
  8
Coupe_Sens_Horaire
100
AcDbCircle
 62
93
  6
CONTINUOUS
 10
-526.830383151556
 20
-561.811332216392
 40
 5
  0
CIRCLE
 5
 2699
100
AcDbEntity
  8
Coupe_Sens_Horaire
100
AcDbCircle
 62
93
  6
CONTINUOUS
 10
-526.830383151556
 20
-589.524145137494
 40
 5
  0
CIRCLE
 5
 2700
100
AcDbEntity
  8
Coupe_Sens_Horaire
100
AcDbCircle
 62
93
  6
CONTINUOUS
 10
-526.830383151556
 20
-617.236958058597
 40
 5
  0
CIRCLE
 5
 2701
100
AcDbEntity
  8
Coupe_Sens_Horaire
100
AcDbCircle
 62
93
  6
CONTINUOUS
 10
-526.830383151556
 20
-644.949770979699
 40
 5
  0
CIRCLE
 5
 2702
100
AcDbEntity
  8
Coupe_Sens_Horaire
100
AcDbCircle
 62
93
  6
CONTINUOUS
 10
-542.830383151556
 20
-478.672893625396
 40
 5
  0
CIRCLE
 5
 2703
100
AcDbEntity
  8
Coupe_Sens_Horaire
100
AcDbCircle
 62
93
  6
CONTINUOUS
 10
-542.830383151556
 20
-506.385706546498
 40
 5
  0
CIRCLE
 5
 2704
100
AcDbEntity
  8
Coupe_Sens_Horaire
100
AcDbCircle
 62
93
  6
CONTINUOUS
 10
-542.830383151556
 20
-534.0985194676
 40
 5
  0
CIRCLE
 5
 2705
100
AcDbEntity
  8
Coupe_Sens_Horaire
100
AcDbCircle
 62
93
  6
CONTINUOUS
 10
-542.830383151556
 20
-561.811332388702
 40
 5
  0
CIRCLE
 5
 2706
100
AcDbEntity
  8
Coupe_Sens_Horaire
100
AcDbCircle
 62
93
  6
CONTINUOUS
 10
-542.830383151556
 20
-589.524145309804
 40
 5
  0
CIRCLE
 5
 2707
100
AcDbEntity
  8
Coupe_Sens_Horaire
100
AcDbCircle
 62
93
  6
CONTINUOUS
 10
-542.830383151556
 20
-617.236958230907
 40
 5
  0
CIRCLE
 5
 2708
100
AcDbEntity
  8
Coupe_Sens_Horaire
100
AcDbCircle
 62
93
  6
CONTINUOUS
 10
-542.830383151556
 20
-644.949771152009
 40
 5
  0
CIRCLE
 5
 2709
100
AcDbEntity
  8
Coupe_Sens_Horaire
100
AcDbCircle
 62
93
  6
CONTINUOUS
 10
-558.830383151556
 20
-478.672893797706
 40
 5
  0
CIRCLE
 5
 2710
100
AcDbEntity
  8
Coupe_Sens_Horaire
100
AcDbCircle
 62
93
  6
CONTINUOUS
 10
-558.830383151556
 20
-506.385706718808
 40
 5
  0
CIRCLE
 5
 2711
100
AcDbEntity
  8
Coupe_Sens_Horaire
100
AcDbCircle
 62
93
  6
CONTINUOUS
 10
-558.830383151556
 20
-534.09851963991
 40
 5
  0
CIRCLE
 5
 2712
100
AcDbEntity
  8
Coupe_Sens_Horaire
100
AcDbCircle
 62
93
  6
CONTINUOUS
 10
-558.830383151556
 20
-561.811332561012
 40
 5
  0
CIRCLE
 5
 2713
100
AcDbEntity
  8
Coupe_Sens_Horaire
100
AcDbCircle
 62
93
  6
CONTINUOUS
 10
-558.830383151556
 20
-589.524145482115
 40
 5
  0
CIRCLE
 5
 2714
100
AcDbEntity
  8
Coupe_Sens_Horaire
100
AcDbCircle
 62
93
  6
CONTINUOUS
 10
-558.830383151556
 20
-617.236958403217
 40
 5
  0
CIRCLE
 5
 2715
100
AcDbEntity
  8
Coupe_Sens_Horaire
100
AcDbCircle
 62
93
  6
CONTINUOUS
 10
-558.830383151556
 20
-644.949771324319
 40
 5
  0
CIRCLE
 5
 2716
100
AcDbEntity
  8
Coupe_Sens_Horaire
100
AcDbCircle
 62
93
  6
CONTINUOUS
 10
 17.1696166992192
 20
-478.672887594544
 40
 5
  0
CIRCLE
 5
 2717
100
AcDbEntity
  8
Coupe_Sens_Horaire
100
AcDbCircle
 62
93
  6
CONTINUOUS
 10
 17.1696166992192
 20
-506.385700515646
 40
 5
  0
CIRCLE
 5
 2718
100
AcDbEntity
  8
Coupe_Sens_Horaire
100
AcDbCircle
 62
93
  6
CONTINUOUS
 10
 17.1696166992192
 20
-534.098513436748
 40
 5
  0
CIRCLE
 5
 2719
100
AcDbEntity
  8
Coupe_Sens_Horaire
100
AcDbCircle
 62
93
  6
CONTINUOUS
 10
 17.1696166992192
 20
-561.81132635785
 40
 5
  0
CIRCLE
 5
 2720
100
AcDbEntity
  8
Coupe_Sens_Horaire
100
AcDbCircle
 62
93
  6
CONTINUOUS
 10
 17.1696166992192
 20
-589.524139278952
 40
 5
  0
CIRCLE
 5
 2721
100
AcDbEntity
  8
Coupe_Sens_Horaire
100
AcDbCircle
 62
93
  6
CONTINUOUS
 10
 17.1696166992192
 20
-617.236952200054
 40
 5
  0
CIRCLE
 5
 2722
100
AcDbEntity
  8
Coupe_Sens_Horaire
100
AcDbCircle
 62
93
  6
CONTINUOUS
 10
 17.1696166992192
 20
-644.949765121157
 40
 5
  0
LINE
 5
 2723
100
AcDbEntity
  8
Coupe_Sens_Horaire
100
AcDbLine
 62
93
  6
CONTINUOUS
 10
 629.669616699219
 20
-495.708676338196
 11
 612.169616699219
 21
-495.708676338196
  0
LINE
 5
 2724
100
AcDbEntity
  8
Coupe_Sens_Horaire
100
AcDbLine
 62
93
  6
CONTINUOUS
 10
 609.669616699219
 20
-670.708676338196
 11
 612.169616699219
 21
-670.708676338196
  0
LINE
 5
 2725
100
AcDbEntity
  8
Coupe_Sens_Horaire
100
AcDbLine
 62
93
  6
CONTINUOUS
 10
 612.169616699219
 20
-495.708676338196
 11
 612.169616699219
 21
-670.708676338196
  0
LINE
 5
 2726
100
AcDbEntity
  8
Coupe_Sens_Horaire
100
AcDbLine
 62
93
  6
CONTINUOUS
 10
-575.330383300781
 20
-670.708676338196
 11
-577.830383300781
 21
-670.708676338196
  0
LINE
 5
 2727
100
AcDbEntity
  8
Coupe_Sens_Horaire
100
AcDbLine
 62
93
  6
CONTINUOUS
 10
-595.330383300781
 20
-495.708676338196
 11
-577.830383300781
 21
-495.708676338196
  0
LINE
 5
 2728
100
AcDbEntity
  8
Coupe_Sens_Horaire
100
AcDbLine
 62
93
  6
CONTINUOUS
 10
-577.830383300781
 20
-670.708676338196
 11
-577.830383300781
 21
-495.708676338196
  0
LINE
 5
 2729
100
AcDbEntity
  8
Marquage
100
AcDbLine
 62
1
  6
CONTINUOUS
 10
 579.669616699219
 20
-684.078676223756
 11
 606.669616699219
 21
-684.078676223756
  0
LINE
 5
 2730
100
AcDbEntity
  8
Marquage
100
AcDbLine
 62
1
  6
CONTINUOUS
 10
-542.330383300781
 20
-684.078676223756
 11
-572.330383300781
 21
-684.078676223756
  0
LINE
 5
 2731
100
AcDbEntity
  8
Marquage
100
AcDbLine
 62
1
  6
CONTINUOUS
 10
 599.669616699219
 20
-190.128662109376
 11
 626.669616699219
 21
-190.128662109376
  0
LINE
 5
 2732
100
AcDbEntity
  8
Marquage
100
AcDbLine
 62
1
  6
CONTINUOUS
 10
-562.330383300781
 20
-190.128662109376
 11
-592.330383300781
 21
-190.128662109376
  0
LINE
 5
 2733
100
AcDbEntity
  8
Coupe_Sens_Horaire
100
AcDbLine
 62
93
  6
CONTINUOUS
 10
-575.330383300781
 20
-757.448676109315
 11
 609.669616699219
 21
-757.448676109315
  0
LINE
 5
 2734
100
AcDbEntity
  8
Coupe_Sens_Horaire
100
AcDbLine
 62
93
  6
CONTINUOUS
 10
-595.330383300781
 20
-130.418662071229
 11
 629.669616699219
 21
-130.418662071229
  0
LINE
 5
 2735
100
AcDbEntity
  8
Coupe_Sens_Horaire
100
AcDbLine
 62
93
  6
CONTINUOUS
 10
 629.669616699219
 20
-495.708676338196
 11
 629.669616699219
 21
-130.418662071229
  0
LINE
 5
 2736
100
AcDbEntity
  8
Coupe_Sens_Horaire
100
AcDbLine
 62
93
  6
CONTINUOUS
 10
-595.330383300781
 20
-495.708676338196
 11
-595.330383300781
 21
-130.418662071229
  0
LINE
 5
 2737
100
AcDbEntity
  8
Coupe_Sens_Horaire
100
AcDbLine
 62
93
  6
CONTINUOUS
 10
-575.330383300781
 20
-670.708676338196
 11
-575.330383300781
 21
-757.448676109315
  0
LINE
 5
 2738
100
AcDbEntity
  8
Coupe_Sens_Horaire
100
AcDbLine
 62
93
  6
CONTINUOUS
 10
 609.669616699219
 20
-670.708676338196
 11
 609.669616699219
 21
-757.448676109315
  0
LINE
 5
 2739
100
AcDbEntity
  8
Marquage
100
AcDbLine
 62
1
  6
CONTINUOUS
 10
 297.169616699219
 20
-133.418655395508
 11
 297.169616699219
 21
-160.418655395508
  0
LINE
 5
 2740
100
AcDbEntity
  8
Marquage
100
AcDbLine
 62
1
  6
CONTINUOUS
 10
 297.169616699219
 20
-160.418655395508
 11
 327.169616699219
 21
-160.418655395508
  0
LINE
 5
 2741
100
AcDbEntity
  8
Marquage
100
AcDbLine
 62
1
  6
CONTINUOUS
 10
 327.169616699219
 20
-160.418655395508
 11
 327.169616699219
 21
-133.418655395508
  0
LINE
 5
 2742
100
AcDbEntity
  8
Marquage
100
AcDbLine
 62
1
  6
CONTINUOUS
 10
-292.830383300781
 20
-133.418655395508
 11
-292.830383300781
 21
-160.418655395508
  0
LINE
 5
 2743
100
AcDbEntity
  8
Marquage
100
AcDbLine
 62
1
  6
CONTINUOUS
 10
-292.830383300781
 20
-160.418655395508
 11
-262.830383300781
 21
-160.418655395508
  0
LINE
 5
 2744
100
AcDbEntity
  8
Marquage
100
AcDbLine
 62
1
  6
CONTINUOUS
 10
-262.830383300781
 20
-160.418655395508
 11
-262.830383300781
 21
-133.418655395508
  0
LINE
 5
 2745
100
AcDbEntity
  8
Marquage
100
AcDbLine
 62
1
  6
CONTINUOUS
 10
-275.330383300781
 20
-574.448676109315
 11
-245.330383300781
 21
-574.448676109315
  0
LINE
 5
 2746
100
AcDbEntity
  8
Marquage
100
AcDbLine
 62
1
  6
CONTINUOUS
 10
-245.330383300781
 20
-574.448676109315
 11
-245.330383300781
 21
-580.448676109315
  0
LINE
 5
 2747
100
AcDbEntity
  8
Marquage
100
AcDbLine
 62
1
  6
CONTINUOUS
 10
-245.330383300781
 20
-580.448676109315
 11
-275.330383300781
 21
-580.448676109315
  0
LINE
 5
 2748
100
AcDbEntity
  8
Marquage
100
AcDbLine
 62
1
  6
CONTINUOUS
 10
-275.330383300781
 20
-580.448676109315
 11
-275.330383300781
 21
-574.448676109315
  0
LINE
 5
 2749
100
AcDbEntity
  8
Marquage
100
AcDbLine
 62
1
  6
CONTINUOUS
 10
 279.669616699219
 20
-574.448676109315
 11
 309.669616699219
 21
-574.448676109315
  0
LINE
 5
 2750
100
AcDbEntity
  8
Marquage
100
AcDbLine
 62
1
  6
CONTINUOUS
 10
 309.669616699219
 20
-574.448676109315
 11
 309.669616699219
 21
-580.448676109315
  0
LINE
 5
 2751
100
AcDbEntity
  8
Marquage
100
AcDbLine
 62
1
  6
CONTINUOUS
 10
 309.669616699219
 20
-580.448676109315
 11
 279.669616699219
 21
-580.448676109315
  0
LINE
 5
 2752
100
AcDbEntity
  8
Marquage
100
AcDbLine
 62
1
  6
CONTINUOUS
 10
 279.669616699219
 20
-580.448676109315
 11
 279.669616699219
 21
-574.448676109315
  0
DIMENSION
 5
 2753
100
AcDbEntity
  8
Cotation
100
AcDbDimension
  2
*D0
  3
STANDARD
 10
 17.1696166992189
 20
-35.9341723078587
 11
 17.1696166992189
 21
-35.9341723078587
  70
 32
100
AcDbAlignedDimension
 13
-595.330383300781
 23
-135.418662071229
 14
 629.669616699219
 24
-135.418662071229
100
AcDbRotatedDimension
1001
ACAD
1000
DSTYLE
1002
{
1070
271
1070
 2
1070
272
1070
 2
1002
}
  0
DIMENSION
 5
 2754
100
AcDbEntity
  8
Cotation
100
AcDbDimension
  2
*D1
  3
STANDARD
 10
 17.2257024343527
 20
-864.542835223971
 11
 17.2257024343527
 21
-864.542835223971
  70
 32
100
AcDbAlignedDimension
 13
-575.330383300781
 23
-747.448676109315
 14
 609.669616699219
 24
-747.448676109315
100
AcDbRotatedDimension
1001
ACAD
1000
DSTYLE
1002
{
1070
271
1070
 2
1070
272
1070
 2
1002
}
  0
DIMENSION
 5
 2755
100
AcDbEntity
  8
Cotation
100
AcDbDimension
  2
*D2
  3
STANDARD
 10
-531.353835784022
 20
-393.404096455846
 11
-537.782854021154
 21
-385.07051898675
  70
 35
100
AcDbDiametricDimension
 15
-522.306930519091
 25
-397.664789489545
 13
 0
 23
 0
 14
 0
 24
 0
1001
ACAD
1000
DSTYLE
1002
{
1070
271
1070
 2
1070
272
1070
 2
1002
}
  0
DIMENSION
 5
 2756
100
AcDbEntity
  8
Cotation
100
AcDbDimension
  2
*D3
  3
STANDARD
 10
-474.606789490763
 20
-401.758057535383
 11
-474.606789490763
 21
-401.758057535383
  70
 33
100
AcDbAlignedDimension
 13
-494.830383151556
 23
-395.534443317316
 14
-502.830383300781
 24
-409.390849691712
1001
ACAD
1000
DSTYLE
1002
{
1070
271
1070
 2
1070
272
1070
 2
1002
}
  0
DIMENSION
 5
 2757
100
AcDbEntity
  8
Cotation
100
AcDbDimension
  2
*D4
  3
STANDARD
 10
-514.922411127587
 20
-443.453087346125
 11
-514.922411127587
 21
-443.453087346125
  70
 32
100
AcDbAlignedDimension
 13
-518.830383300781
 23
-409.390849519402
 14
-502.830383300781
 24
-409.390849691712
100
AcDbRotatedDimension
1001
ACAD
1000
DSTYLE
1002
{
1070
271
1070
 2
1070
272
1070
 2
1002
}
  0
DIMENSION
 5
 2758
100
AcDbEntity
  8
Cotation
100
AcDbDimension
  2
*D5
  3
STANDARD
 10
 17.1696166992189
 20
-910.980520879636
 11
 17.1696166992189
 21
-910.980520879636
  70
 32
100
AcDbAlignedDimension
 13
-577.830383300781
 23
-670.708676338196
 14
 612.169616699219
 24
-670.708676338196
100
AcDbRotatedDimension
1001
ACAD
1000
DSTYLE
1002
{
1070
271
1070
 2
1070
272
1070
 2
1002
}
  0
DIMENSION
 5
 2759
100
AcDbEntity
  8
Cotation
100
AcDbDimension
  2
*D6
  3
STANDARD
 10
-574.368676266919
 20
-621.830376164484
 11
-574.368676266919
 21
-621.830376164484
  70
 32
100
AcDbAlignedDimension
 13
-577.830383300781
 23
-670.708676338196
 14
-571.830383300781
 24
-658.806177871025
100
AcDbRotatedDimension
1001
ACAD
1000
DSTYLE
1002
{
1070
271
1070
 2
1070
272
1070
 2
1002
}
  0
DIMENSION
 5
 2760
100
AcDbEntity
  8
Cotation
100
AcDbDimension
  2
*D7
  3
STANDARD
 10
-596.946055443431
 20
-252.112205998468
 11
-596.946055443431
 21
-252.112205998468
  70
 32
100
AcDbAlignedDimension
 13
-595.330383300781
 23
-135.418662071229
 14
-571.830383300781
 24
-215.401158554757
100
AcDbRotatedDimension
1001
ACAD
1000
DSTYLE
1002
{
1070
271
1070
 2
1070
272
1070
 2
1002
}
  0
DIMENSION
 5
 2761
100
AcDbEntity
  8
Cotation
100
AcDbDimension
  2
*D8
  3
STANDARD
 10
-746.906625116457
 20
-443.933669090273
 11
-746.906625116457
 21
-443.933669090273
  70
 32
100
AcDbAlignedDimension
 50
 90.0000000000005
 13
-575.330383300781
 23
-757.448676109315
 14
-595.330383300781
 24
-130.418662071229
100
AcDbRotatedDimension
1001
ACAD
1000
DSTYLE
1002
{
1070
271
1070
 2
1070
272
1070
 2
1002
}
  0
DIMENSION
 5
 2762
100
AcDbEntity
  8
Cotation
100
AcDbDimension
  2
*D9
  3
STANDARD
 10
-690.719667072822
 20
-276.838486755671
 11
-690.719667072822
 21
-276.838486755671
  70
 32
100
AcDbAlignedDimension
 50
 90.0000000000004
 13
-595.330383300781
 23
-495.708676338196
 14
-595.330383300781
 24
-130.418662071229
100
AcDbRotatedDimension
1001
ACAD
1000
DSTYLE
1002
{
1070
271
1070
 2
1070
272
1070
 2
1002
}
  0
DIMENSION
 5
 2763
100
AcDbEntity
  8
Cotation
100
AcDbDimension
  2
*D10
  3
STANDARD
 10
-691.124513264229
 20
-620.897141540828
 11
-691.124513264229
 21
-620.897141540828
  70
 32
100
AcDbAlignedDimension
 50
 90.0000000000004
 13
-575.330383300781
 23
-757.448676109315
 14
-595.330383300781
 24
-495.708676338196
100
AcDbRotatedDimension
1001
ACAD
1000
DSTYLE
1002
{
1070
271
1070
 2
1070
272
1070
 2
1002
}
  0
DIMENSION
 5
 2764
100
AcDbEntity
  8
Cotation
100
AcDbDimension
  2
*D11
  3
STANDARD
 10
-603.919435139229
 20
-713.92198878827
 11
-603.919435139229
 21
-713.92198878827
  70
 32
100
AcDbAlignedDimension
 50
 90.0000000000004
 13
-575.330383300781
 23
-757.448676109315
 14
-572.330383300781
 24
-684.078676223756
100
AcDbRotatedDimension
1001
ACAD
1000
DSTYLE
1002
{
1070
271
1070
 2
1070
272
1070
 2
1002
}
  0
DIMENSION
 5
 2765
100
AcDbEntity
  8
Cotation
100
AcDbDimension
  2
*D12
  3
STANDARD
 10
-622.112855549385
 20
-157.080832782412
 11
-622.112855549385
 21
-157.080832782412
  70
 32
100
AcDbAlignedDimension
 50
 90.0000000000004
 13
-592.330383300781
 23
-190.128662109376
 14
-595.330383300781
 24
-130.418662071229
100
AcDbRotatedDimension
1001
ACAD
1000
DSTYLE
1002
{
1070
271
1070
 2
1070
272
1070
 2
1002
}
  0
DIMENSION
 5
 2766
100
AcDbEntity
  8
Cotation
100
AcDbDimension
  2
*D13
  3
STANDARD
 10
 9.32335875258525
 20
-814.909351337252
 11
 9.32335875258525
 21
-814.909351337252
  70
 32
100
AcDbAlignedDimension
 13
-245.330383300781
 23
-580.448676109315
 14
 279.669616699219
 24
-580.448676109315
100
AcDbRotatedDimension
1001
ACAD
1000
DSTYLE
1002
{
1070
271
1070
 2
1070
272
1070
 2
1002
}
  0
DIMENSION
 5
 2767
100
AcDbEntity
  8
Cotation
100
AcDbDimension
  2
*D14
  3
STANDARD
 10
-409.632438442849
 20
-813.378894794283
 11
-409.632438442849
 21
-813.378894794283
  70
 32
100
AcDbAlignedDimension
 13
-575.330383300781
 23
-757.448676109315
 14
-275.330383300781
 24
-580.448676109315
100
AcDbRotatedDimension
1001
ACAD
1000
DSTYLE
1002
{
1070
271
1070
 2
1070
272
1070
 2
1002
}
  0
DIMENSION
 5
 2768
100
AcDbEntity
  8
Cotation
100
AcDbDimension
  2
*D15
  3
STANDARD
 10
 425.241798617698
 20
-812.733386981783
 11
 425.241798617698
 21
-812.733386981783
  70
 32
100
AcDbAlignedDimension
 13
 309.669616699219
 23
-580.448676109315
 14
 609.669616699219
 24
-757.448676109315
100
AcDbRotatedDimension
1001
ACAD
1000
DSTYLE
1002
{
1070
271
1070
 2
1070
272
1070
 2
1002
}
  0
DIMENSION
 5
 2769
100
AcDbEntity
  8
Cotation
100
AcDbDimension
  2
*D16
  3
STANDARD
 10
-444.016601436659
 20
-93.9361762884237
 11
-444.016601436659
 21
-93.9361762884237
  70
 32
100
AcDbAlignedDimension
 13
-595.330383300781
 23
-130.418662071229
 14
-292.830383300781
 24
-133.418655395508
100
AcDbRotatedDimension
1001
ACAD
1000
DSTYLE
1002
{
1070
271
1070
 2
1070
272
1070
 2
1002
}
  0
DIMENSION
 5
 2770
100
AcDbEntity
  8
Cotation
100
AcDbDimension
  2
*D17
  3
STANDARD
 10
 17.2103062736748
 20
-94.7691154363729
 11
 17.2103062736748
 21
-94.7691154363729
  70
 32
100
AcDbAlignedDimension
 13
-262.830383300781
 23
-133.418655395508
 14
 297.169616699219
 24
-133.418655395508
100
AcDbRotatedDimension
1001
ACAD
1000
DSTYLE
1002
{
1070
271
1070
 2
1070
272
1070
 2
1002
}
  0
DIMENSION
 5
 2771
100
AcDbEntity
  8
Cotation
100
AcDbDimension
  2
*D18
  3
STANDARD
 10
 478.483398563341
 20
-94.9150733831503
 11
 478.483398563341
 21
-94.9150733831503
  70
 32
100
AcDbAlignedDimension
 13
 327.169616699219
 23
-133.418655395508
 14
 629.669616699219
 24
-130.418662071229
100
AcDbRotatedDimension
1001
ACAD
1000
DSTYLE
1002
{
1070
271
1070
 2
1070
272
1070
 2
1002
}
  0
ENDSEC
  0
SECTION
  2
OBJECTS
  0
DICTIONARY
  5
21
100
AcDbDictionary
  3
ACAD_GROUP
350
22
  3
ACAD_MLINESTYLE
350
23
  0
DICTIONARY
  5
22
102
{ACAD_REACTORS
330
21
102
}
100
AcDbDictionary
  0
DICTIONARY
  5
23
102
{ACAD_REACTORS
330
21
102
}
100
AcDbDictionary
  3
STANDARD
350
24
  0
MLINESTYLE
  5
24
102
{ACAD_REACTORS
330
23
102
}
100
AcDbMlineStyle
  2
STANDARD
 70
     0
  3

 62
   256
 51
90.0
 52
90.0
 71
     2
 49
0.5
 62
   256
  6
BYLAYER
 49
-0.5
 62
   256
  6
BYLAYER
  0
ENDSEC
  0
EOF
